date,shadow_nav_index,shadow_daily_return,valid_return,blocker_reason,holdings_count,rebalance_flag
2014-09-01,1.013176088586599,0.013176088586599022,True,,50,True
2014-09-02,1.0314910807701418,0.018076810526680198,True,,50,False
2014-09-03,1.0471604601067837,0.01519099837968807,True,,50,False
2014-09-04,1.049148447739012,0.0018984555929715263,True,,50,False
2014-09-05,1.065760431594388,0.015833778233362406,True,,50,False
2014-09-08,1.0851937316065152,0.01823421046234075,True,,50,False
2014-09-09,1.0881754709167093,0.0027476562233546,True,,50,False
2014-09-10,1.092750911757472,0.004204690294028035,True,,50,False
2014-09-11,1.1122066052412773,0.017804326012883065,True,,50,False
2014-09-12,1.1150353325564564,0.0025433469841382728,True,,50,False
2014-09-15,1.1158779906583187,0.0007557232289046034,True,,50,False
2014-09-16,1.0654884076166131,-0.04515689301478021,True,,50,False
2014-09-17,1.0760910250610054,0.009950945846618042,True,,50,False
2014-09-18,1.1133281158516941,0.034604034346051415,True,,50,False
2014-09-19,1.129454926772014,0.014485227392270428,True,,50,False
2014-09-22,1.127441463483358,-0.001782685825640118,True,,50,False
2014-09-23,1.0988429922515943,-0.02536581468576249,True,,50,False
2014-09-24,1.082461697491108,-0.014907766510773302,True,,50,False
2014-09-25,1.0478095134698986,-0.03201238815334084,True,,50,False
2014-09-26,1.0546729997160345,0.006550318696197932,True,,50,False
2014-09-29,1.0691768167444797,0.013751956324235426,True,,50,False
2014-09-30,1.0752720499962867,0.005700865522286769,True,,50,False
2014-10-01,1.0703783856682414,-0.004551094142233314,True,,49,True
2014-10-07,1.0608909947128848,-0.008863586076089836,True,,49,False
2014-10-08,1.061317695025053,0.0004022093827684703,True,,49,False
2014-10-09,1.085565365372362,0.022846759703499364,True,,49,False
2014-10-10,1.0676418494191606,-0.016510766209875793,True,,49,False
2014-10-13,1.0805118465935326,0.012054601626354078,True,,49,False
2014-10-14,1.080650133833314,0.00012798308525496793,True,,49,False
2014-10-16,1.035156012064038,-0.04209884433909983,True,,49,False
2014-10-17,1.0330512765142978,-0.002033254432385889,True,,49,False
2014-10-20,1.0451000267247956,0.01166326443267418,True,,49,False
2014-10-21,1.0586133039475016,0.012930128099847948,True,,49,False
2014-10-22,1.0725612500196944,0.013175676160673389,True,,49,False
2014-10-23,1.0845948111064856,0.011219462838667926,True,,49,False
2014-10-27,1.076963259152019,-0.007036316121299624,True,,49,False
2014-10-28,1.0809677941622922,0.003718358055618598,True,,49,False
2014-10-29,1.0967461490762147,0.01459650786927491,True,,49,False
2014-10-30,1.107677802454189,0.009967350591731705,True,,49,False
2014-10-31,1.1279494823568015,0.018301061786828443,True,,49,False
2014-11-03,1.1507687625934668,0.020230764403548873,True,,50,True
2014-11-05,1.1618238270160368,0.0096066775375927,True,,50,False
2014-11-07,1.1694234202938005,0.006541089191880456,True,,50,False
2014-11-10,1.1724447176823132,0.002583578656012886,True,,50,False
2014-11-11,1.1823955237852626,0.008487228397958235,True,,50,False
2014-11-12,1.1938866383829774,0.009718503129077849,True,,50,False
2014-11-13,1.1906250090640447,-0.002731942224724393,True,,50,False
2014-11-14,1.1866582943374908,-0.0033316238919524066,True,,50,False
2014-11-17,1.198073267374944,0.009619427169492045,True,,50,False
2014-11-18,1.208308502867744,0.008543079769425255,True,,50,False
2014-11-19,1.198843212593503,-0.007833504648669276,True,,50,False
2014-11-20,1.193196262761044,-0.004710332237893522,True,,50,False
2014-11-21,1.1870967272470816,-0.005111929784164859,True,,50,False
2014-11-24,1.1917788478520495,0.0039441778395141736,True,,50,False
2014-11-25,1.1743031426505552,-0.0146635470439761,True,,50,False
2014-11-26,1.1808109698109024,0.005541863019848714,True,,50,False
2014-11-27,1.1920207217698267,0.009493265429876052,True,,50,False
2014-11-28,1.1940618917941488,0.0017123611922547077,True,,50,False
2014-12-01,1.1836911783161568,-0.008685239474822692,True,,50,True
2014-12-02,1.1955392381041476,0.010009418001108328,True,,50,False
2014-12-03,1.217751058988078,0.01857891416358126,True,,50,False
2014-12-04,1.2216975609175367,0.003240811740897298,True,,50,False
2014-12-05,1.2211200082642661,-0.0004727460148457041,True,,50,False
2014-12-08,1.2052569857730309,-0.012990551611535284,True,,50,False
2014-12-09,1.1847502531153173,-0.017014406802679405,True,,50,False
2014-12-10,1.202802944478977,0.015237550121799837,True,,50,False
2014-12-11,1.1925166896282977,-0.008551903616377476,True,,50,False
2014-12-12,1.1755053885249616,-0.014265042369041026,True,,50,False
2014-12-15,1.1739481882052105,-0.0013247070876510891,True,,50,False
2014-12-16,1.1359207303861807,-0.03239279058573108,True,,50,False
2014-12-17,1.1224888563576894,-0.011824657891334467,True,,50,False
2014-12-18,1.16119722737059,0.034484414516597894,True,,50,False
2014-12-19,1.1684792254582763,0.0062711121901106726,True,,50,False
2014-12-22,1.1704177068416646,0.0016589780469806747,True,,50,False
2014-12-23,1.1649993521983062,-0.004629419575323812,True,,50,False
2014-12-24,1.1683487064237168,0.0028749837663777367,True,,50,False
2014-12-26,1.1679420535012794,-0.0003480578359881248,True,,50,False
2014-12-29,1.1785078297996574,0.009046490163363563,True,,50,False
2014-12-30,1.1860197351102668,0.006374081801294729,True,,50,False
2014-12-31,1.2007562432730445,0.012425179553532173,True,,50,False
2015-01-01,1.208352815724382,0.006326490071482338,True,,50,True
2015-01-02,1.223454072221957,0.012497390084304172,True,,50,False
2015-01-05,1.2277530702983346,0.0035138205626061847,True,,50,False
2015-01-06,1.1866559479183416,-0.033473442970097134,True,,50,False
2015-01-07,1.192584838562318,0.004996301290510319,True,,50,False
2015-01-08,1.2167114068763405,0.02023048384809889,True,,50,False
2015-01-09,1.217084822815216,0.00030690592425219876,True,,50,False
2015-01-12,1.2254928537298964,0.006908336014931127,True,,50,False
2015-01-13,1.227412578821888,0.001566492277901732,True,,50,False
2015-01-14,1.2227656007190768,-0.003785995176350143,True,,50,False
2015-01-15,1.2398629955326208,0.013982561174021857,True,,50,False
2015-01-16,1.2454156403029664,0.004478434141798271,True,,50,False
2015-01-19,1.2550117001040233,0.007705106223591773,True,,50,False
2015-01-20,1.2645774794174551,0.007622063852184668,True,,50,False
2015-01-21,1.2634807565983635,-0.0008672642340561421,True,,50,False
2015-01-22,1.2716299377718594,0.006449786536864899,True,,50,False
2015-01-23,1.2593223237297846,-0.00967861299619932,True,,50,False
2015-01-27,1.2632961984341857,0.003155565997298826,True,,50,False
2015-01-28,1.2716309353820112,0.006597611041778029,True,,50,False
2015-01-29,1.2717338950194164,8.096660323397842e-05,True,,50,False
2015-01-30,1.2671223294715184,-0.0036262032221980878,True,,50,False
2015-02-02,1.2864017173310918,0.015215095978629245,True,,50,True
2015-02-03,1.2794195421819248,-0.005427678659861379,True,,50,False
2015-02-04,1.268225188628522,-0.008749556485835641,True,,50,False
2015-02-05,1.253785676949921,-0.011385605496620266,True,,50,False
2015-02-06,1.2323924887824205,-0.017062874908208903,True,,50,False
2015-02-09,1.2110345686013992,-0.0173304530621754,True,,50,False
2015-02-10,1.2216109206666155,0.008733319708148946,True,,50,False
2015-02-11,1.2473516313333144,0.021071120297985413,True,,50,False
2015-02-12,1.2685048043619558,0.01695846824365832,True,,50,False
2015-02-13,1.274367087648902,0.004621411970051392,True,,50,False
2015-02-16,1.2737440291871682,-0.0004889160021255279,True,,50,False
2015-02-18,1.2869628226536325,0.010377904165642882,True,,50,False
2015-02-19,1.2864024354307009,-0.0004354338859424711,True,,50,False
2015-02-20,1.286251026055917,-0.00011769985085041679,True,,50,False
2015-02-23,1.2782654931169046,-0.006208378284835114,True,,50,False
2015-02-24,1.2679979150469416,-0.00803242998050957,True,,50,False
2015-02-25,1.265777536928597,-0.0017510897234104261,True,,50,False
2015-02-26,1.2494846346368798,-0.012871852925476879,True,,50,False
2015-02-27,1.273571898537811,0.019277759192237953,True,,50,False
2015-02-28,1.2722863467085586,-0.0010094065601858881,True,,50,False
2015-03-02,1.3015216035744444,0.022978519687425925,True,,50,True
2015-03-03,1.3292411470047296,0.021297797404328467,True,,50,False
2015-03-04,1.3110359107311234,-0.013695962026626485,True,,50,False
2015-03-05,1.3239881209602677,0.009879371055458996,True,,50,False
2015-03-09,1.3079617081810655,-0.012104649977960902,True,,50,False
2015-03-10,1.3082225927868087,0.0001994589016722781,True,,50,False
2015-03-11,1.3050701505572246,-0.0024097139485022012,True,,50,False
2015-03-12,1.3191801678463713,0.010811692599912881,True,,50,False
2015-03-13,1.3008065618454723,-0.013928048987345565,True,,50,False
2015-03-16,1.2919038806007763,-0.006843970122710319,True,,50,False
2015-03-17,1.3058925295866628,0.010827933251025934,True,,50,False
2015-03-18,1.3131519279509547,0.005558955426898438,True,,50,False
2015-03-19,1.3041254393089996,-0.006873910360121083,True,,50,False
2015-03-20,1.2751138080857864,-0.022246043477677446,True,,50,False
2015-03-23,1.2619130709850328,-0.010352595209184301,True,,50,False
2015-03-24,1.2595528869906822,-0.0018703221708514794,True,,50,False
2015-03-25,1.2501472822125916,-0.0074674155212032245,True,,50,False
2015-03-26,1.2333846478762145,-0.013408527599011788,True,,50,False
2015-03-27,1.2380026917350162,0.0037442041027133666,True,,50,False
2015-03-30,1.281860478994307,0.0354262454775649,True,,50,False
2015-03-31,1.2923282514451881,0.008166077839527164,True,,50,False
2015-04-01,1.326424107175867,0.02638327815905117,True,,50,True
2015-04-06,1.3553719422831894,0.021823966369969083,True,,50,False
2015-04-07,1.3681723213945949,0.009444181860399636,True,,50,False
2015-04-08,1.3912594474769733,0.016874428550670784,True,,50,False
2015-04-09,1.3954213449337567,0.0029914603378478066,True,,50,False
2015-04-10,1.4015173645814403,0.004368587072152819,True,,50,False
2015-04-13,1.3982440825758584,-0.0023355272566026875,True,,50,False
2015-04-15,1.3862530015434562,-0.008575813895319473,True,,50,False
2015-04-16,1.365289982195037,-0.0151220731894387,True,,50,False
2015-04-17,1.343969464468548,-0.015616109401323741,True,,50,False
2015-04-20,1.3127458336132845,-0.0232323960333507,True,,50,False
2015-04-21,1.313831006496946,0.0008266435557253704,True,,50,False
2015-04-22,1.3138555954214948,1.8715439373151455e-05,True,,50,False
2015-04-23,1.3146914660390534,0.0006361967178671879,True,,50,False
2015-04-24,1.2649955825413233,-0.037800415368524076,True,,50,False
2015-04-27,1.219001347919924,-0.03635920572070206,True,,50,False
2015-04-28,1.2390290936091188,0.01642963375173445,True,,50,False
2015-04-29,1.2596752389613235,0.016663164294282495,True,,50,False
2015-04-30,1.2629695740967652,0.002615225761012807,True,,50,False
2015-05-04,1.2873504073770283,0.019304371047655255,True,,50,True
2015-05-05,1.2911295084327463,0.0029355651997018395,True,,50,False
2015-05-06,1.2437119876548224,-0.03672561154262699,True,,50,False
2015-05-07,1.2154261085408757,-0.02274311045862254,True,,50,False
2015-05-08,1.2360429173536096,0.01696261802166199,True,,50,False
2015-05-11,1.257265845029565,0.017170057267424044,True,,50,False
2015-05-12,1.231799370256279,-0.020255441499476334,True,,50,False
2015-05-13,1.250951552028372,0.015548134082994602,True,,50,False
2015-05-14,1.2620839183205614,0.008899118654226656,True,,50,False
2015-05-15,1.2706946654538762,0.006822642304778803,True,,50,False
2015-05-18,1.2857362849840208,0.01183732012030747,True,,50,False
2015-05-19,1.2937579495183977,0.006238965663535545,True,,50,False
2015-05-20,1.2911859187215935,-0.0019880309123987416,True,,50,False
2015-05-21,1.2873275253997416,-0.002988255421552344,True,,50,False
2015-05-22,1.2912529202160403,0.0030492588240742524,True,,50,False
2015-05-25,1.2862233604455398,-0.003895100403458529,True,,50,False
2015-05-26,1.2803373798873483,-0.004576172956579305,True,,50,False
2015-05-27,1.2728505761215192,-0.005847524163113849,True,,50,False
2015-05-28,1.2701719064516335,-0.0021044651431496586,True,,50,False
2015-05-29,1.3027199805436465,0.025624936220593586,True,,50,False
2015-06-01,1.2971828963374188,-0.004250402457108948,True,,50,True
2015-06-02,1.2636868772557104,-0.02582212514232496,True,,50,False
2015-06-03,1.2348395008079351,-0.022827946516641662,True,,50,False
2015-06-04,1.2349687365307425,0.00010465791118829948,True,,50,False
2015-06-05,1.2419362478560945,0.005641852396138347,True,,50,False
2015-06-08,1.2230770055648854,-0.015185354581416788,True,,50,False
2015-06-09,1.21389122970707,-0.007510382270307536,True,,50,False
2015-06-10,1.232177002105516,0.015063765147111718,True,,50,False
2015-06-11,1.2098339473119808,-0.018132991246676333,True,,50,False
2015-06-12,1.2011366369651932,-0.007188846342187083,True,,50,False
2015-06-15,1.205658227564297,0.0037644265106493435,True,,50,False
2015-06-16,1.2132873894578082,0.0063277981430307495,True,,50,False
2015-06-17,1.2350984960255678,0.017976867440703037,True,,50,False
2015-06-18,1.2519823462956445,0.013670043583088765,True,,50,False
2015-06-19,1.2573528924288944,0.004289634074426285,True,,50,False
2015-06-22,1.2793919817082018,0.017528165252583383,True,,50,False
2015-06-23,1.2793105266411038,-6.366701391180563e-05,True,,50,False
2015-06-24,1.2695227335554462,-0.007650834478284074,True,,50,False
2015-06-25,1.2765788726113547,0.005558103741984288,True,,50,False
2015-06-26,1.28294768014904,0.004988965174284488,True,,50,False
2015-06-29,1.2613088923845608,-0.01686646158631,True,,50,False
2015-06-30,1.2829636163295837,0.017168454195295224,True,,50,False
2015-07-01,1.3035481132416473,0.016044489999610168,True,,50,True
2015-07-02,1.320073000762521,0.012676852778206849,True,,50,False
2015-07-03,1.317090728070779,-0.002259172553350619,True,,50,False
2015-07-06,1.3384575561950716,0.016222745835884567,True,,50,False
2015-07-07,1.3454133191912367,0.005196849884383958,True,,50,False
2015-07-08,1.3302463670770628,-0.01127308009949779,True,,50,False
2015-07-09,1.3272192122568518,-0.002275634720854347,True,,50,False
2015-07-10,1.3381189475076158,0.00821246042108581,True,,50,False
2015-07-13,1.3524598729108757,0.010717227664978068,True,,50,False
2015-07-14,1.3640862922309467,0.008596498537917885,True,,50,False
2015-07-15,1.3765745164928103,0.009155010451310508,True,,50,False
2015-07-16,1.3899189711979179,0.009693957388595464,True,,50,False
2015-07-17,1.3991724009107072,0.0066575317731034644,True,,50,False
2015-07-20,1.4025004076026832,0.0023785537006089097,True,,50,False
2015-07-21,1.3711924885120004,-0.02232293047543421,True,,50,False
2015-07-22,1.3795288526275535,0.006079645407480072,True,,50,False
2015-07-23,1.3762070117566028,-0.002407953167941179,True,,50,False
2015-07-24,1.3717703808817097,-0.003223810689083839,True,,50,False
2015-07-27,1.3589642403901472,-0.009335484035842279,True,,50,False
2015-07-28,1.3699715791526892,0.008099800153226866,True,,50,False
2015-07-29,1.3807624940933243,0.007876743652820206,True,,50,False
2015-07-30,1.403311303945063,0.016330694053610983,True,,50,False
2015-07-31,1.4109222787278404,0.0054235826087774,True,,50,False
2015-08-03,1.4205770962586244,0.00684291238174306,True,,50,True
2015-08-04,1.4336331027199087,0.009190635619615417,True,,50,False
2015-08-05,1.4480104571678372,0.01002861500662311,True,,50,False
2015-08-06,1.434274283621471,-0.009486239190035106,True,,50,False
2015-08-07,1.4345090021544227,0.00016364968376825217,True,,50,False
2015-08-10,1.4317202654142942,-0.0019440357194971947,True,,50,False
2015-08-11,1.4195862568524755,-0.00847512524264471,True,,50,False
2015-08-12,1.3907454665548162,-0.020316335240949335,True,,50,False
2015-08-13,1.3794538320464649,-0.00811912372169954,True,,50,False
2015-08-14,1.4013865693098129,0.015899580510650324,True,,50,False
2015-08-17,1.4080419674335178,0.004749152210715701,True,,50,False
2015-08-18,1.4312498036628507,0.01648234695137285,True,,50,False
2015-08-19,1.4355020946514303,0.002971033412683788,True,,50,False
2015-08-20,1.4123441852728074,-0.016132271394731834,True,,50,False
2015-08-21,1.3736012167592422,-0.02743167629927379,True,,50,False
2015-08-24,1.2279877587146182,-0.10600853891799256,True,,50,False
2015-08-25,1.254543718427222,0.021625589932916744,True,,50,False
2015-08-26,1.2545243376071902,-1.5448501114012636e-05,True,,50,False
2015-08-27,1.2869739578976476,0.025866074748577716,True,,50,False
2015-08-28,1.2912673023312489,0.0033359994639010626,True,,50,False
2015-08-31,1.2931448570261257,0.00145404029939189,True,,50,False
2015-09-01,1.263553449807582,-0.022883288796118118,True,,50,True
2015-09-02,1.2674737114859478,0.0031025689328478823,True,,50,False
2015-09-03,1.2838758604611413,0.012940819858081376,True,,50,False
2015-09-04,1.2436681340985667,-0.0313174564619767,True,,50,False
2015-09-07,1.209340347243228,-0.027602047454741707,True,,50,False
2015-09-08,1.2190890642467926,0.008061185608987165,True,,50,False
2015-09-09,1.2466805538235555,0.022632874320638763,True,,50,False
2015-09-10,1.2469758767437595,0.00023688740415361842,True,,50,False
2015-09-11,1.2605324341674697,0.010871547458568775,True,,50,False
2015-09-14,1.2690580373199285,0.006763493680422172,True,,50,False
2015-09-15,1.2611820912847607,-0.006206135419780101,True,,50,False
2015-09-16,1.248247070730734,-0.010256267230094984,True,,50,False
2015-09-18,1.2521044521619191,0.0030902387208702198,True,,50,False
2015-09-21,1.2654036339892745,0.010621463572302314,True,,50,False
2015-09-22,1.2560196059308955,-0.007415837766164168,True,,50,False
2015-09-23,1.26937043924737,0.010629478436030793,True,,50,False
2015-09-24,1.278138651272006,0.006907528136416152,True,,50,False
2015-09-28,1.2800177150375789,0.0014701564370209752,True,,50,False
2015-09-29,1.2814130041880252,0.001090054562569387,True,,50,False
2015-09-30,1.3051452630988194,0.018520382447525074,True,,50,False
2015-10-01,1.3052771170642874,0.00010102627592201152,True,,50,True
2015-10-05,1.328673298429801,0.01792430209619722,True,,50,False
2015-10-06,1.3364060157626674,0.005819878627804531,True,,50,False
2015-10-07,1.3329568283328308,-0.002580942759276783,True,,50,False
2015-10-08,1.324242841816568,-0.006537335891937168,True,,50,False
2015-10-09,1.3212447904924567,-0.002263973970211164,True,,50,False
2015-10-12,1.3183488874975957,-0.002191798988120608,True,,50,False
2015-10-13,1.3151140996766955,-0.0024536659844575093,True,,50,False
2015-10-14,1.3174555985610503,0.0017804530306004818,True,,50,False
2015-10-15,1.3199460818635242,0.0018903736150153172,True,,50,False
2015-10-16,1.3158270729613368,-0.0031205887564529355,True,,50,False
2015-10-19,1.329921767577749,0.010711661817909945,True,,50,False
2015-10-20,1.340071051675349,0.007631489569559502,True,,50,False
2015-10-21,1.341714904143591,0.0012266905297200204,True,,50,False
2015-10-23,1.3403483403210934,-0.001018520267068057,True,,50,False
2015-10-26,1.3355490723694463,-0.0035806124477293366,True,,50,False
2015-10-27,1.332976794878924,-0.0019260074704396946,True,,50,False
2015-10-28,1.3273578128078998,-0.004215363757727353,True,,50,False
2015-10-29,1.320370848370868,-0.005263813848544352,True,,50,False
2015-10-30,1.304381840697632,-0.012109482493470658,True,,50,False
2015-11-02,1.300838442013875,-0.0027165348161101166,True,,50,True
2015-11-03,1.307308847190333,0.004974026725748315,True,,50,False
2015-11-04,1.307194029023248,-8.782788193595348e-05,True,,50,False
2015-11-05,1.2847805738839286,-0.017146234332226062,True,,50,False
2015-11-06,1.2780159716721968,-0.00526518095715145,True,,50,False
2015-11-09,1.2910158183315903,0.010171896867911645,True,,50,False
2015-11-10,1.2767069767792565,-0.01108339754568266,True,,50,False
2015-11-11,1.2926792693724314,0.012510539132063236,True,,50,False
2015-11-13,1.2749661667320258,-0.013702627604606832,True,,50,False
2015-11-16,1.2737647623473585,-0.0009423029536123062,True,,50,False
2015-11-17,1.272069495557642,-0.0013309104159801022,True,,50,False
2015-11-18,1.2649467644370416,-0.0055993254656876434,True,,50,False
2015-11-19,1.2792500057641634,0.011307385993818864,True,,50,False
2015-11-20,1.2898093829677406,0.00825434993628904,True,,50,False
2015-11-23,1.2995384599305737,0.007543034723818787,True,,50,False
2015-11-24,1.3006461403583587,0.000852364483190593,True,,50,False
2015-11-26,1.297726799430933,-0.0022445312655303695,True,,50,False
2015-11-27,1.3005663928398041,0.002188128818882751,True,,50,False
2015-11-30,1.3055686937102942,0.003846247987053797,True,,50,False
2015-12-01,1.3196035606019116,0.010750002630449007,True,,50,True
2015-12-02,1.3206037369605552,0.0007579369960075688,True,,50,False
2015-12-03,1.3144181952127487,-0.004683874181700354,True,,50,False
2015-12-04,1.305705560554309,-0.006628510385942588,True,,50,False
2015-12-07,1.3047485359094968,-0.0007329559387079243,True,,50,False
2015-12-08,1.2890552636516397,-0.012027813655999142,True,,50,False
2015-12-09,1.2566927617466153,-0.025105596957377796,True,,50,False
2015-12-10,1.2742916971279126,0.014004167062152462,True,,50,False
2015-12-11,1.2609459462851187,-0.010473073687032097,True,,50,False
2015-12-14,1.2669786346697174,0.004784256139108711,True,,50,False
2015-12-15,1.2743021434341986,0.005780293814023452,True,,50,False
2015-12-16,1.28040288025289,0.004787512012065065,True,,50,False
2015-12-17,1.3089336045189923,0.022282614875458018,True,,50,False
2015-12-18,1.3079320886909918,-0.0007651387545883903,True,,50,False
2015-12-21,1.3179825029759007,0.0076842019335787715,True,,50,False
2015-12-22,1.319753646434872,0.001343829265542107,True,,50,False
2015-12-23,1.3265511987026861,0.0051506220772161715,True,,50,False
2015-12-24,1.33787993027944,0.008539988194826487,True,,50,False
2015-12-28,1.3423874782384355,0.003369172267988274,True,,50,False
2015-12-29,1.3361976495712027,-0.004611059599092471,True,,50,False
2015-12-30,1.338839344496498,0.0019770240773460124,True,,50,False
2015-12-31,1.3436516225635469,0.003594365587499704,True,,50,False
2016-01-01,1.3512966041184193,0.00568970514863576,True,,50,True
2016-01-04,1.3341452744891569,-0.012692498136226638,True,,50,False
2016-01-05,1.344407221213444,0.007691776091037994,True,,50,False
2016-01-06,1.3439769503635592,-0.00032004503032667664,True,,50,False
2016-01-07,1.302262527990212,-0.03103804895021678,True,,50,False
2016-01-08,1.3259804744790682,0.01821287642013325,True,,50,False
2016-01-11,1.3159550577148207,-0.0075607574600117244,True,,50,False
2016-01-12,1.307683099563303,-0.006285897153571529,True,,50,False
2016-01-13,1.269330247179843,-0.0293288583421073,True,,50,False
2016-01-14,1.2524346899584264,-0.013310607904408411,True,,50,False
2016-01-15,1.2039363195345056,-0.03872327300797673,True,,50,False
2016-01-18,1.130673518742007,-0.06085272086552329,True,,50,False
2016-01-19,1.1554964429319898,0.02195410414988852,True,,50,False
2016-01-20,1.1318478905035434,-0.020466140396278476,True,,50,False
2016-01-21,1.1481769838164861,0.014426932673504478,True,,50,False
2016-01-22,1.174061126215256,0.022543686873718993,True,,50,False
2016-01-25,1.183108666043396,0.007706191463221268,True,,50,False
2016-01-27,1.1878316511735778,0.003992012961900215,True,,50,False
2016-01-28,1.1926929530102484,0.004092584864082038,True,,50,False
2016-01-29,1.2122451248622326,0.01639329871333306,True,,50,False
2016-02-01,1.2201139822508351,0.006491143768878382,True,,50,True
2016-02-02,1.1949642331780244,-0.020612622622695587,True,,50,False
2016-02-03,1.1672154325280995,-0.02322144870907694,True,,50,False
2016-02-04,1.1562600858572587,-0.009385882302046289,True,,50,False
2016-02-05,1.1782319430500399,0.01900252154470161,True,,50,False
2016-02-08,1.1794262330123382,0.0010136289118141129,True,,50,False
2016-02-09,1.1596846222423198,-0.016738317511894585,True,,50,False
2016-02-10,1.1356966832276043,-0.020684881522644805,True,,50,False
2016-02-11,1.062165798240582,-0.06474517894870524,True,,50,False
2016-02-12,1.0521219743753139,-0.009455985009030887,True,,50,False
2016-02-15,1.096631269865956,0.042304311263025474,True,,50,False
2016-02-16,1.0673637668152764,-0.02668855417031557,True,,50,False
2016-02-17,1.0786872502481726,0.010608832513288702,True,,50,False
2016-02-18,1.0851030085771944,0.005947746510905461,True,,50,False
2016-02-19,1.0860972782780556,0.0009162906129667192,True,,50,False
2016-02-22,1.0909802588156294,0.004495896118362097,True,,50,False
2016-02-23,1.0773359655796884,-0.01250645291304664,True,,50,False
2016-02-24,1.0588528154245056,-0.01715634745864758,True,,50,False
2016-02-25,1.0551304947939981,-0.0035154278066636957,True,,50,False
2016-02-26,1.0432585183036827,-0.011251666546357675,True,,50,False
2016-02-29,1.0412745839696036,-0.0019016708699439722,True,,50,False
2016-03-01,1.0836039045188335,0.040651448907798926,True,,50,True
2016-03-02,1.104714949490474,0.019482252586580318,True,,50,False
2016-03-03,1.1213397786681747,0.015048976376547119,True,,50,False
2016-03-04,1.128313592432977,0.006219179857406942,True,,50,False
2016-03-08,1.1324310935393562,0.0036492524188249664,True,,50,False
2016-03-09,1.1367794246708456,0.0038398196201931967,True,,50,False
2016-03-10,1.135634496838675,-0.001007167975882517,True,,50,False
2016-03-11,1.1395022370397023,0.0034057966817617746,True,,50,False
2016-03-14,1.1470094158024566,0.00658812112756979,True,,50,False
2016-03-15,1.1384272959343968,-0.007482170372643093,True,,50,False
2016-03-16,1.133494556394578,-0.004332942083728031,True,,50,False
2016-03-17,1.1352416997421055,0.0015413778016586388,True,,50,False
2016-03-18,1.142393433252413,0.00629974525418886,True,,50,False
2016-03-21,1.130461418283402,-0.010444751012827824,True,,50,False
2016-03-22,1.1243150786667429,-0.005437018475157207,True,,50,False
2016-03-23,1.1277170660011142,0.0030258309249089343,True,,50,False
2016-03-28,1.105159812036299,-0.020002582779742095,True,,50,False
2016-03-29,1.107989420820416,0.0025603616357559034,True,,50,False
2016-03-30,1.127381762507495,0.01750228054769698,True,,50,False
2016-03-31,1.128106089707846,0.0006424861785416791,True,,50,False
2016-04-01,1.1367239157832454,0.00763919825805659,True,,50,True
2016-04-04,1.1439221516864315,0.006332439920758048,True,,50,False
2016-04-05,1.1292559291551274,-0.012820997049215577,True,,50,False
2016-04-06,1.1406105488790577,0.010054956924091973,True,,50,False
2016-04-07,1.1320649504679674,-0.007492126405010513,True,,50,False
2016-04-08,1.142384940959503,0.009116076323420819,True,,50,False
2016-04-11,1.1559917717111925,0.01191089821287461,True,,50,False
2016-04-12,1.1677287275294406,0.010153148236405007,True,,50,False
2016-04-13,1.1807187418979048,0.011124171275590067,True,,50,False
2016-04-18,1.1987413858687312,0.015264129662121428,True,,50,False
2016-04-20,1.2028274850191123,0.003408657779359059,True,,50,False
2016-04-21,1.1951624162491674,-0.006372542085553601,True,,50,False
2016-04-22,1.191769068646509,-0.0028392355352906407,True,,50,False
2016-04-25,1.189533349420797,-0.001875966816500152,True,,50,False
2016-04-26,1.1939053225791272,0.0036753682950201316,True,,50,False
2016-04-27,1.1972603916435902,0.0028101634200066172,True,,50,False
2016-04-28,1.1796523621467618,-0.014706933946638134,True,,50,False
2016-04-29,1.183621076568562,0.0033643084599752626,True,,50,False
2016-05-02,1.1927608953146431,0.007721912803866582,True,,49,True
2016-05-03,1.1886349952680981,-0.0034591174666709357,True,,49,False
2016-05-04,1.1735260404449175,-0.012711181214863032,True,,49,False
2016-05-05,1.1743152350787542,0.0006724986124189147,True,,49,False
2016-05-06,1.1727270253654825,-0.001352456023586579,True,,49,False
2016-05-09,1.1877060137300361,0.012772783470122118,True,,49,False
2016-05-10,1.1844043990474586,-0.002779824842520262,True,,49,False
2016-05-11,1.1836912992744373,-0.0006020745731735166,True,,49,False
2016-05-12,1.1964583747344928,0.01078581507516474,True,,49,False
2016-05-13,1.1893200951466714,-0.005966174618824871,True,,49,False
2016-05-16,1.1905412007231064,0.001026725758202618,True,,49,False
2016-05-17,1.1917658718793342,0.001028667597126498,True,,49,False
2016-05-18,1.1947928096727711,0.0025398762163439947,True,,49,False
2016-05-19,1.1719105530413192,-0.01915165244233341,True,,49,False
2016-05-20,1.1581349272471386,-0.011754844052244695,True,,49,False
2016-05-23,1.1504480630625724,-0.006637278613846553,True,,49,False
2016-05-24,1.1366200128201083,-0.012019708395747064,True,,49,False
2016-05-25,1.1439065758674773,0.006410729148864869,True,,49,False
2016-05-26,1.1530746262231442,0.008014684545994744,True,,49,False
2016-05-27,1.1655522340411257,0.01082116242454445,True,,49,False
2016-05-30,1.1717166888712551,0.005288870502831333,True,,49,False
2016-05-31,1.1728380876068831,0.0009570562118632608,True,,49,False
2016-06-01,1.1760085427031908,0.0027032334043455286,True,,50,True
2016-06-02,1.1750029061681144,-0.000855126896242453,True,,50,False
2016-06-03,1.1646798409047685,-0.008785565728523292,True,,50,False
2016-06-06,1.166832875663758,0.0018486065297713683,True,,50,False
2016-06-07,1.176394761148246,0.008194734382204194,True,,50,False
2016-06-08,1.178979082413871,0.0021968146671298427,True,,50,False
2016-06-09,1.176206826506594,-0.0023514038108302104,True,,50,False
2016-06-10,1.1739055501353404,-0.001956523563197199,True,,50,False
2016-06-13,1.1738626508319046,-3.6544084343836936e-05,True,,50,False
2016-06-14,1.1758289222289613,0.0016750438355486175,True,,50,False
2016-06-15,1.1825204668703329,0.005690916862877149,True,,50,False
2016-06-16,1.1746672172477142,-0.006641110951257523,True,,50,False
2016-06-17,1.1791528657642327,0.003818654722508308,True,,50,False
2016-06-20,1.1829010293063222,0.0031786917972338458,True,,50,False
2016-06-21,1.1844686744143016,0.0013252546655562192,True,,50,False
2016-06-22,1.1811659333040696,-0.0027883735396084797,True,,50,False
2016-06-23,1.1759688212598929,-0.004399984708023941,True,,50,False
2016-06-24,1.1528753710036663,-0.019637808280907554,True,,50,False
2016-06-27,1.1798585974600018,0.023405154741786616,True,,50,False
2016-06-28,1.1926848671372878,0.010871022769083138,True,,50,False
2016-06-29,1.2078151699473523,0.01268591832340471,True,,50,False
2016-06-30,1.2170704676211654,0.007662842713108686,True,,50,False
2016-07-01,1.2229872853189003,0.004861524336630785,True,,50,True
2016-07-04,1.2375650543743963,0.011919804261656619,True,,50,False
2016-07-05,1.2328814279981866,-0.003784549636121848,True,,50,False
2016-07-07,1.2337591815126676,0.0007119529052410645,True,,50,False
2016-07-08,1.2342672115707765,0.00041177408502512947,True,,50,False
2016-07-11,1.2416125611962836,0.005951182658542109,True,,50,False
2016-07-12,1.2391323471109288,-0.0019975748980545216,True,,50,False
2016-07-13,1.2321508790236892,-0.005634158533200262,True,,50,False
2016-07-14,1.2393792943560957,0.005866501785994016,True,,50,False
2016-07-15,1.2327788579692016,-0.005325598399901654,True,,50,False
2016-07-18,1.2251312152258753,-0.006203580385799712,True,,50,False
2016-07-19,1.225638652583341,0.00041419021175781445,True,,50,False
2016-07-20,1.2430163244614987,0.014178462666406544,True,,50,False
2016-07-21,1.2468125983249696,0.0030540820653466305,True,,50,False
2016-07-22,1.2564950458271205,0.007765760079067707,True,,50,False
2016-07-25,1.265397070092972,0.007084806498374618,True,,50,False
2016-07-26,1.2604798424128716,-0.003885916757922603,True,,50,False
2016-07-27,1.269375502548743,0.007057360091410114,True,,50,False
2016-07-28,1.2773587260663546,0.006289095308348314,True,,50,False
2016-07-29,1.2795801535149252,0.0017390787750057868,True,,50,False
2016-08-01,1.2849503101828335,0.004196811472229278,True,,50,True
2016-08-02,1.2746164419122477,-0.00804223181915531,True,,50,False
2016-08-03,1.2540658177131834,-0.01612298690281533,True,,50,False
2016-08-04,1.2599295438521432,0.004675772241087284,True,,50,False
2016-08-05,1.2827943074618369,0.018147652558242466,True,,50,False
2016-08-08,1.2906958080125392,0.006159600572547275,True,,50,False
2016-08-09,1.2803966541996028,-0.0079795361145516,True,,50,False
2016-08-10,1.2666740797863152,-0.010717440074744511,True,,50,False
2016-08-11,1.2655232845765856,-0.0009085172169337463,True,,50,False
2016-08-12,1.2664845516449224,0.0007595807047189318,True,,50,False
2016-08-16,1.2669949107175824,0.0004029729948125116,True,,50,False
2016-08-17,1.2738968856441304,0.0054475159041000865,True,,50,False
2016-08-18,1.291317757358699,0.013675260463298589,True,,50,False
2016-08-19,1.2985943986500068,0.005635050900401062,True,,50,False
2016-08-22,1.3003204609185626,0.0013291773554160446,True,,50,False
2016-08-23,1.3043673974647807,0.0031122609140206148,True,,50,False
2016-08-24,1.3101376294089881,0.004423778112993881,True,,50,False
2016-08-25,1.3030356636930767,-0.00542077836441901,True,,50,False
2016-08-26,1.3018588168474425,-0.0009031578171073695,True,,50,False
2016-08-29,1.3027229113175767,0.0006637390006902777,True,,50,False
2016-08-30,1.3160760258500956,0.010250157125903048,True,,50,False
2016-08-31,1.3241138444584717,0.006107412072326346,True,,50,False
2016-09-01,1.312011622116726,-0.009139865421991189,True,,50,True
2016-09-02,1.3147222981685953,0.0020660457622290185,True,,50,False
2016-09-06,1.3359868497863794,0.016174177350916974,True,,50,False
2016-09-07,1.334470351662404,-0.0011351145591126377,True,,50,False
2016-09-08,1.3487400381371668,0.010693146128714304,True,,50,False
2016-09-09,1.333032412497187,-0.01164614766065264,True,,50,False
2016-09-12,1.2887457283905288,-0.03322251108935559,True,,50,False
2016-09-14,1.301273993910335,0.009721285777181565,True,,50,False
2016-09-15,1.3023964979160922,0.0008626192569822777,True,,50,False
2016-09-16,1.3057363854010928,0.0025644168195664285,True,,50,False
2016-09-19,1.3126435672792045,0.005289874706210229,True,,50,False
2016-09-20,1.3078935023302143,-0.003618701273824021,True,,50,False
2016-09-21,1.3123605263607938,0.003415434072132628,True,,50,False
2016-09-22,1.335246943944192,0.017439123719198424,True,,50,False
2016-09-23,1.3319815649827105,-0.002445524385051967,True,,50,False
2016-09-26,1.3215816726265166,-0.007807835055381518,True,,50,False
2016-09-27,1.3192978646833868,-0.0017280868753203338,True,,50,False
2016-09-28,1.33026253061834,0.008310985887621802,True,,50,False
2016-09-29,1.2698140344288826,-0.04544102746497669,True,,50,False
2016-09-30,1.2962894337063162,0.020849824115655835,True,,50,False
2016-10-03,1.3361664234969537,0.03076241212321107,True,,49,True
2016-10-04,1.3476777321552358,0.008615175816314213,True,,49,False
2016-10-05,1.3504013648503261,0.0020209821904044745,True,,49,False
2016-10-06,1.3442633960631325,-0.00454529219753419,True,,49,False
2016-10-07,1.3517732367095128,0.005586584197988298,True,,49,False
2016-10-10,1.3507219835510413,-0.000777684547913049,True,,49,False
2016-10-13,1.3311554123932128,-0.014486009257351551,True,,49,False
2016-10-14,1.3433229521660297,0.009140585433928816,True,,49,False
2016-10-17,1.3336118966880688,-0.007229129422900438,True,,49,False
2016-10-18,1.3503852213906595,0.012577365832028065,True,,49,False
2016-10-19,1.3578055135898233,0.005494944762148846,True,,49,False
2016-10-20,1.3749609834834848,0.012634703366541267,True,,49,False
2016-10-21,1.3756918685585993,0.0005315678654842504,True,,49,False
2016-10-24,1.3853824180398666,0.007044127905924791,True,,49,False
2016-10-25,1.3850723819035886,-0.0002237910141206223,True,,49,False
2016-10-26,1.371265922439976,-0.009968041846764475,True,,49,False
2016-10-27,1.3599191897018372,-0.008274640645884901,True,,49,False
2016-10-28,1.3702311540237804,0.007582777270908281,True,,49,False
2016-10-30,1.3763758340171832,0.004484411243576458,True,,49,False
2016-11-01,1.3787692693912434,0.0017389402769987239,True,,49,True
2016-11-02,1.3518593023651462,-0.019517382366651237,True,,49,False
2016-11-03,1.3393065993716664,-0.009285509942875136,True,,49,False
2016-11-04,1.310736503744697,-0.021332005412631472,True,,49,False
2016-11-07,1.3307263116753423,0.015250821102132717,True,,49,False
2016-11-08,1.3367126322820342,0.004498536291174249,True,,49,False
2016-11-09,1.2935068817391044,-0.03232239263660508,True,,49,False
2016-11-10,1.3117513670283052,0.014104668128762654,True,,49,False
2016-11-11,1.2493823459364062,-0.04754637400012196,True,,49,False
2016-11-15,1.1728038245267969,-0.06129310347523287,True,,49,False
2016-11-16,1.1785362594107838,0.0048878037094566285,True,,49,False
2016-11-17,1.1770212616659899,-0.0012854909916402146,True,,49,False
2016-11-18,1.180830161784959,0.003236050395196699,True,,49,False
2016-11-21,1.1336008437711451,-0.039996707013666866,True,,49,False
2016-11-22,1.1570768930138213,0.020709272908247423,True,,49,False
2016-11-23,1.1852117720043467,0.024315479083885982,True,,49,False
2016-11-24,1.184244761811924,-0.0008158965471523061,True,,49,False
2016-11-25,1.2079718298489324,0.020035611557787547,True,,49,False
2016-11-28,1.2229127345513409,0.012368587025971545,True,,49,False
2016-11-29,1.2364794485583321,0.011093771144650377,True,,49,False
2016-11-30,1.2474379911715059,0.008862696930346026,True,,49,False
2016-12-01,1.2335707275669932,-0.011116595536335705,True,,50,True
2016-12-02,1.208323248505531,-0.02046698944555725,True,,50,False
2016-12-05,1.2097383528620964,0.0011711306211441563,True,,50,False
2016-12-06,1.2181864189479827,0.0069833828661372,True,,50,False
2016-12-07,1.2149264637294366,-0.002676072535237606,True,,50,False
2016-12-08,1.2361383591717288,0.017459406865810267,True,,50,False
2016-12-09,1.236936268727392,0.0006454856365736283,True,,50,False
2016-12-12,1.217677222563668,-0.015569958332241618,True,,50,False
2016-12-13,1.205249592549097,-0.010206013370609224,True,,50,False
2016-12-14,1.1909654060722035,-0.011851641821908787,True,,50,False
2016-12-15,1.1912247510896568,0.00021776032799181166,True,,50,False
2016-12-16,1.187798384795795,-0.002876339070966738,True,,50,False
2016-12-19,1.175057996729355,-0.010726052695070987,True,,50,False
2016-12-20,1.1643301607973122,-0.009129622505359425,True,,50,False
2016-12-21,1.1655593791751186,0.0010557300834366234,True,,50,False
2016-12-22,1.1477375415300015,-0.015290372986170753,True,,50,False
2016-12-23,1.1476714834932609,-5.755500221116261e-05,True,,50,False
2016-12-26,1.1144306927234773,-0.0289636810253453,True,,50,False
2016-12-27,1.1388365316381148,0.021899826587684856,True,,50,False
2016-12-28,1.1500009136623184,0.009803322701761763,True,,50,False
2016-12-29,1.1664724035606406,0.014323023314709138,True,,50,False
2016-12-30,1.1804925205547805,0.012019244477060598,True,,50,False
2017-01-02,1.201038953002695,0.017404966223977913,True,,50,True
2017-01-03,1.2144620759210765,0.011176259425077273,True,,50,False
2017-01-04,1.1943597536669963,-0.016552449559887772,True,,50,False
2017-01-05,1.2107868011830456,0.013753852192033289,True,,50,False
2017-01-06,1.2114138367049847,0.0005178744278730996,True,,50,False
2017-01-09,1.2151699583479156,0.0031006098239290125,True,,50,False
2017-01-10,1.2262463298001618,0.009115080056212976,True,,50,False
2017-01-11,1.2493672711583013,0.018855054483145617,True,,50,False
2017-01-12,1.252392970399524,0.0024217852596839506,True,,50,False
2017-01-13,1.250064591134717,-0.0018591443100037797,True,,50,False
2017-01-16,1.2581004238882731,0.006428334032133387,True,,50,False
2017-01-17,1.2637755639286483,0.004510880000211381,True,,50,False
2017-01-18,1.2766436914122077,0.010182288573104437,True,,50,False
2017-01-19,1.2819272974398586,0.004138669280389529,True,,50,False
2017-01-20,1.2620615700955935,-0.01549676598972416,True,,50,False
2017-01-23,1.2755133063091981,0.010658541970013147,True,,50,False
2017-01-24,1.2927888953711861,0.01354402888353734,True,,50,False
2017-01-25,1.317813040113387,0.019356713870144926,True,,50,False
2017-01-27,1.3242709156950434,0.004900448990170059,True,,50,False
2017-01-30,1.3196948398293378,-0.003455543583620768,True,,50,False
2017-01-31,1.3043065666716533,-0.011660478387317541,True,,50,False
2017-02-01,1.335624348687538,0.024011059068576035,True,,50,True
2017-02-02,1.3496339649805733,0.010489189049901482,True,,50,False
2017-02-03,1.360334168398194,0.007928226241531222,True,,50,False
2017-02-06,1.3728833520393684,0.009225074200665873,True,,50,False
2017-02-07,1.3699295988000553,-0.0021514961449021763,True,,50,False
2017-02-08,1.3752071557140857,0.0038524292917336833,True,,50,False
2017-02-09,1.3728326854358313,-0.0017266273436611357,True,,50,False
2017-02-10,1.3700786498025785,-0.0020060970739331774,True,,50,False
2017-02-13,1.3674661840330185,-0.001906799854108021,True,,50,False
2017-02-14,1.3557291589917568,-0.008583045912437859,True,,50,False
2017-02-15,1.3330336166088788,-0.01674046931302753,True,,50,False
2017-02-16,1.3521733615361644,0.01435803620314946,True,,50,False
2017-02-17,1.3567698882721806,0.003399361995117367,True,,50,False
2017-02-20,1.3678274033113635,0.008149882404351105,True,,50,False
2017-02-21,1.378154356122154,0.007549894661994738,True,,50,False
2017-02-22,1.3695388549913292,-0.006251477632060909,True,,50,False
2017-02-23,1.3737207181232365,0.0030534826497738976,True,,50,False
2017-02-27,1.3778445911033377,0.0030019733455977082,True,,50,False
2017-02-28,1.383708912091265,0.004256155611302548,True,,50,False
2017-03-01,1.3973888104957684,0.009886398999792823,True,,50,True
2017-03-02,1.3864267849218417,-0.007844649600448395,True,,50,False
2017-03-03,1.3971685577789068,0.007747811116957548,True,,50,False
2017-03-06,1.4019093576318118,0.0033931481112354778,True,,50,False
2017-03-07,1.405271547354135,0.002398293230600146,True,,50,False
2017-03-08,1.3965655658646194,-0.006195230740924984,True,,50,False
2017-03-09,1.3901767429495941,-0.004574667363411611,True,,50,False
2017-03-10,1.3861903605610622,-0.002867536382513469,True,,50,False
2017-03-14,1.414623858615726,0.02051197213862843,True,,50,False
2017-03-15,1.423371348482999,0.006183615392881148,True,,50,False
2017-03-16,1.443047619208349,0.013823708581966798,True,,50,False
2017-03-17,1.4353936420248499,-0.005304036458407491,True,,50,False
2017-03-20,1.436427215007947,0.0007200623946188589,True,,50,False
2017-03-21,1.4338589416640164,-0.0017879592624652219,True,,50,False
2017-03-22,1.4232150088510438,-0.00742327749521865,True,,50,False
2017-03-23,1.4370259787503794,0.00970406425834791,True,,50,False
2017-03-24,1.441846247423293,0.0033543364867385517,True,,50,False
2017-03-27,1.4335454789691624,-0.005757041341241997,True,,50,False
2017-03-28,1.4437213570560374,0.007098399204043648,True,,50,False
2017-03-29,1.4521788143340406,0.005858095287340825,True,,50,False
2017-03-30,1.4559184592952805,0.0025751959223800913,True,,50,False
2017-03-31,1.470381678676679,0.009934086135839904,True,,50,False
2017-04-03,1.4876543998340397,0.011747100367100582,True,,49,True
2017-04-05,1.497840981583552,0.006847411435511264,True,,49,False
2017-04-06,1.4907730493971398,-0.0047187466982908655,True,,49,False
2017-04-07,1.481072421964633,-0.006507112156628914,True,,49,False
2017-04-10,1.4904046347152597,0.0063009834038012524,True,,49,False
2017-04-11,1.5076549016157434,0.01157421716135465,True,,49,False
2017-04-12,1.5022256384611405,-0.0036011312328732004,True,,49,False
2017-04-13,1.5018064677278518,-0.00027903313760391235,True,,49,False
2017-04-17,1.4971985985488854,-0.0030682176951454254,True,,49,False
2017-04-18,1.4912713793869277,-0.003958873036417843,True,,49,False
2017-04-19,1.5030794301490686,0.007918109959969444,True,,49,False
2017-04-20,1.5234968256273758,0.01358371026092886,True,,49,False
2017-04-21,1.5268974977197587,0.0022321491158883155,True,,49,False
2017-04-24,1.5467453334433783,0.012998800347279404,True,,49,False
2017-04-25,1.5688139442319136,0.01426777266520407,True,,49,False
2017-04-26,1.5519055338277197,-0.010777830262384769,True,,49,False
2017-04-27,1.5490843083389212,-0.0018179105798018513,True,,49,False
2017-04-28,1.5621811250874416,0.008454553879358562,True,,49,False
2017-05-02,1.5697400799739905,0.0048387186128149295,True,,49,True
2017-05-03,1.5610967883289952,-0.005506192875662896,True,,49,False
2017-05-04,1.5671799666037718,0.003896733578760303,True,,49,False
2017-05-05,1.546178292962875,-0.01340093294225142,True,,49,False
2017-05-08,1.5545336243904673,0.00540386025700923,True,,49,False
2017-05-09,1.562929970732616,0.005401199569061044,True,,49,False
2017-05-10,1.5779240941077453,0.009593598981341822,True,,49,False
2017-05-11,1.5821953272001341,0.002706868542243779,True,,49,False
2017-05-12,1.5699865102800905,-0.007716377813887565,True,,49,False
2017-05-15,1.5897170846210582,0.012567352784099928,True,,49,False
2017-05-16,1.5932695755464503,0.002234668646238447,True,,49,False
2017-05-17,1.5919269373369727,-0.000842693684787843,True,,49,False
2017-05-18,1.5610533838006102,-0.0193938256915287,True,,49,False
2017-05-19,1.5501317730724742,-0.006996308288667041,True,,49,False
2017-05-22,1.5257415350349488,-0.015734299793869866,True,,49,False
2017-05-23,1.4905662592019049,-0.0230545443152258,True,,49,False
2017-05-24,1.474299409252476,-0.010913201509162529,True,,49,False
2017-05-25,1.5103402088006381,0.024446051678496117,True,,49,False
2017-05-26,1.54283813854573,0.02151695992447844,True,,49,False
2017-05-29,1.5132744666405251,-0.01916187522630941,True,,49,False
2017-05-30,1.52663035537454,0.008825820449918087,True,,49,False
2017-05-31,1.540667673969162,0.009194968870626319,True,,49,False
2017-06-01,1.5614720668337747,0.013503491516126287,True,,49,True
2017-06-02,1.5734590484233384,0.007676718555631901,True,,49,False
2017-06-05,1.5858384018443308,0.007867604456180066,True,,49,False
2017-06-06,1.5725543594105578,-0.008376668403491605,True,,49,False
2017-06-07,1.5924156929055666,0.012629982153655739,True,,49,False
2017-06-08,1.6021880127345045,0.0061367894529518185,True,,49,False
2017-06-09,1.6051508628404971,0.0018492524488034068,True,,49,False
2017-06-12,1.592090648988467,-0.008136440103155507,True,,49,False
2017-06-13,1.598409798903523,0.003969089272065629,True,,49,False
2017-06-14,1.6029275780637253,0.002826421086320474,True,,49,False
2017-06-15,1.6123347624775781,0.005868751990165677,True,,49,False
2017-06-16,1.6114927925788376,-0.0005222053870790333,True,,49,False
2017-06-19,1.6091490055545352,-0.0014544197995149943,True,,49,False
2017-06-20,1.6088242172288723,-0.00020183856469591088,True,,49,False
2017-06-21,1.6161164330980684,0.004532636810848478,True,,49,False
2017-06-22,1.6023902560510161,-0.008493309495491874,True,,49,False
2017-06-23,1.577255589460095,-0.01568573354462588,True,,49,False
2017-06-27,1.5504018750370774,-0.017025594711767567,True,,49,False
2017-06-28,1.5566519622849515,0.004031269149313177,True,,49,False
2017-06-29,1.5780399198230555,0.013739717069902513,True,,49,False
2017-06-30,1.5826445160369975,0.002917921249076194,True,,49,False
2017-07-03,1.6037736289309956,0.013350510920106196,True,,49,True
2017-07-04,1.5993912521263032,-0.002732540756149926,True,,49,False
2017-07-05,1.621342086819983,0.013724493406161553,True,,49,False
2017-07-06,1.6271648333600484,0.0035913127694635616,True,,49,False
2017-07-07,1.6260063831500047,-0.0007119439815150841,True,,49,False
2017-07-10,1.635020436833394,0.005543676689587551,True,,49,False
2017-07-11,1.6286332034043514,-0.003906515958548518,True,,49,False
2017-07-12,1.6430762766957059,0.008868217386925448,True,,49,False
2017-07-13,1.6443500367522144,0.0007752288037838895,True,,49,False
2017-07-14,1.6408310606939822,-0.002140040733165649,True,,49,False
2017-07-17,1.6475492944662502,0.004094409188857284,True,,49,False
2017-07-18,1.6317544258869419,-0.009586886797475325,True,,49,False
2017-07-19,1.6546267774491754,0.01401703050371772,True,,49,False
2017-07-20,1.662234591820227,0.004597903572417739,True,,49,False
2017-07-21,1.6658412075977715,0.0021697393348041327,True,,49,False
2017-07-24,1.6701794923728508,0.0026042606914109534,True,,49,False
2017-07-25,1.6791079129947342,0.005345785086367405,True,,49,False
2017-07-26,1.6844070021384787,0.0031558955221011598,True,,49,False
2017-07-27,1.6675008910827982,-0.010036832567317133,True,,49,False
2017-07-28,1.669058957608372,0.0009343722296677459,True,,49,False
2017-07-31,1.6687448882529634,-0.00018817151663641507,True,,49,False
2017-08-01,1.6654953511048307,-0.0019472941436451396,True,,49,True
2017-08-02,1.6738429660291956,0.005012091399010821,True,,49,False
2017-08-03,1.6646574633800415,-0.005487672879460503,True,,49,False
2017-08-04,1.658400495749027,-0.0037587117882557086,True,,49,False
2017-08-07,1.6812173029443793,0.013758321499443893,True,,49,False
2017-08-08,1.6556041770282404,-0.01523486932431739,True,,49,False
2017-08-09,1.6255908171907494,-0.018128342664225472,True,,49,False
2017-08-10,1.5519309467423037,-0.04531267627098212,True,,49,False
2017-08-11,1.5519620210379181,2.002298857406437e-05,True,,49,False
2017-08-14,1.594668755655288,0.027517899303237225,True,,49,False
2017-08-16,1.621398352959695,0.016761849261555772,True,,49,False
2017-08-17,1.6355724899545407,0.00874192142169905,True,,49,False
2017-08-18,1.6223465189769255,-0.008086447442010258,True,,49,False
2017-08-21,1.5944257288126404,-0.01721012732957461,True,,49,False
2017-08-22,1.584336119281787,-0.006328052381823435,True,,49,False
2017-08-23,1.6136161570647536,0.018480950744365954,True,,49,False
2017-08-24,1.6228571321689333,0.005726873187108961,True,,49,False
2017-08-28,1.6502088281370757,0.016854038119539894,True,,49,False
2017-08-29,1.6371709771452936,-0.00790072793786989,True,,49,False
2017-08-30,1.670711326650271,0.02048677259320897,True,,49,False
2017-08-31,1.6899574384193374,0.011519711072800698,True,,49,False
2017-09-01,1.7140148046798975,0.014235486476547932,True,,50,True
2017-09-04,1.7062301646377909,-0.0045417577612817395,True,,50,False
2017-09-05,1.7308371196865315,0.014421826292096096,True,,50,False
2017-09-06,1.738160955769149,0.004231383761831964,True,,50,False
2017-09-07,1.7558099755455734,0.010153846637646069,True,,50,False
2017-09-08,1.7461546047252772,-0.0054990978265151425,True,,50,False
2017-09-11,1.7549193598511947,0.005019461107395262,True,,50,False
2017-09-12,1.7687931955174583,0.00790568272461245,True,,50,False
2017-09-13,1.7510619587881426,-0.010024482666628809,True,,50,False
2017-09-14,1.7610355164366045,0.005695719445224068,True,,50,False
2017-09-15,1.7707387267829107,0.005509945856140508,True,,50,False
2017-09-18,1.791560886747676,0.011759024439814025,True,,50,False
2017-09-19,1.8027794059918505,0.006261868813479232,True,,50,False
2017-09-20,1.7984460977349894,-0.002403681916078315,True,,50,False
2017-09-21,1.7880130991582148,-0.005801118304248454,True,,50,False
2017-09-22,1.7246675895587642,-0.03542787780988477,True,,50,False
2017-09-25,1.6762135560286056,-0.028094708698361393,True,,50,False
2017-09-26,1.7006932887820476,0.014604184929419839,True,,50,False
2017-09-27,1.664364190601131,-0.021361346234824996,True,,50,False
2017-09-28,1.6789417053599023,0.008758608747467811,True,,50,False
2017-09-29,1.7081988130457026,0.017425922289260543,True,,50,False
2017-10-03,1.7306344459309606,0.013134087621367252,True,,50,True
2017-10-04,1.76332188105415,0.01888754450718544,True,,50,False
2017-10-05,1.7827032196641357,0.010991378725703216,True,,50,False
2017-10-06,1.8032313744201618,0.011515183531161988,True,,50,False
2017-10-09,1.8114850330882206,0.004577148992160218,True,,50,False
2017-10-10,1.8467954876157895,0.019492545553838614,True,,50,False
2017-10-11,1.8261670077739112,-0.011169877758641089,True,,50,False
2017-10-12,1.85848779729864,0.01769870410928509,True,,50,False
2017-10-13,1.861894058436551,0.0018328132920013562,True,,50,False
2017-10-16,1.8682303618525489,0.003403149275484685,True,,50,False
2017-10-17,1.891840034853595,0.012637452791225856,True,,50,False
2017-10-18,1.891259130410577,-0.0003070579078124913,True,,50,False
2017-10-19,1.8896500459207035,-0.0008508006459824191,True,,50,False
2017-10-23,1.9001572139981433,0.005560377753606849,True,,50,False
2017-10-24,1.9170465899311329,0.008888409763449179,True,,50,False
2017-10-25,1.9060689254189342,-0.005726342056503131,True,,50,False
2017-10-26,1.92209464455388,0.008407733278283036,True,,50,False
2017-10-27,1.9238513713039667,0.0009139647493761061,True,,50,False
2017-10-30,1.9443943362270235,0.010678041573000119,True,,50,False
2017-10-31,1.9449299401054494,0.00027546052179161507,True,,50,False
2017-11-01,1.9556492437027808,0.005511408599504719,True,,50,True
2017-11-02,1.9654948175069746,0.00503442722967673,True,,50,False
2017-11-03,1.9680648824557285,0.0013075918215921245,True,,50,False
2017-11-06,1.972508824173005,0.0022580260218512116,True,,50,False
2017-11-07,1.9468531548807693,-0.01300661826088012,True,,50,False
2017-11-08,1.9309018581435289,-0.00819337436788714,True,,50,False
2017-11-09,1.9468576783090763,0.00826340297838235,True,,50,False
2017-11-10,1.9496221554535582,0.0014199687913925008,True,,50,False
2017-11-13,1.9369584474564983,-0.006495467832901114,True,,50,False
2017-11-14,1.9373263299434056,0.00018992791889282934,True,,50,False
2017-11-15,1.8926420162036497,-0.023064939060143397,True,,50,False
2017-11-16,1.9007569168955618,0.004287604640728304,True,,50,False
2017-11-17,1.920018796468117,0.010133794280235975,True,,50,False
2017-11-20,1.9362236895846563,0.008439965872390598,True,,50,False
2017-11-21,1.9343346405918223,-0.0009756357196720744,True,,50,False
2017-11-22,1.9425267669576616,0.004235113301456872,True,,50,False
2017-11-23,1.9513504959814942,0.004542397651308594,True,,50,False
2017-11-24,1.9552788578523164,0.0020131503176450405,True,,50,False
2017-11-27,1.9681441457947466,0.006579771417649205,True,,50,False
2017-11-28,1.9728393552896337,0.0023856024493527084,True,,50,False
2017-11-29,1.9583837445737406,-0.007327312625396654,True,,50,False
2017-11-30,1.9688961943350485,0.005367921272036558,True,,50,False
2017-12-01,1.9467321862300153,-0.01125707295732703,True,,50,True
2017-12-04,1.921361540698642,-0.013032427218715337,True,,50,False
2017-12-05,1.9100895540498548,-0.00586666611672082,True,,50,False
2017-12-06,1.8999638193620036,-0.005301183217500061,True,,50,False
2017-12-07,1.934865968547505,0.018369902010671568,True,,50,False
2017-12-08,1.9656549760458037,0.01591273400783,True,,50,False
2017-12-11,1.9619158908411984,-0.0019022082970669985,True,,50,False
2017-12-12,1.9342294827515065,-0.014111924073269555,True,,50,False
2017-12-13,1.917815572679076,-0.008486019998558358,True,,50,False
2017-12-14,1.911945923557517,-0.0030605910209392517,True,,50,False
2017-12-15,1.9571943708136195,0.02366617522942782,True,,50,False
2017-12-18,1.9695253881136305,0.0063003539576322876,True,,50,False
2017-12-19,2.0133754400033474,0.022264273491653608,True,,50,False
2017-12-20,2.029511530015552,0.00801444663106543,True,,50,False
2017-12-21,2.0528832146878258,0.01151591618308978,True,,50,False
2017-12-22,2.0632474674145107,0.00504863240759712,True,,50,False
2017-12-26,2.0780203711209864,0.007160025125336977,True,,50,False
2017-12-27,2.065857002677004,-0.005853344179403308,True,,50,False
2017-12-28,2.074766151023453,0.004312567779330534,True,,50,False
2017-12-29,2.093371987414957,0.00896767878265492,True,,50,False
2018-01-01,2.0995952663042163,0.0029728490333649216,True,,50,True
2018-01-02,2.0849605169111465,-0.006970271665181715,True,,50,False
2018-01-03,2.108521679484605,0.011300531776191391,True,,50,False
2018-01-04,2.1540632275743454,0.021598804761102652,True,,50,False
2018-01-05,2.1674637511216224,0.006221044663747843,True,,50,False
2018-01-08,2.197413501093724,0.013817878133649542,True,,50,False
2018-01-09,2.208297436822989,0.004953066741351986,True,,50,False
2018-01-10,2.2166655747135127,0.003789407056760785,True,,50,False
2018-01-11,2.2317242915155653,0.006793409422618302,True,,50,False
2018-01-12,2.2255081510215247,-0.002785353243531352,True,,50,False
2018-01-15,2.2321518950010364,0.0029852705668420576,True,,50,False
2018-01-16,2.177524977343443,-0.024472760021364004,True,,50,False
2018-01-17,2.1936440595600932,0.007402478678483426,True,,50,False
2018-01-18,2.142852847580643,-0.023153807363641143,True,,50,False
2018-01-19,2.168891891884793,0.012151578365984905,True,,50,False
2018-01-22,2.2021284568902817,0.015324214696844862,True,,50,False
2018-01-23,2.219963387710031,0.00809895115970427,True,,50,False
2018-01-24,2.1772932142889294,-0.01922111583340902,True,,50,False
2018-01-25,2.158325409455857,-0.008711644673575658,True,,50,False
2018-01-29,2.116093808167099,-0.019566836911494856,True,,50,False
2018-01-30,2.0772056663448,-0.018377324139510876,True,,50,False
2018-01-31,2.0495098349389016,-0.01333321579785307,True,,50,False
2018-02-01,2.0544435276803013,0.0024072549725269177,True,,50,True
2018-02-02,1.9270393177039824,-0.06201397520046348,True,,50,False
2018-02-05,1.9363707674386925,0.004842376410787663,True,,50,False
2018-02-06,1.8920890793504324,-0.02286839319870193,True,,50,False
2018-02-07,1.930406064762835,0.02025115298776381,True,,50,False
2018-02-08,1.9781218753982959,0.024718017367668876,True,,50,False
2018-02-09,1.9884231202846485,0.005207588579080102,True,,50,False
2018-02-12,2.042335945862772,0.02711335682437932,True,,50,False
2018-02-14,2.0548244012708965,0.006114789994967618,True,,50,False
2018-02-15,2.025851542888706,-0.014099919372317693,True,,50,False
2018-02-16,2.001132660637418,-0.012201724424505844,True,,50,False
2018-02-19,1.9791361431507482,-0.010992033621430752,True,,50,False
2018-02-20,1.9747148988258458,-0.0022339263219476324,True,,50,False
2018-02-21,1.9766237166487686,0.0009666295747592368,True,,50,False
2018-02-22,1.9673002654337524,-0.004716856899209643,True,,50,False
2018-02-23,2.005215969615406,0.019272962469353283,True,,50,False
2018-02-26,2.0225980389462346,0.008668427538088386,True,,50,False
2018-02-27,2.0050409775136324,-0.008680450141121177,True,,50,False
2018-02-28,1.988046389477294,-0.008475930530563391,True,,50,False
2018-03-01,1.9858844967134925,-0.0010874458338820947,True,,50,True
2018-03-05,1.9613175422023317,-0.012370787199264432,True,,50,False
2018-03-06,1.9322779209700347,-0.014806180339206554,True,,50,False
2018-03-07,1.8870480540135848,-0.023407537014004554,True,,50,False
2018-03-08,1.9024264324164741,0.008149436560548118,True,,50,False
2018-03-09,1.8957122253871128,-0.0035292860291227246,True,,50,False
2018-03-12,1.906906332126358,0.005904960990035901,True,,50,False
2018-03-13,1.9432226109890094,0.0190446055219482,True,,50,False
2018-03-14,1.9370590040137308,-0.0031718481147878785,True,,50,False
2018-03-15,1.9576296168574385,0.010619507614937795,True,,50,False
2018-03-16,1.9341509480888113,-0.011993417225837244,True,,50,False
2018-03-19,1.8922830887499125,-0.021646634860774228,True,,50,False
2018-03-20,1.896524054006572,0.0022411896411658194,True,,50,False
2018-03-21,1.9112379942786977,0.007758372608584141,True,,50,False
2018-03-22,1.8795112514677357,-0.016600100513874394,True,,50,False
2018-03-23,1.8344884779564705,-0.023954511299736136,True,,50,False
2018-03-26,1.8508053545308876,0.008894510252031251,True,,50,False
2018-03-27,1.8724713530673502,0.01170625451424323,True,,50,False
2018-03-28,1.8455784759715752,-0.01436223686505056,True,,50,False
2018-04-02,1.8964894873180784,0.027585395045150785,True,,50,True
2018-04-03,1.9180206406416127,0.011353162497084401,True,,50,False
2018-04-04,1.889254357395625,-0.014997900771477002,True,,50,False
2018-04-05,,,False,SHADOW_DAILY_RETURN_BLOCKER,50,False
