effective_date,action,symbol,security_id,application_status,source_file
2014-09-19,EXCLUDE,ADANIPOWER,NSE_961E02880D58,APPLIED,ind_prs20082014.pdf
2014-09-19,EXCLUDE,APTECHT,NSE_B1E9367C5B99,APPLIED,ind_prs20082014.pdf
2014-09-19,EXCLUDE,COREEDUTEC,NSE_1C6C6783C7E2,APPLIED,ind_prs20082014.pdf
2014-09-19,EXCLUDE,ERAINFRA,NSE_2E631416E138,APPLIED,ind_prs20082014.pdf
2014-09-19,EXCLUDE,GTOFFSHORE,NSE_364A9E7B44C1,APPLIED,ind_prs20082014.pdf
2014-09-19,EXCLUDE,INDIAGLYCO,NSE_652D0FF5C575,APPLIED,ind_prs20082014.pdf
2014-09-19,EXCLUDE,INDRAMEDCO,NSE_D105ECB9BB5E,APPLIED,ind_prs20082014.pdf
2014-09-19,EXCLUDE,INFINITE,NSE_A419303521D6,APPLIED,ind_prs20082014.pdf
2014-09-19,EXCLUDE,MANINFRA,NSE_79E6C5F02193,APPLIED,ind_prs20082014.pdf
2014-09-19,EXCLUDE,MCDOWELL-N,NSE_7BD208D47A49,APPLIED,ind_prs20082014.pdf
2014-09-19,EXCLUDE,ORBITCORP,NSE_3AFC08334F23,APPLIED,ind_prs20082014.pdf
2014-09-19,EXCLUDE,POLARIS,NSE_A787B7252904,APPLIED,ind_prs20082014.pdf
2014-09-19,EXCLUDE,SKUMARSYNF,NSE_824DBB53889B,APPLIED,ind_prs20082014.pdf
2014-09-19,EXCLUDE,TINPLATE,NSE_74672BDAB0C4,APPLIED,ind_prs20082014.pdf
2014-09-19,EXCLUDE,WSTCSTPAPR,NSE_5BF7C734A16F,APPLIED,ind_prs20082014.pdf
2014-09-19,INCLUDE,AJANTPHARM,NSE_790EA781FCF2,APPLIED,ind_prs20082014.pdf
2014-09-19,INCLUDE,APARINDS,NSE_05F316A71726,APPLIED,ind_prs20082014.pdf
2014-09-19,INCLUDE,APLLTD,NSE_4D6B580AA864,APPLIED,ind_prs20082014.pdf
2014-09-19,INCLUDE,ASHOKA,NSE_7271BD099C26,APPLIED,ind_prs20082014.pdf
2014-09-19,INCLUDE,ASTRAL,NSE_27ED7EAB3326,APPLIED,ind_prs20082014.pdf
2014-09-19,INCLUDE,CENTURYPLY,NSE_0C54BB903E03,APPLIED,ind_prs20082014.pdf
2014-09-19,INCLUDE,KITEX,NSE_9A051282CA4A,APPLIED,ind_prs20082014.pdf
2014-09-19,INCLUDE,NITINFIRE,NSE_3B67FE1904B0,APPLIED,ind_prs20082014.pdf
2014-09-19,INCLUDE,NOCIL,NSE_B02D9BEB0D0A,APPLIED,ind_prs20082014.pdf
2014-09-19,INCLUDE,RATNAMANI,NSE_55FFE606B7E2,APPLIED,ind_prs20082014.pdf
2014-09-19,INCLUDE,REPCOHOME,NSE_2EAE81E9FD97,APPLIED,ind_prs20082014.pdf
2014-09-19,INCLUDE,TVTODAY,NSE_1BF63B49C19E,APPLIED,ind_prs20082014.pdf
2014-09-19,INCLUDE,WABAG,NSE_0636AF8D6821,APPLIED,ind_prs20082014.pdf
2014-09-19,INCLUDE,WELCORP,NSE_DD6A0E2BA440,APPLIED,ind_prs20082014.pdf
2014-09-19,INCLUDE,WHEELS,NSE_AE2862139B09,APPLIED,ind_prs20082014.pdf
2014-11-28,EXCLUDE,RANBAXY,NSE_D484E901E05E,APPLIED,ind_prs18112014.pdf
2014-11-28,INCLUDE,TI,NSE_30E8FCA5619B,APPLIED,ind_prs18112014.pdf
2015-02-02,EXCLUDE,ARVIND,NSE_C60D64EC58FE,APPLIED,ind_prs23012015.pdf
2015-02-02,EXCLUDE,GUJRATGAS,NSE_436838D37F74,APPLIED,ind_prs21012015.pdf
2015-02-02,EXCLUDE,INGVYSYABK,NSE_18BAEEDF7BCF,APPLIED,ind_prs21012015.pdf
2015-02-02,INCLUDE,DYNAMATECH,NSE_C449D23376D8,APPLIED,ind_prs21012015.pdf
2015-02-02,INCLUDE,LAOPALA,NSE_5C11B50967B3,APPLIED,ind_prs23012015.pdf
2015-02-02,INCLUDE,MBLINFRA,NSE_40F417DAB497,APPLIED,ind_prs21012015.pdf
2015-03-24,EXCLUDE,BALKRISIND,NSE_DCA00C31EBFD,APPLIED,ind_prs18032015_2.pdf
2015-03-24,INCLUDE,ITDCEM,NSE_7F8DECDBEDC8,APPLIED,ind_prs18032015_2.pdf
2015-03-27,EXCLUDE,CMC,NSE_FC570F474E2F,APPLIED,ind_prs18032015_2.pdf
2015-03-27,EXCLUDE,DCW,NSE_76C1B622359D,APPLIED,ind_prs20022015.pdf
2015-03-27,EXCLUDE,EDUCOMP,NSE_4BCDA2331B3B,APPLIED,ind_prs20022015.pdf
2015-03-27,EXCLUDE,ELDERPHARM,NSE_22269AA0FB3D,APPLIED,ind_prs20022015.pdf
2015-03-27,EXCLUDE,HUBTOWN,NSE_51509B72C100,APPLIED,ind_prs20022015.pdf
2015-03-27,EXCLUDE,IL&FSENGG,NSE_256CD40487EB,APPLIED,ind_prs20022015.pdf
2015-03-27,EXCLUDE,IMFA,NSE_25EEBCFD7004,APPLIED,ind_prs20022015.pdf
2015-03-27,EXCLUDE,LOVABLE,NSE_7CDA5DAD8C0C,APPLIED,ind_prs20022015.pdf
2015-03-27,EXCLUDE,MASTEK,NSE_71E0266D5F31,APPLIED,ind_prs18032015_2.pdf
2015-03-27,EXCLUDE,PFOCUS,NSE_0D4C56FAB9A2,APPLIED,ind_prs20022015.pdf
2015-03-27,EXCLUDE,RAJTV,NSE_AF1487EA4B1C,APPLIED,ind_prs20022015.pdf
2015-03-27,EXCLUDE,REIAGROLTD,NSE_F08DF88997C8,APPLIED,ind_prs20022015.pdf
2015-03-27,EXCLUDE,SHASUNPHAR,NSE_86E36E8E07A0,APPLIED,ind_prs18032015_2.pdf
2015-03-27,EXCLUDE,TI,NSE_30E8FCA5619B,APPLIED,ind_prs20022015.pdf
2015-03-27,EXCLUDE,VENKEYS,NSE_F6D9EDF646AC,APPLIED,ind_prs20022015.pdf
2015-03-27,INCLUDE,FCEL,NSE_F111BB4114FB,APPLIED,ind_prs20022015.pdf
2015-03-27,INCLUDE,GULFOILLUB,NSE_D1A2AB285CE4,APPLIED,ind_prs20022015.pdf
2015-03-27,INCLUDE,IFBIND,NSE_697267629832,APPLIED,ind_prs20022015.pdf
2015-03-27,INCLUDE,JKCEMENT,NSE_E4C7D1FEF3D3,APPLIED,ind_prs20022015.pdf
2015-03-27,INCLUDE,KNRCON,NSE_AE25FA292E6D,APPLIED,ind_prs20022015.pdf
2015-03-27,INCLUDE,KPRMILL,NSE_03C46C5018D2,APPLIED,ind_prs20022015.pdf
2015-03-27,INCLUDE,LGBBROSLTD,NSE_50647847C4A3,APPLIED,ind_prs20022015.pdf
2015-03-27,INCLUDE,MARKSANS,NSE_ED601A410747,APPLIED,ind_prs20022015.pdf
2015-03-27,INCLUDE,MAYURUNIQ,NSE_E8494F35C12B,APPLIED,ind_prs18032015_2.pdf
2015-03-27,INCLUDE,MCDOWELL-N,NSE_7BD208D47A49,APPLIED,ind_prs20022015.pdf
2015-03-27,INCLUDE,MUNJALSHOW,NSE_7E6BEA8882F4,APPLIED,ind_prs18032015_2.pdf
2015-03-27,INCLUDE,NDTV,NSE_BB7D75A98B81,APPLIED,ind_prs20022015.pdf
2015-03-27,INCLUDE,PENIND,NSE_A21D36A1385B,APPLIED,ind_prs20022015.pdf
2015-03-27,INCLUDE,SUVEN,NSE_3BC23EE3CDD9,APPLIED,ind_prs18032015_2.pdf
2015-03-27,INCLUDE,VINATIORGA,NSE_FD70F2989DA1,APPLIED,ind_prs20022015.pdf
2015-05-29,EXCLUDE,ADANIENT,NSE_42CD50DCCBD6,APPLIED,ind_prs29042015.pdf
2015-05-29,EXCLUDE,IDFC,NSE_1671B749B56F,APPLIED,ind_prs29042015.pdf
2015-05-29,INCLUDE,NATCOPHARM,NSE_F2F6AF4ED925,APPLIED,ind_prs29042015.pdf
2015-05-29,INCLUDE,VIVIDHA,NSE_22FC8142A6A2,APPLIED,ind_prs29042015.pdf
2015-06-15,EXCLUDE,JSL,NSE_329ABD1F5CCD,APPLIED,ind_prs05062015.pdf
2015-06-15,INCLUDE,CEATLTD,NSE_C7F339E43E8B,APPLIED,ind_prs05062015.pdf
2015-09-28,EXCLUDE,ANSALAPI,NSE_63D6527C95C7,APPLIED,ind_prs12082015.pdf
2015-09-28,EXCLUDE,BGRENERGY,NSE_D0ABB9249124,APPLIED,ind_prs12082015.pdf
2015-09-28,EXCLUDE,CROMPGREAV,NSE_812A4A064978,APPLIED,ind_prs24082015.pdf
2015-09-28,EXCLUDE,GAMMONIND,NSE_3677464F31DF,APPLIED,ind_prs12082015.pdf
2015-09-28,EXCLUDE,GUJNRECOKE,NSE_82022647EC12,APPLIED,ind_prs12082015.pdf
2015-09-28,EXCLUDE,HINDOILEXP,NSE_221B7F10DD50,APPLIED,ind_prs12082015.pdf
2015-09-28,EXCLUDE,HOTELEELA,NSE_2067B53F47F0,APPLIED,ind_prs12082015.pdf
2015-09-28,EXCLUDE,IFBIND,NSE_697267629832,APPLIED,ind_prs12082015.pdf
2015-09-28,EXCLUDE,KESORAMIND,NSE_4723627B4BA6,APPLIED,ind_prs12082015.pdf
2015-09-28,EXCLUDE,MANGCHEFER,NSE_49220DD0F0D1,APPLIED,ind_prs12082015.pdf
2015-09-28,EXCLUDE,MAX,NSE_98CBA18954BD,APPLIED,ind_prs24082015.pdf
2015-09-28,EXCLUDE,MONNETISPA,NSE_244EC4566860,APPLIED,ind_prs12082015.pdf
2015-09-28,EXCLUDE,ORCHIDCHEM,NSE_82E1D1C5880E,APPLIED,ind_prs12082015.pdf
2015-09-28,EXCLUDE,RAMCOIND,NSE_241E65AA24F6,APPLIED,ind_prs12082015.pdf
2015-09-28,EXCLUDE,RASOYPR,NSE_7110B3E95EA1,APPLIED,ind_prs12082015.pdf
2015-09-28,EXCLUDE,RTNPOWER,NSE_D8E4AC26C341,APPLIED,ind_prs12082015.pdf
2015-09-28,INCLUDE,ADANIPOWER,NSE_961E02880D58,APPLIED,ind_prs12082015.pdf
2015-09-28,INCLUDE,ADLABS,NSE_4CBB5F1B54B4,APPLIED,ind_prs24082015.pdf
2015-09-28,INCLUDE,BALKRISIND,NSE_DCA00C31EBFD,APPLIED,ind_prs12082015.pdf
2015-09-28,INCLUDE,CAMLINFINE,NSE_51A975E4F5EC,APPLIED,ind_prs12082015.pdf
2015-09-28,INCLUDE,EVEREADY,NSE_305BA34187E0,APPLIED,ind_prs24082015.pdf
2015-09-28,INCLUDE,FLFL,NSE_3F39E4C95613,APPLIED,ind_prs12082015.pdf
2015-09-28,INCLUDE,IL&FSENGG,NSE_256CD40487EB,APPLIED,ind_prs12082015.pdf
2015-09-28,INCLUDE,INOXWIND,NSE_98B5AF24A80B,APPLIED,ind_prs12082015.pdf
2015-09-28,INCLUDE,KRBL,NSE_C653EAD813FF,APPLIED,ind_prs12082015.pdf
2015-09-28,INCLUDE,METALFORGE,NSE_28824E5CE2B2,APPLIED,ind_prs12082015.pdf
2015-09-28,INCLUDE,ORIENTCEM,NSE_DDCC0F44FC44,APPLIED,ind_prs12082015.pdf
2015-09-28,INCLUDE,RICOAUTO,NSE_70BDB629EB71,APPLIED,ind_prs12082015.pdf
2015-09-28,INCLUDE,SITICABLE,NSE_AB2CD07E1D43,APPLIED,ind_prs12082015.pdf
2015-09-28,INCLUDE,SRIPIPES,NSE_F161C38951CE,APPLIED,ind_prs12082015.pdf
2015-09-28,INCLUDE,SYMPHONY,NSE_9832B5E11081,APPLIED,ind_prs12082015.pdf
2015-09-28,INCLUDE,VRLLOG,NSE_4C0AC873F083,APPLIED,ind_prs12082015.pdf
2015-10-19,EXCLUDE,ABIRLANUVO,NSE_D9A959B5F435,APPLIED,ind_prs18092015.pdf
2015-10-19,INCLUDE,PNCINFRA,NSE_F174B12EB9D7,APPLIED,ind_prs18092015.pdf
2015-12-14,EXCLUDE,FRL,NSE_EF0E9934D1DE,APPLIED,ind_prs07122015.pdf
2015-12-14,EXCLUDE,MANDHANA,NSE_016878F56F2B,APPLIED,ind_prs07122015.pdf
2015-12-14,INCLUDE,ARVIND,NSE_C60D64EC58FE,APPLIED,ind_prs07122015.pdf
2015-12-14,INCLUDE,GAYAPROJ,NSE_1EDC5AB6BDE5,APPLIED,ind_prs07122015.pdf
2016-01-18,EXCLUDE,STRTECH,NSE_D8BF1C07E0AE,APPLIED,ind_prs11012016.pdf
2016-01-18,INCLUDE,SCHNEIDER,NSE_3CFB46E142F9,APPLIED,ind_prs11012016.pdf
2016-04-01,EXCLUDE,ADLABS,NSE_4CBB5F1B54B4,APPLIED,ind_prs22022016_2.pdf
2016-04-01,EXCLUDE,ASAHIINDIA,NSE_502982CDBAAD,APPLIED,ind_prs22022016_2.pdf
2016-04-01,EXCLUDE,ATFL,NSE_83E296865792,APPLIED,ind_prs22022016_2.pdf
2016-04-01,EXCLUDE,AUTOAXLES,NSE_B46CD836B94A,APPLIED,ind_prs22022016_2.pdf
2016-04-01,EXCLUDE,BINDALAGRO,NSE_E5B9AB42956F,APPLIED,ind_prs22022016_2.pdf
2016-04-01,EXCLUDE,CAMLINFINE,NSE_51A975E4F5EC,APPLIED,ind_prs22022016_2.pdf
2016-04-01,EXCLUDE,CARBORUNIV,NSE_46FD1DEB761F,APPLIED,ind_prs22022016_2.pdf
2016-04-01,EXCLUDE,CENTENKA,NSE_5602EE99E050,APPLIED,ind_prs22022016_2.pdf
2016-04-01,EXCLUDE,DHANBANK,NSE_B8C8A459A862,APPLIED,ind_prs22022016_2.pdf
2016-04-01,EXCLUDE,ENIL,NSE_78493707FA85,APPLIED,ind_prs22022016_2.pdf
2016-04-01,EXCLUDE,ESABINDIA,NSE_C0628B35007C,APPLIED,ind_prs22022016_2.pdf
2016-04-01,EXCLUDE,FLEXITUFF,NSE_70031FDFB6EF,APPLIED,ind_prs22022016_2.pdf
2016-04-01,EXCLUDE,FMGOETZE,NSE_EFD7B6E7FD96,APPLIED,ind_prs22022016_2.pdf
2016-04-01,EXCLUDE,GABRIEL,NSE_675CFCEE5D02,APPLIED,ind_prs22022016_2.pdf
2016-04-01,EXCLUDE,GAMMNINFRA,NSE_5E4BFA7651A2,APPLIED,ind_prs22022016_2.pdf
2016-04-01,EXCLUDE,GEOJITBNPP,NSE_1FE8B4643571,APPLIED,ind_prs22022016_2.pdf
2016-04-01,EXCLUDE,GEOMETRIC,NSE_3CC9204EE206,APPLIED,ind_prs22022016_2.pdf
2016-04-01,EXCLUDE,GHCL,NSE_5D0160460CD9,APPLIED,ind_prs22022016_2.pdf
2016-04-01,EXCLUDE,GIPCL,NSE_D3F406024851,APPLIED,ind_prs22022016_2.pdf
2016-04-01,EXCLUDE,GITANJALI,NSE_0711207C900A,APPLIED,ind_prs22022016_2.pdf
2016-04-01,EXCLUDE,GNFC,NSE_D448CCCD5389,APPLIED,ind_prs22022016_2.pdf
2016-04-01,EXCLUDE,GRAPHITE,NSE_0F72F66469D6,APPLIED,ind_prs22022016_2.pdf
2016-04-01,EXCLUDE,GTLINFRA,NSE_9F5985EF710B,APPLIED,ind_prs22022016_2.pdf
2016-04-01,EXCLUDE,GUJALKALI,NSE_9E4C0423BFF8,APPLIED,ind_prs22022016_2.pdf
2016-04-01,EXCLUDE,GULFOILLUB,NSE_D1A2AB285CE4,APPLIED,ind_prs22022016_2.pdf
2016-04-01,EXCLUDE,HEG,NSE_2EF7833DA8D3,APPLIED,ind_prs22022016_2.pdf
2016-04-01,EXCLUDE,HERITGFOOD,NSE_EEAD76022193,APPLIED,ind_prs22022016_2.pdf
2016-04-01,EXCLUDE,IBVENTURES,NSE_B0F020774F39,APPLIED,ind_prs22022016_2.pdf
2016-04-01,EXCLUDE,IL&FSENGG,NSE_256CD40487EB,APPLIED,ind_prs22022016_2.pdf
2016-04-01,EXCLUDE,ITDCEM,NSE_7F8DECDBEDC8,APPLIED,ind_prs22022016_2.pdf
2016-04-01,EXCLUDE,IVRCLINFRA,NSE_0C8E43FADDB8,APPLIED,ind_prs22022016_2.pdf
2016-04-01,EXCLUDE,JYOTISTRUC,NSE_BE847AB99029,APPLIED,ind_prs22022016_2.pdf
2016-04-01,EXCLUDE,KCP,NSE_EBAC40911065,APPLIED,ind_prs22022016_2.pdf
2016-04-01,EXCLUDE,KKCL,NSE_E6BC41F4E8C3,APPLIED,ind_prs22022016_2.pdf
2016-04-01,EXCLUDE,KNRCON,NSE_AE25FA292E6D,APPLIED,ind_prs22022016_2.pdf
2016-04-01,EXCLUDE,KSBPUMPS,NSE_7ADB1BE970F4,APPLIED,ind_prs22022016_2.pdf
2016-04-01,EXCLUDE,LGBBROSLTD,NSE_50647847C4A3,APPLIED,ind_prs22022016_2.pdf
2016-04-01,EXCLUDE,LINDEINDIA,NSE_98B70630B94C,APPLIED,ind_prs22022016_2.pdf
2016-04-01,EXCLUDE,MAHSCOOTER,NSE_E9CD94ECB13B,APPLIED,ind_prs22022016_2.pdf
2016-04-01,EXCLUDE,MAHSEAMLES,NSE_D45E2178880F,APPLIED,ind_prs22022016_2.pdf
2016-04-01,EXCLUDE,MBLINFRA,NSE_40F417DAB497,APPLIED,ind_prs22022016_2.pdf
2016-04-01,EXCLUDE,MERCATOR,NSE_63AB3F8FE7C5,APPLIED,ind_prs22022016_2.pdf
2016-04-01,EXCLUDE,METALFORGE,NSE_28824E5CE2B2,APPLIED,ind_prs22022016_2.pdf
2016-04-01,EXCLUDE,MTEDUCARE,NSE_94DBF4CE7AC2,APPLIED,ind_prs22022016_2.pdf
2016-04-01,EXCLUDE,MUNJALSHOW,NSE_7E6BEA8882F4,APPLIED,ind_prs22022016_2.pdf
2016-04-01,EXCLUDE,NAVNETEDUL,NSE_851A827BCF83,APPLIED,ind_prs22022016_2.pdf
2016-04-01,EXCLUDE,NBVENTURES,NSE_8BBC0680BDBA,APPLIED,ind_prs22022016_2.pdf
2016-04-01,EXCLUDE,NDTV,NSE_BB7D75A98B81,APPLIED,ind_prs22022016_2.pdf
2016-04-01,EXCLUDE,NIITLTD,NSE_9AE82A200CBD,APPLIED,ind_prs22022016_2.pdf
2016-04-01,EXCLUDE,NOCIL,NSE_B02D9BEB0D0A,APPLIED,ind_prs22022016_2.pdf
2016-04-01,EXCLUDE,NOIDATOLL,NSE_15523813BD4A,APPLIED,ind_prs22022016_2.pdf
2016-04-01,EXCLUDE,OPTOCIRCUI,NSE_4C7DD340FFE0,APPLIED,ind_prs22022016_2.pdf
2016-04-01,EXCLUDE,PATELENG,NSE_7F8B1EBDE62B,APPLIED,ind_prs22022016_2.pdf
2016-04-01,EXCLUDE,PENIND,NSE_A21D36A1385B,APPLIED,ind_prs22022016_2.pdf
2016-04-01,EXCLUDE,PENINLAND,NSE_8E2A665067A2,APPLIED,ind_prs22022016_2.pdf
2016-04-01,EXCLUDE,PRAKASH,NSE_400E6C0FE473,APPLIED,ind_prs22022016_2.pdf
2016-04-01,EXCLUDE,RELIGARE,NSE_DE21F68BED21,APPLIED,ind_prs22022016_2.pdf
2016-04-01,EXCLUDE,RICOAUTO,NSE_70BDB629EB71,APPLIED,ind_prs22022016_2.pdf
2016-04-01,EXCLUDE,SBT,NSE_633BD53DAEC1,APPLIED,ind_prs22022016_2.pdf
2016-04-01,EXCLUDE,SEINV,NSE_D57CF4D8191A,APPLIED,ind_prs22022016_2.pdf
2016-04-01,EXCLUDE,SHANTIGEAR,NSE_E9019530042D,APPLIED,ind_prs22022016_2.pdf
2016-04-01,EXCLUDE,SHRENUJ,NSE_9B813D17D74B,APPLIED,ind_prs22022016_2.pdf
2016-04-01,EXCLUDE,SONASTEER,NSE_D00C1130DAE7,APPLIED,ind_prs22022016_2.pdf
2016-04-01,EXCLUDE,SRIPIPES,NSE_F161C38951CE,APPLIED,ind_prs22022016_2.pdf
2016-04-01,EXCLUDE,SUPPETRO,NSE_AA00EC8A4A3D,APPLIED,ind_prs22022016_2.pdf
2016-04-01,EXCLUDE,SUPREMEINF,NSE_978A4180C4F3,APPLIED,ind_prs22022016_2.pdf
2016-04-01,EXCLUDE,SWARAJENG,NSE_7A24E610012A,APPLIED,ind_prs22022016_2.pdf
2016-04-01,EXCLUDE,TATAINVEST,NSE_CC1A452E363C,APPLIED,ind_prs22022016_2.pdf
2016-04-01,EXCLUDE,TDPOWERSYS,NSE_3087CF0E8810,APPLIED,ind_prs22022016_2.pdf
2016-04-01,EXCLUDE,TVTODAY,NSE_1BF63B49C19E,APPLIED,ind_prs22022016_2.pdf
2016-04-01,EXCLUDE,USHAMART,NSE_9A67203EFED3,APPLIED,ind_prs22022016_2.pdf
2016-04-01,EXCLUDE,UTTAMSTL,NSE_BE6B81B4D2AE,APPLIED,ind_prs22022016_2.pdf
2016-04-01,EXCLUDE,VESUVIUS,NSE_81E6A1C5A552,APPLIED,ind_prs22022016_2.pdf
2016-04-01,EXCLUDE,VIVIDHA,NSE_22FC8142A6A2,APPLIED,ind_prs22022016_2.pdf
2016-04-01,EXCLUDE,WHEELS,NSE_AE2862139B09,APPLIED,ind_prs22022016_2.pdf
2016-04-01,INCLUDE,8KMILES,NSE_4E27A558622E,APPLIED,ind_prs22022016_2.pdf
2016-04-01,INCLUDE,AARTIDRUGS,NSE_6B14B0471978,APPLIED,ind_prs22022016_2.pdf
2016-04-01,INCLUDE,ABFRL,NSE_D6EC0847F646,APPLIED,ind_prs22022016_2.pdf
2016-04-01,INCLUDE,ADANIENT,NSE_42CD50DCCBD6,APPLIED,ind_prs22022016_2.pdf
2016-04-01,INCLUDE,ADANITRANS,NSE_A3D7B6571FE8,APPLIED,ind_prs22022016_2.pdf
2016-04-01,INCLUDE,AEGISCHEM,NSE_7451BDA5B83F,APPLIED,ind_prs22022016_2.pdf
2016-04-01,INCLUDE,AHLUCONT,NSE_3CD1CF512D16,APPLIED,ind_prs22022016_2.pdf
2016-04-01,INCLUDE,ASHIANA,NSE_FEC6EA46148B,APPLIED,ind_prs22022016_2.pdf
2016-04-01,INCLUDE,AVANTIFEED,NSE_985104D9ABBA,APPLIED,ind_prs22022016_2.pdf
2016-04-01,INCLUDE,BGRENERGY,NSE_D0ABB9249124,APPLIED,ind_prs22022016_2.pdf
2016-04-01,INCLUDE,BLISSGVS,NSE_7D44EE89941C,APPLIED,ind_prs22022016_2.pdf
2016-04-01,INCLUDE,BRFL,NSE_FBA9C5E2CF53,APPLIED,ind_prs22022016_2.pdf
2016-04-01,INCLUDE,CAPLIPOINT,NSE_A508378B12ED,APPLIED,ind_prs22022016_2.pdf
2016-04-01,INCLUDE,CCL,NSE_4CD9919938EF,APPLIED,ind_prs22022016_2.pdf
2016-04-01,INCLUDE,CERA,NSE_42FEBF5D9ADF,APPLIED,ind_prs22022016_2.pdf
2016-04-01,INCLUDE,DALMIABHA,NSE_DB429E3D7562,APPLIED,ind_prs22022016_2.pdf
2016-04-01,INCLUDE,DHANUKA,NSE_9891A0739E64,APPLIED,ind_prs22022016_2.pdf
2016-04-01,INCLUDE,DISHTV,NSE_0CDA14210E4D,APPLIED,ind_prs22022016_2.pdf
2016-04-01,INCLUDE,GLOBOFFS,NSE_9967D614421D,APPLIED,ind_prs22022016_2.pdf
2016-04-01,INCLUDE,GRANULES,NSE_148E052CEC64,APPLIED,ind_prs22022016_2.pdf
2016-04-01,INCLUDE,GREENPLY,NSE_E33BF28052EC,APPLIED,ind_prs22022016_2.pdf
2016-04-01,INCLUDE,GRINDWELL,NSE_5405849154DD,APPLIED,ind_prs22022016_2.pdf
2016-04-01,INCLUDE,GUJGASLTD,NSE_46A3EC428CE2,APPLIED,ind_prs22022016_2.pdf
2016-04-01,INCLUDE,HEIDELBERG,NSE_F10F8CF228CE,APPLIED,ind_prs22022016_2.pdf
2016-04-01,INCLUDE,HITACHIHOM,NSE_85A771F24921,APPLIED,ind_prs22022016_2.pdf
2016-04-01,INCLUDE,HMT,NSE_C911E612925E,APPLIED,ind_prs22022016_2.pdf
2016-04-01,INCLUDE,HMVL,NSE_914B18D01343,APPLIED,ind_prs22022016_2.pdf
2016-04-01,INCLUDE,HOTELEELA,NSE_2067B53F47F0,APPLIED,ind_prs22022016_2.pdf
2016-04-01,INCLUDE,ICIL,NSE_41D6658A86E3,APPLIED,ind_prs22022016_2.pdf
2016-04-01,INCLUDE,IDFC,NSE_1671B749B56F,APPLIED,ind_prs22022016_2.pdf
2016-04-01,INCLUDE,IFBIND,NSE_697267629832,APPLIED,ind_prs22022016_2.pdf
2016-04-01,INCLUDE,IGARASHI,NSE_DAE0D0015DDC,APPLIED,ind_prs22022016_2.pdf
2016-04-01,INCLUDE,INDOCO,NSE_1957FAB1366F,APPLIED,ind_prs22022016_2.pdf
2016-04-01,INCLUDE,INTELLECT,NSE_B3968699E9E2,APPLIED,ind_prs22022016_2.pdf
2016-04-01,INCLUDE,IPAPPM,NSE_68E3F7F5879F,APPLIED,ind_prs22022016_2.pdf
2016-04-01,INCLUDE,JETAIRWAYS,NSE_A7A22C73AF33,APPLIED,ind_prs22022016_2.pdf
2016-04-01,INCLUDE,JINDALPOLY,NSE_3E5680388E4E,APPLIED,ind_prs22022016_2.pdf
2016-04-01,INCLUDE,JMTAUTOLTD,NSE_E26A501DCF72,APPLIED,ind_prs22022016_2.pdf
2016-04-01,INCLUDE,KESORAMIND,NSE_4723627B4BA6,APPLIED,ind_prs22022016_2.pdf
2016-04-01,INCLUDE,KIRLOSENG,NSE_9B9A5379FE9C,APPLIED,ind_prs22022016_2.pdf
2016-04-01,INCLUDE,KWALITY,NSE_08FB9B51264C,APPLIED,ind_prs22022016_2.pdf
2016-04-01,INCLUDE,MAHINDCIE,NSE_0A208E331D8C,APPLIED,ind_prs22022016_2.pdf
2016-04-01,INCLUDE,MANAPPURAM,NSE_BFBEFE6B6DB3,APPLIED,ind_prs22022016_2.pdf
2016-04-01,INCLUDE,MANPASAND,NSE_D4F3ADAA19EE,APPLIED,ind_prs22022016_2.pdf
2016-04-01,INCLUDE,MINDACORP,NSE_D92A46834C0F,APPLIED,ind_prs22022016_2.pdf
2016-04-01,INCLUDE,MTNL,NSE_D10A18C00D0B,APPLIED,ind_prs22022016_2.pdf
2016-04-01,INCLUDE,NAVKARCORP,NSE_E7C0FAEE3336,APPLIED,ind_prs22022016_2.pdf
2016-04-01,INCLUDE,PCJEWELLER,NSE_F0FD06753A0C,APPLIED,ind_prs22022016_2.pdf
2016-04-01,INCLUDE,POLARIS,NSE_A787B7252904,APPLIED,ind_prs22022016_2.pdf
2016-04-01,INCLUDE,RAMCOSYS,NSE_D701BCB8CF79,APPLIED,ind_prs22022016_2.pdf
2016-04-01,INCLUDE,RELAXO,NSE_6C4CBD6F12EE,APPLIED,ind_prs22022016_2.pdf
2016-04-01,INCLUDE,RKFORGE,NSE_8D41A8008DA2,APPLIED,ind_prs22022016_2.pdf
2016-04-01,INCLUDE,RTNPOWER,NSE_D8E4AC26C341,APPLIED,ind_prs22022016_2.pdf
2016-04-01,INCLUDE,SADBHIN,NSE_759F0BD4CDE1,APPLIED,ind_prs22022016_2.pdf
2016-04-01,INCLUDE,SHARDACROP,NSE_AE697C87E3F3,APPLIED,ind_prs22022016_2.pdf
2016-04-01,INCLUDE,SHILPAMED,NSE_66EF9E74F5E3,APPLIED,ind_prs22022016_2.pdf
2016-04-01,INCLUDE,SJVN,NSE_7127DE38999E,APPLIED,ind_prs22022016_2.pdf
2016-04-01,INCLUDE,SMLISUZU,NSE_F2B25E44F3E5,APPLIED,ind_prs22022016_2.pdf
2016-04-01,INCLUDE,SNOWMAN,NSE_015D3C811935,APPLIED,ind_prs22022016_2.pdf
2016-04-01,INCLUDE,SOLARINDS,NSE_740B7EE9CB08,APPLIED,ind_prs22022016_2.pdf
2016-04-01,INCLUDE,SOMANYCERA,NSE_FA96276A2517,APPLIED,ind_prs22022016_2.pdf
2016-04-01,INCLUDE,STCINDIA,NSE_D376FF14ECD7,APPLIED,ind_prs22022016_2.pdf
2016-04-01,INCLUDE,STYABS,NSE_D9681303D25C,APPLIED,ind_prs22022016_2.pdf
2016-04-01,INCLUDE,SYNGENE,NSE_4B53EB5E333F,APPLIED,ind_prs22022016_2.pdf
2016-04-01,INCLUDE,TAKE,NSE_15269CF9ABBD,APPLIED,ind_prs22022016_2.pdf
2016-04-01,INCLUDE,TATAMTRDVR,NSE_D8A31493DD0A,APPLIED,ind_prs22022016_2.pdf
2016-04-01,INCLUDE,TCI,NSE_B7616A734F2C,APPLIED,ind_prs22022016_2.pdf
2016-04-01,INCLUDE,TEXRAIL,NSE_63EB9280D90F,APPLIED,ind_prs22022016_2.pdf
2016-04-01,INCLUDE,TIDEWATER,NSE_62907813BC36,APPLIED,ind_prs22022016_2.pdf
2016-04-01,INCLUDE,TIMKEN,NSE_469926D3FD6A,APPLIED,ind_prs22022016_2.pdf
2016-04-01,INCLUDE,TRITURBINE,NSE_9CD0408E0E4C,APPLIED,ind_prs22022016_2.pdf
2016-04-01,INCLUDE,TTML,NSE_9BE1DE6AAF18,APPLIED,ind_prs22022016_2.pdf
2016-04-01,INCLUDE,TVSSRICHAK,NSE_AD4461AE56EF,APPLIED,ind_prs22022016_2.pdf
2016-04-01,INCLUDE,VGUARD,NSE_CE21025CD02D,APPLIED,ind_prs22022016_2.pdf
2016-04-01,INCLUDE,WONDERLA,NSE_4C12111E25F6,APPLIED,ind_prs22022016_2.pdf
2016-04-01,INCLUDE,ZEELEARN,NSE_D0658C86F917,APPLIED,ind_prs22022016_2.pdf
2016-04-29,EXCLUDE,ADVANTA,NSE_B821A8B7C241,APPLIED,ind_prs22042016.pdf
2016-04-29,EXCLUDE,JINDALSAW,NSE_D5AEC8D4EBC0,APPLIED,ind_prs22042016.pdf
2016-04-29,EXCLUDE,TCI,NSE_B7616A734F2C,APPLIED,ind_prs22042016.pdf
2016-04-29,INCLUDE,GULFOILLUB,NSE_D1A2AB285CE4,APPLIED,ind_prs22042016.pdf
2016-04-29,INCLUDE,SHK,NSE_F8512C975E62,APPLIED,ind_prs22042016.pdf
2016-04-29,INCLUDE,TVTODAY,NSE_1BF63B49C19E,APPLIED,ind_prs22042016.pdf
2016-09-30,EXCLUDE,AARTIDRUGS,NSE_6B14B0471978,APPLIED,ind_prs12082016.pdf
2016-09-30,EXCLUDE,ABGSHIP,NSE_C9730FDF32DB,APPLIED,ind_prs12082016.pdf
2016-09-30,EXCLUDE,ASHIANA,NSE_FEC6EA46148B,APPLIED,ind_prs12082016.pdf
2016-09-30,EXCLUDE,CASTEXTECH,NSE_65DD43BDBE2D,APPLIED,ind_prs12082016.pdf
2016-09-30,EXCLUDE,CLNINDIA,NSE_C558FE982959,APPLIED,ind_prs12082016.pdf
2016-09-30,EXCLUDE,ELECTCAST,NSE_7336A438D402,APPLIED,ind_prs12082016.pdf
2016-09-30,EXCLUDE,ELGIEQUIP,NSE_B88435B10855,APPLIED,ind_prs12082016.pdf
2016-09-30,EXCLUDE,ESSDEE,NSE_6486648C9FB1,APPLIED,ind_prs12082016.pdf
2016-09-30,EXCLUDE,FINANTECH,NSE_C43FB1E82A75,APPLIED,ind_prs12082016.pdf
2016-09-30,EXCLUDE,GLOBOFFS,NSE_9967D614421D,APPLIED,ind_prs12082016.pdf
2016-09-30,EXCLUDE,HMT,NSE_C911E612925E,APPLIED,ind_prs12082016.pdf
2016-09-30,EXCLUDE,HOTELEELA,NSE_2067B53F47F0,APPLIED,ind_prs12082016.pdf
2016-09-30,EXCLUDE,IFBIND,NSE_697267629832,APPLIED,ind_prs12082016.pdf
2016-09-30,EXCLUDE,INEOSSTYRO,NSE_D9681303D25C,APPLIED,ind_prs12082016.pdf
2016-09-30,EXCLUDE,KIRLOSENG,NSE_9B9A5379FE9C,APPLIED,ind_prs12082016.pdf
2016-09-30,EXCLUDE,KSK,NSE_3604A340ECD7,APPLIED,ind_prs12082016.pdf
2016-09-30,EXCLUDE,MINDACORP,NSE_D92A46834C0F,APPLIED,ind_prs12082016.pdf
2016-09-30,EXCLUDE,PARSVNATH,NSE_E2CB5EC37279,APPLIED,ind_prs12082016.pdf
2016-09-30,EXCLUDE,PURVA,NSE_A1950E96A064,APPLIED,ind_prs12082016.pdf
2016-09-30,EXCLUDE,RATNAMANI,NSE_55FFE606B7E2,APPLIED,ind_prs12082016.pdf
2016-09-30,EXCLUDE,SADBHIN,NSE_759F0BD4CDE1,APPLIED,ind_prs12082016.pdf
2016-09-30,EXCLUDE,TBZ,NSE_96586AD2DEEB,APPLIED,ind_prs12082016.pdf
2016-09-30,EXCLUDE,TREEHOUSE,NSE_403ED77BEF36,APPLIED,ind_prs12082016.pdf
2016-09-30,EXCLUDE,TTML,NSE_9BE1DE6AAF18,APPLIED,ind_prs12082016.pdf
2016-09-30,EXCLUDE,VAIBHAVGBL,NSE_BBC622D344B2,APPLIED,ind_prs12082016.pdf
2016-09-30,INCLUDE,ABIRLANUVO,NSE_D9A959B5F435,APPLIED,ind_prs12082016.pdf
2016-09-30,INCLUDE,ALKEM,NSE_69D8A25A8131,APPLIED,ind_prs12082016.pdf
2016-09-30,INCLUDE,APLAPOLLO,NSE_A5EA8EAC7050,APPLIED,ind_prs12082016.pdf
2016-09-30,INCLUDE,CARBORUNIV,NSE_46FD1DEB761F,APPLIED,ind_prs12082016.pdf
2016-09-30,INCLUDE,COFFEEDAY,NSE_EBB02BC0F381,APPLIED,ind_prs12082016.pdf
2016-09-30,INCLUDE,CROMPGREAV,NSE_812A4A064978,APPLIED,ind_prs12082016.pdf
2016-09-30,INCLUDE,EQUITAS,NSE_1BB2D50D7572,APPLIED,ind_prs12082016.pdf
2016-09-30,INCLUDE,IDFCBANK,NSE_D35374D82BA3,APPLIED,ind_prs12082016.pdf
2016-09-30,INCLUDE,INDIGO,NSE_40AA7F3995D1,APPLIED,ind_prs12082016.pdf
2016-09-30,INCLUDE,INFIBEAM,NSE_CA42918156CA,APPLIED,ind_prs12082016.pdf
2016-09-30,INCLUDE,ITDCEM,NSE_7F8DECDBEDC8,APPLIED,ind_prs12082016.pdf
2016-09-30,INCLUDE,KSBPUMPS,NSE_7ADB1BE970F4,APPLIED,ind_prs12082016.pdf
2016-09-30,INCLUDE,LALPATHLAB,NSE_6E0CB7353991,APPLIED,ind_prs12082016.pdf
2016-09-30,INCLUDE,LINDEINDIA,NSE_98B70630B94C,APPLIED,ind_prs12082016.pdf
2016-09-30,INCLUDE,MFSL,NSE_98CBA18954BD,APPLIED,ind_prs12082016.pdf
2016-09-30,INCLUDE,MYSOREBANK,NSE_70CEEC6EEF1C,APPLIED,ind_prs12082016.pdf
2016-09-30,INCLUDE,NAVINFLUOR,NSE_FD6C3BA21716,APPLIED,ind_prs12082016.pdf
2016-09-30,INCLUDE,NH,NSE_659E411DCE22,APPLIED,ind_prs12082016.pdf
2016-09-30,INCLUDE,NILKAMAL,NSE_75A1EC6089B7,APPLIED,ind_prs12082016.pdf
2016-09-30,INCLUDE,OCL,NSE_FB65F4DE6E54,APPLIED,ind_prs12082016.pdf
2016-09-30,INCLUDE,RELIGARE,NSE_DE21F68BED21,APPLIED,ind_prs12082016.pdf
2016-09-30,INCLUDE,SBT,NSE_633BD53DAEC1,APPLIED,ind_prs12082016.pdf
2016-09-30,INCLUDE,SEQUENT,NSE_F7B46E5369C2,APPLIED,ind_prs12082016.pdf
2016-09-30,INCLUDE,SFCL,NSE_D67F47161F2D,APPLIED,ind_prs12082016.pdf
2016-09-30,INCLUDE,SUPRAJIT,NSE_3B598B9F02C0,APPLIED,ind_prs12082016.pdf
2016-11-15,EXCLUDE,CAIRN,NSE_C4988FC46272,APPLIED,ind_prs17102016.pdf
2016-11-15,INCLUDE,CROMPTON,NSE_B04856B88EED,APPLIED,ind_prs17102016.pdf
2017-01-23,EXCLUDE,DISHMAN,NSE_693A363A5FF4,APPLIED,ind_prs16012017.pdf
2017-01-23,EXCLUDE,MFSL,NSE_98CBA18954BD,APPLIED,ind_prs16012017.pdf
2017-01-23,EXCLUDE,OCL,NSE_FB65F4DE6E54,APPLIED,ind_prs16012017.pdf
2017-01-23,EXCLUDE,SFCL,NSE_D67F47161F2D,APPLIED,ind_prs16012017.pdf
2017-01-23,INCLUDE,ADVENZYMES,NSE_617F173B98ED,APPLIED,ind_prs16012017.pdf
2017-01-23,INCLUDE,ASAHIINDIA,NSE_502982CDBAAD,APPLIED,ind_prs16012017.pdf
2017-01-23,INCLUDE,RBLBANK,NSE_3A5699DD10E6,APPLIED,ind_prs16012017.pdf
2017-01-23,INCLUDE,UJJIVAN,NSE_6F61D6CF659B,APPLIED,ind_prs16012017.pdf
2017-03-16,EXCLUDE,MYSOREBANK,NSE_70CEEC6EEF1C,APPLIED,ind_prs07032017.pdf
2017-03-16,EXCLUDE,SBBJ,NSE_C23A48F8DAF4,APPLIED,ind_prs07032017.pdf
2017-03-16,EXCLUDE,SBT,NSE_633BD53DAEC1,APPLIED,ind_prs07032017.pdf
2017-03-16,INCLUDE,FRETAIL,NSE_E987DDA51421,APPLIED,ind_prs07032017.pdf
2017-03-16,INCLUDE,MAXINDIA,NSE_1469848A6218,APPLIED,ind_prs07032017.pdf
2017-03-16,INCLUDE,MGL,NSE_78E18EB5DA28,APPLIED,ind_prs07032017.pdf
2017-03-31,EXCLUDE,ALOKTEXT,NSE_F9F670EF6794,APPLIED,ind_prs16022017.pdf
2017-03-31,EXCLUDE,BRFL,NSE_FBA9C5E2CF53,APPLIED,ind_prs16022017.pdf
2017-03-31,EXCLUDE,BRIGADE,NSE_70B7FE697D9F,APPLIED,ind_prs16022017.pdf
2017-03-31,EXCLUDE,DYNAMATECH,NSE_C449D23376D8,APPLIED,ind_prs16022017.pdf
2017-03-31,EXCLUDE,FLFL,NSE_3F39E4C95613,APPLIED,ind_prs16022017.pdf
2017-03-31,EXCLUDE,INGERRAND,NSE_B34554B04EA8,APPLIED,ind_prs16022017.pdf
2017-03-31,EXCLUDE,IPAPPM,NSE_68E3F7F5879F,APPLIED,ind_prs16022017.pdf
2017-03-31,EXCLUDE,JPINFRATEC,NSE_8ADC58AB4A5B,APPLIED,ind_prs16022017.pdf
2017-03-31,EXCLUDE,JPPOWER,NSE_65EC163FC41A,APPLIED,ind_prs16022017.pdf
2017-03-31,EXCLUDE,JSWHL,NSE_6FD1FA25B4D5,APPLIED,ind_prs16022017.pdf
2017-03-31,EXCLUDE,KSBPUMPS,NSE_7ADB1BE970F4,APPLIED,ind_prs16022017.pdf
2017-03-31,EXCLUDE,LAOPALA,NSE_5C11B50967B3,APPLIED,ind_prs16022017.pdf
2017-03-31,EXCLUDE,LINDEINDIA,NSE_98B70630B94C,APPLIED,ind_prs16022017.pdf
2017-03-31,EXCLUDE,LITL,NSE_D76472EF418A,APPLIED,ind_prs16022017.pdf
2017-03-31,EXCLUDE,MAHLIFE,NSE_57304F91501D,APPLIED,ind_prs16022017.pdf
2017-03-31,EXCLUDE,MAYURUNIQ,NSE_E8494F35C12B,APPLIED,ind_prs16022017.pdf
2017-03-31,EXCLUDE,SEQUENT,NSE_F7B46E5369C2,APPLIED,ind_prs16022017.pdf
2017-03-31,EXCLUDE,SHOPERSTOP,NSE_FA3A03D8F627,APPLIED,ind_prs16022017.pdf
2017-03-31,EXCLUDE,SIMPLEXINF,NSE_021F12AAAD79,APPLIED,ind_prs16022017.pdf
2017-03-31,EXCLUDE,SINTEX,NSE_7F1FE9599769,APPLIED,ind_prs16022017.pdf
2017-03-31,EXCLUDE,SITINET,NSE_AB2CD07E1D43,APPLIED,ind_prs16022017.pdf
2017-03-31,EXCLUDE,SUPRAJIT,NSE_3B598B9F02C0,APPLIED,ind_prs16022017.pdf
2017-03-31,INCLUDE,DBL,NSE_0DF5BDD0F1AA,APPLIED,ind_prs16022017.pdf
2017-03-31,INCLUDE,ENDURANCE,NSE_50BAFA3326BE,APPLIED,ind_prs16022017.pdf
2017-03-31,INCLUDE,FMGOETZE,NSE_EFD7B6E7FD96,APPLIED,ind_prs16022017.pdf
2017-03-31,INCLUDE,GHCL,NSE_5D0160460CD9,APPLIED,ind_prs16022017.pdf
2017-03-31,INCLUDE,GNFC,NSE_D448CCCD5389,APPLIED,ind_prs16022017.pdf
2017-03-31,INCLUDE,GUJALKALI,NSE_9E4C0423BFF8,APPLIED,ind_prs16022017.pdf
2017-03-31,INCLUDE,ICICIPRULI,NSE_3B3D41C8CF5F,APPLIED,ind_prs16022017.pdf
2017-03-31,INCLUDE,KNRCON,NSE_AE25FA292E6D,APPLIED,ind_prs16022017.pdf
2017-03-31,INCLUDE,LTI,NSE_B61709A06339,APPLIED,ind_prs16022017.pdf
2017-03-31,INCLUDE,LTTS,NSE_A0B6C42B481E,APPLIED,ind_prs16022017.pdf
2017-03-31,INCLUDE,MINDACORP,NSE_D92A46834C0F,APPLIED,ind_prs16022017.pdf
2017-03-31,INCLUDE,MINDAIND,NSE_48390A9F12CC,APPLIED,ind_prs16022017.pdf
2017-03-31,INCLUDE,NAVNETEDUL,NSE_851A827BCF83,APPLIED,ind_prs16022017.pdf
2017-03-31,INCLUDE,NBVENTURES,NSE_8BBC0680BDBA,APPLIED,ind_prs16022017.pdf
2017-03-31,INCLUDE,PARAGMILK,NSE_1E720E0D76DE,APPLIED,ind_prs16022017.pdf
2017-03-31,INCLUDE,QUESS,NSE_C1DAEF86162E,APPLIED,ind_prs16022017.pdf
2017-03-31,INCLUDE,RATNAMANI,NSE_55FFE606B7E2,APPLIED,ind_prs16022017.pdf
2017-03-31,INCLUDE,SHILPI,NSE_4AE28DB56B68,APPLIED,ind_prs16022017.pdf
2017-03-31,INCLUDE,STRTECH,NSE_D8BF1C07E0AE,APPLIED,ind_prs16022017.pdf
2017-03-31,INCLUDE,SUDARSCHEM,NSE_8407496D15F8,APPLIED,ind_prs16022017.pdf
2017-03-31,INCLUDE,TATAINVEST,NSE_CC1A452E363C,APPLIED,ind_prs16022017.pdf
2017-03-31,INCLUDE,THYROCARE,NSE_0B84083B7AE8,APPLIED,ind_prs16022017.pdf
2017-05-26,EXCLUDE,ABIRLANUVO,NSE_D9A959B5F435,APPLIED,ind_prs27042017.pdf
2017-05-26,EXCLUDE,GRASIM,NSE_951F0DE091F9,APPLIED,ind_prs27042017.pdf
2017-05-26,EXCLUDE,TUBEINVEST,NSE_EC24712264F2,APPLIED,ind_prs27042017.pdf
2017-05-26,INCLUDE,LAURUSLABS,NSE_82EB3C3636F3,APPLIED,ind_prs27042017.pdf
2017-05-26,INCLUDE,PNBHOUSING,NSE_08AD92AFD5C4,APPLIED,ind_prs27042017.pdf
2017-05-26,INCLUDE,VBL,NSE_0E49BB8B75B8,APPLIED,ind_prs27042017.pdf
2017-06-23,EXCLUDE,IIFL,NSE_F96D3907BEE7,APPLIED,ind_prs15062017.pdf
2017-06-23,INCLUDE,SFL,NSE_BDA35C5DEB61,APPLIED,ind_prs15062017.pdf
2017-09-05,EXCLUDE,RELCAPITAL,NSE_2B12B6998928,APPLIED,ind_prs29082017.pdf
2017-09-05,INCLUDE,MFSL,NSE_98CBA18954BD,APPLIED,ind_prs29082017.pdf
2017-09-29,EXCLUDE,AMTEKAUTO,NSE_DA8CD7DBA4AA,APPLIED,ind_prs28082017.pdf
2017-09-29,EXCLUDE,ANANTRAJ,NSE_3E94CB7D547E,APPLIED,ind_prs28082017.pdf
2017-09-29,EXCLUDE,ASAHIINDIA,NSE_502982CDBAAD,APPLIED,ind_prs28082017.pdf
2017-09-29,EXCLUDE,FDC,NSE_F0C8DB46A2B5,APPLIED,ind_prs28082017.pdf
2017-09-29,EXCLUDE,FMGOETZE,NSE_EFD7B6E7FD96,APPLIED,ind_prs28082017.pdf
2017-09-29,EXCLUDE,GRINDWELL,NSE_5405849154DD,APPLIED,ind_prs28082017.pdf
2017-09-29,EXCLUDE,HMVL,NSE_914B18D01343,APPLIED,ind_prs28082017.pdf
2017-09-29,EXCLUDE,HONAUT,NSE_5FC304B0807C,APPLIED,ind_prs28082017.pdf
2017-09-29,EXCLUDE,JMTAUTOLTD,NSE_E26A501DCF72,APPLIED,ind_prs28082017.pdf
2017-09-29,EXCLUDE,KNRCON,NSE_AE25FA292E6D,APPLIED,ind_prs28082017.pdf
2017-09-29,EXCLUDE,NITINFIRE,NSE_3B67FE1904B0,APPLIED,ind_prs28082017.pdf
2017-09-29,EXCLUDE,ORISSAMINE,NSE_2E6A9952322C,APPLIED,ind_prs28082017.pdf
2017-09-29,EXCLUDE,PUNJLLOYD,NSE_795647D3BCB5,APPLIED,ind_prs28082017.pdf
2017-09-29,EXCLUDE,RATNAMANI,NSE_55FFE606B7E2,APPLIED,ind_prs28082017.pdf
2017-09-29,EXCLUDE,RELAXO,NSE_6C4CBD6F12EE,APPLIED,ind_prs28082017.pdf
2017-09-29,EXCLUDE,RIIL,NSE_824143CEF952,APPLIED,ind_prs28082017.pdf
2017-09-29,EXCLUDE,ROLTA,NSE_0797DFD05BFD,APPLIED,ind_prs28082017.pdf
2017-09-29,EXCLUDE,RUCHISOYA,NSE_9D8A71CA7906,APPLIED,ind_prs28082017.pdf
2017-09-29,EXCLUDE,STCINDIA,NSE_D376FF14ECD7,APPLIED,ind_prs28082017.pdf
2017-09-29,EXCLUDE,TIDEWATER,NSE_62907813BC36,APPLIED,ind_prs28082017.pdf
2017-09-29,EXCLUDE,TRITURBINE,NSE_9CD0408E0E4C,APPLIED,ind_prs28082017.pdf
2017-09-29,EXCLUDE,VSTIND,NSE_BB53E120FC24,APPLIED,ind_prs28082017.pdf
2017-09-29,EXCLUDE,WONDERLA,NSE_4C12111E25F6,APPLIED,ind_prs28082017.pdf
2017-09-29,EXCLUDE,ZYDUSWELL,NSE_EFCAC85BC356,APPLIED,ind_prs28082017.pdf
2017-09-29,INCLUDE,BRFL,NSE_FBA9C5E2CF53,APPLIED,ind_prs28082017.pdf
2017-09-29,INCLUDE,BRIGADE,NSE_70B7FE697D9F,APPLIED,ind_prs28082017.pdf
2017-09-29,INCLUDE,BSE,NSE_421D2CAC1A97,APPLIED,ind_prs28082017.pdf
2017-09-29,INCLUDE,DMART,NSE_96E91CE539E6,APPLIED,ind_prs28082017.pdf
2017-09-29,INCLUDE,FLFL,NSE_3F39E4C95613,APPLIED,ind_prs28082017.pdf
2017-09-29,INCLUDE,HERITGFOOD,NSE_EEAD76022193,APPLIED,ind_prs28082017.pdf
2017-09-29,INCLUDE,IBVENTURES,NSE_B0F020774F39,APPLIED,ind_prs28082017.pdf
2017-09-29,INCLUDE,IFBIND,NSE_697267629832,APPLIED,ind_prs28082017.pdf
2017-09-29,INCLUDE,INGERRAND,NSE_B34554B04EA8,APPLIED,ind_prs28082017.pdf
2017-09-29,INCLUDE,ITDC,NSE_0FF5DAC53AF6,APPLIED,ind_prs28082017.pdf
2017-09-29,INCLUDE,ITI,NSE_E5D99F510B64,APPLIED,ind_prs28082017.pdf
2017-09-29,INCLUDE,JINDALSAW,NSE_D5AEC8D4EBC0,APPLIED,ind_prs28082017.pdf
2017-09-29,INCLUDE,JPPOWER,NSE_65EC163FC41A,APPLIED,ind_prs28082017.pdf
2017-09-29,INCLUDE,JSL,NSE_329ABD1F5CCD,APPLIED,ind_prs28082017.pdf
2017-09-29,INCLUDE,JSLHISAR,NSE_E6FA1070E643,APPLIED,ind_prs28082017.pdf
2017-09-29,INCLUDE,LINDEINDIA,NSE_98B70630B94C,APPLIED,ind_prs28082017.pdf
2017-09-29,INCLUDE,NFL,NSE_7AD0C8434979,APPLIED,ind_prs28082017.pdf
2017-09-29,INCLUDE,RUPA,NSE_9B4AC7DEFB0B,APPLIED,ind_prs28082017.pdf
2017-09-29,INCLUDE,SHOPERSTOP,NSE_FA3A03D8F627,APPLIED,ind_prs28082017.pdf
2017-09-29,INCLUDE,SUPPETRO,NSE_AA00EC8A4A3D,APPLIED,ind_prs28082017.pdf
2017-09-29,INCLUDE,SUPRAJIT,NSE_3B598B9F02C0,APPLIED,ind_prs28082017.pdf
2017-09-29,INCLUDE,TIMETECHNO,NSE_435FD71DA02A,APPLIED,ind_prs28082017.pdf
2017-09-29,INCLUDE,UNITEDBNK,NSE_4F668EBBDC55,APPLIED,ind_prs28082017.pdf
2017-09-29,INCLUDE,VESUVIUS,NSE_81E6A1C5A552,APPLIED,ind_prs28082017.pdf
2017-10-30,EXCLUDE,FRETAIL,NSE_E987DDA51421,APPLIED,ind_prs16102017.pdf
2017-10-30,INCLUDE,HUDCO,NSE_D738174DF89D,APPLIED,ind_prs16102017.pdf
2017-11-13,EXCLUDE,SHILPI,NSE_4AE28DB56B68,APPLIED,ind_prs03112017.pdf
2017-11-13,EXCLUDE,SUNDARMFIN,NSE_D33E443DE34A,APPLIED,ind_prs03112017.pdf
2017-11-13,INCLUDE,AUBANK,NSE_87FFF2928495,APPLIED,ind_prs03112017.pdf
2017-11-13,INCLUDE,RELAXO,NSE_6C4CBD6F12EE,APPLIED,ind_prs03112017.pdf
2017-11-20,EXCLUDE,GAYAPROJ,NSE_1EDC5AB6BDE5,APPLIED,ind_prs10112017.pdf
2017-11-20,INCLUDE,STARCEMENT,NSE_9ABAD18182CF,APPLIED,ind_prs10112017.pdf
2018-02-05,EXCLUDE,CESC,NSE_9FB7052822E7,APPLIED,ind_prs08012018.pdf
2018-02-05,EXCLUDE,FORTIS,NSE_AD5A80C76970,APPLIED,ind_prs08012018.pdf
2018-02-05,EXCLUDE,POLARIS,NSE_A787B7252904,APPLIED,ind_prs08012018.pdf
2018-02-05,EXCLUDE,STAR,NSE_72AFBEE07E5D,APPLIED,ind_prs08012018.pdf
2018-02-05,INCLUDE,COCHINSHIP,NSE_519BAA4E7230,APPLIED,ind_prs08012018.pdf
2018-02-05,INCLUDE,HATSUN,NSE_AF4B789C4B78,APPLIED,ind_prs08012018.pdf
2018-02-05,INCLUDE,RELCAPITAL,NSE_2B12B6998928,APPLIED,ind_prs08012018.pdf
2018-02-05,INCLUDE,TIFIN,NSE_9E3BB2CB962F,APPLIED,ind_prs08012018.pdf
2018-03-13,EXCLUDE,VIDEOIND,NSE_BAF1627773E0,APPLIED,ind_prs06032018.pdf
2018-03-13,INCLUDE,ERIS,NSE_8CDF4E326200,APPLIED,ind_prs06032018.pdf
2018-04-02,EXCLUDE,ADANIENT,NSE_42CD50DCCBD6,APPLIED,ind_prs21022018.pdf
2018-04-02,EXCLUDE,AHLUCONT,NSE_3CD1CF512D16,APPLIED,ind_prs21022018.pdf
2018-04-02,EXCLUDE,APARINDS,NSE_05F316A71726,APPLIED,ind_prs21022018.pdf
2018-04-02,EXCLUDE,ASTRAZEN,NSE_B6937CCD326A,APPLIED,ind_prs21022018.pdf
2018-04-02,EXCLUDE,CORPBANK,NSE_4BB20422BB5F,APPLIED,ind_prs21022018.pdf
2018-04-02,EXCLUDE,DALMIABHA,NSE_DB429E3D7562,APPLIED,ind_prs21022018.pdf
2018-04-02,EXCLUDE,DHANUKA,NSE_9891A0739E64,APPLIED,ind_prs21022018.pdf
2018-04-02,EXCLUDE,ESSELPACK,NSE_896195354D53,APPLIED,ind_prs21022018.pdf
2018-04-02,EXCLUDE,ICRA,NSE_23C7CF9A3EAE,APPLIED,ind_prs21022018.pdf
2018-04-02,EXCLUDE,IGARASHI,NSE_DAE0D0015DDC,APPLIED,ind_prs21022018.pdf
2018-04-02,EXCLUDE,INGERRAND,NSE_B34554B04EA8,APPLIED,ind_prs21022018.pdf
2018-04-02,EXCLUDE,LINDEINDIA,NSE_98B70630B94C,APPLIED,ind_prs21022018.pdf
2018-04-02,EXCLUDE,MONSANTO,NSE_3C830EF00D9B,APPLIED,ind_prs21022018.pdf
2018-04-02,EXCLUDE,NAVNETEDUL,NSE_851A827BCF83,APPLIED,ind_prs21022018.pdf
2018-04-02,EXCLUDE,SCHNEIDER,NSE_3CFB46E142F9,APPLIED,ind_prs21022018.pdf
2018-04-02,EXCLUDE,SHARDACROP,NSE_AE697C87E3F3,APPLIED,ind_prs21022018.pdf
2018-04-02,EXCLUDE,SHILPAMED,NSE_66EF9E74F5E3,APPLIED,ind_prs21022018.pdf
2018-04-02,EXCLUDE,SNOWMAN,NSE_015D3C811935,APPLIED,ind_prs21022018.pdf
2018-04-02,EXCLUDE,SOMANYCERA,NSE_FA96276A2517,APPLIED,ind_prs21022018.pdf
2018-04-02,EXCLUDE,SUPPETRO,NSE_AA00EC8A4A3D,APPLIED,ind_prs21022018.pdf
2018-04-02,EXCLUDE,SUPRAJIT,NSE_3B598B9F02C0,APPLIED,ind_prs21022018.pdf
2018-04-02,EXCLUDE,UNITEDBNK,NSE_4F668EBBDC55,APPLIED,ind_prs21022018.pdf
2018-04-02,EXCLUDE,VESUVIUS,NSE_81E6A1C5A552,APPLIED,ind_prs21022018.pdf
2018-04-02,EXCLUDE,ZENSARTECH,NSE_328A23F1543C,APPLIED,ind_prs21022018.pdf
2018-04-02,INCLUDE,ABCAPITAL,NSE_8D903D63E255,APPLIED,ind_prs21022018.pdf
2018-04-02,INCLUDE,ASAHIINDIA,NSE_502982CDBAAD,APPLIED,ind_prs21022018.pdf
2018-04-02,INCLUDE,CDSL,NSE_3A59D4375DE3,APPLIED,ind_prs21022018.pdf
2018-04-02,INCLUDE,DCAL,NSE_087EBB35F638,APPLIED,ind_prs21022018.pdf
2018-04-02,INCLUDE,DIXON,NSE_594968069C9C,APPLIED,ind_prs21022018.pdf
2018-04-02,INCLUDE,GICRE,NSE_5700B54677A9,APPLIED,ind_prs21022018.pdf
2018-04-02,INCLUDE,GODREJAGRO,NSE_F4683ACDECE7,APPLIED,ind_prs21022018.pdf
2018-04-02,INCLUDE,GRAPHITE,NSE_0F72F66469D6,APPLIED,ind_prs21022018.pdf
2018-04-02,INCLUDE,GRASIM,NSE_951F0DE091F9,APPLIED,ind_prs21022018.pdf
2018-04-02,INCLUDE,HEG,NSE_2EF7833DA8D3,APPLIED,ind_prs21022018.pdf
2018-04-02,INCLUDE,HONAUT,NSE_5FC304B0807C,APPLIED,ind_prs21022018.pdf
2018-04-02,INCLUDE,HSCL,NSE_870926D02A20,APPLIED,ind_prs21022018.pdf
2018-04-02,INCLUDE,ICICIGI,NSE_3F703015A8A4,APPLIED,ind_prs21022018.pdf
2018-04-02,INCLUDE,IEX,NSE_DE5DE93EB4E5,APPLIED,ind_prs21022018.pdf
2018-04-02,INCLUDE,IIFL,NSE_F96D3907BEE7,APPLIED,ind_prs21022018.pdf
2018-04-02,INCLUDE,KNRCON,NSE_AE25FA292E6D,APPLIED,ind_prs21022018.pdf
2018-04-02,INCLUDE,MASFIN,NSE_E1897D16F276,APPLIED,ind_prs21022018.pdf
2018-04-02,INCLUDE,NESCO,NSE_B314BB60ABB8,APPLIED,ind_prs21022018.pdf
2018-04-02,INCLUDE,RHFL,NSE_42389EFA283C,APPLIED,ind_prs21022018.pdf
2018-04-02,INCLUDE,SADBHIN,NSE_759F0BD4CDE1,APPLIED,ind_prs21022018.pdf
2018-04-02,INCLUDE,SBILIFE,NSE_64FA5F3DB129,APPLIED,ind_prs21022018.pdf
2018-04-02,INCLUDE,SHANKARA,NSE_6246AD197B0E,APPLIED,ind_prs21022018.pdf
2018-04-02,INCLUDE,SIS,NSE_C457B5E6B67B,APPLIED,ind_prs21022018.pdf
2018-04-02,INCLUDE,SPTL,NSE_C07DB11DA201,APPLIED,ind_prs21022018.pdf
2018-06-29,EXCLUDE,ARVIND,NSE_C60D64EC58FE,APPLIED,ind_prs24052018.pdf
2018-06-29,EXCLUDE,COX&KINGS,NSE_F10717A1FD65,APPLIED,ind_prs24052018.pdf
2018-06-29,EXCLUDE,HTMEDIA,NSE_D5ACCFD1139D,APPLIED,ind_prs20062018.pdf
2018-06-29,EXCLUDE,TATACOMM,NSE_C941893EE311,APPLIED,ind_prs24052018.pdf
2018-06-29,INCLUDE,ASTERDM,NSE_CA1A054ED475,APPLIED,ind_prs20062018.pdf
2018-06-29,INCLUDE,FRETAIL,NSE_E987DDA51421,APPLIED,ind_prs24052018.pdf
2018-06-29,INCLUDE,KIOCL,NSE_AE4994F757D1,APPLIED,ind_prs24052018.pdf
2018-06-29,INCLUDE,TIINDIA,NSE_9B0BB2C2D564,APPLIED,ind_prs24052018.pdf
2018-08-08,EXCLUDE,TECHNO,NSE_3D6C785A9060,APPLIED,ind_prs01082018.pdf
2018-08-08,INCLUDE,BDL,NSE_E8595461AB42,APPLIED,ind_prs01082018.pdf
2018-09-28,EXCLUDE,ABAN,NSE_0B222906F7FD,APPLIED,ind_prs28082018.pdf
2018-09-28,EXCLUDE,ASAHIINDIA,NSE_502982CDBAAD,APPLIED,ind_prs28082018.pdf
2018-09-28,EXCLUDE,BAJAJHIND,NSE_5C9D4FE8FB14,APPLIED,ind_prs28082018.pdf
2018-09-28,EXCLUDE,BALLARPUR,NSE_CA3DF13D56B2,APPLIED,ind_prs28082018.pdf
2018-09-28,EXCLUDE,BFUTILITIE,NSE_568BEFC20200,APPLIED,ind_prs28082018.pdf
2018-09-28,EXCLUDE,BGRENERGY,NSE_D0ABB9249124,APPLIED,ind_prs28082018.pdf
2018-09-28,EXCLUDE,BHUSANSTL,NSE_8212B1829EDC,APPLIED,ind_prs28082018.pdf
2018-09-28,EXCLUDE,BRFL,NSE_FBA9C5E2CF53,APPLIED,ind_prs28082018.pdf
2018-09-28,EXCLUDE,DBREALTY,NSE_3BA10F0A3FEB,APPLIED,ind_prs28082018.pdf
2018-09-28,EXCLUDE,GATI,NSE_364D63478B99,APPLIED,ind_prs28082018.pdf
2018-09-28,EXCLUDE,HDIL,NSE_0359BC4768A2,APPLIED,ind_prs28082018.pdf
2018-09-28,EXCLUDE,JBFIND,NSE_4BAE2C6D9653,APPLIED,ind_prs28082018.pdf
2018-09-28,EXCLUDE,JINDALPOLY,NSE_3E5680388E4E,APPLIED,ind_prs28082018.pdf
2018-09-28,EXCLUDE,KESORAMIND,NSE_4723627B4BA6,APPLIED,ind_prs28082018.pdf
2018-09-28,EXCLUDE,KITEX,NSE_9A051282CA4A,APPLIED,ind_prs28082018.pdf
2018-09-28,EXCLUDE,KPIT,NSE_64BF9F3DBA41,APPLIED,ind_prs31082018.pdf
2018-09-28,EXCLUDE,KWALITY,NSE_08FB9B51264C,APPLIED,ind_prs28082018.pdf
2018-09-28,EXCLUDE,MARKSANS,NSE_ED601A410747,APPLIED,ind_prs28082018.pdf
2018-09-28,EXCLUDE,MTNL,NSE_D10A18C00D0B,APPLIED,ind_prs28082018.pdf
2018-09-28,EXCLUDE,RAMCOSYS,NSE_D701BCB8CF79,APPLIED,ind_prs28082018.pdf
2018-09-28,EXCLUDE,RELIGARE,NSE_DE21F68BED21,APPLIED,ind_prs28082018.pdf
2018-09-28,EXCLUDE,RTNPOWER,NSE_D8E4AC26C341,APPLIED,ind_prs28082018.pdf
2018-09-28,EXCLUDE,SFL,NSE_BDA35C5DEB61,APPLIED,ind_prs28082018.pdf
2018-09-28,EXCLUDE,SMLISUZU,NSE_F2B25E44F3E5,APPLIED,ind_prs28082018.pdf
2018-09-28,EXCLUDE,UNITECH,NSE_3A0DDDDAEB27,APPLIED,ind_prs28082018.pdf
2018-09-28,EXCLUDE,ZEELEARN,NSE_D0658C86F917,APPLIED,ind_prs28082018.pdf
2018-09-28,INCLUDE,BANDHANBNK,NSE_AFFB9705212D,APPLIED,ind_prs28082018.pdf
2018-09-28,INCLUDE,ELGIEQUIP,NSE_B88435B10855,APPLIED,ind_prs28082018.pdf
2018-09-28,INCLUDE,EXCELCROP,NSE_E6EF857CE112,APPLIED,ind_prs28082018.pdf
2018-09-28,INCLUDE,FDC,NSE_F0C8DB46A2B5,APPLIED,ind_prs28082018.pdf
2018-09-28,INCLUDE,GALAXYSURF,NSE_4495A778EB6C,APPLIED,ind_prs28082018.pdf
2018-09-28,INCLUDE,GAYAPROJ,NSE_1EDC5AB6BDE5,APPLIED,ind_prs28082018.pdf
2018-09-28,INCLUDE,GRINDWELL,NSE_5405849154DD,APPLIED,ind_prs28082018.pdf
2018-09-28,INCLUDE,HAL,NSE_989FE84D8C37,APPLIED,ind_prs28082018.pdf
2018-09-28,INCLUDE,HDFCLIFE,NSE_7663F81C7334,APPLIED,ind_prs28082018.pdf
2018-09-28,INCLUDE,ISEC,NSE_38B591471B4F,APPLIED,ind_prs28082018.pdf
2018-09-28,INCLUDE,LEMONTREE,NSE_4AFBC5E81D2E,APPLIED,ind_prs28082018.pdf
2018-09-28,INCLUDE,LINDEINDIA,NSE_98B70630B94C,APPLIED,ind_prs28082018.pdf
2018-09-28,INCLUDE,LUXIND,NSE_9E9C47A8D1E8,APPLIED,ind_prs28082018.pdf
2018-09-28,INCLUDE,MAHLOG,NSE_E17095DD806F,APPLIED,ind_prs28082018.pdf
2018-09-28,INCLUDE,MONSANTO,NSE_3C830EF00D9B,APPLIED,ind_prs28082018.pdf
2018-09-28,INCLUDE,NIACL,NSE_4885044E479D,APPLIED,ind_prs28082018.pdf
2018-09-28,INCLUDE,PHILIPCARB,NSE_D63E80751915,APPLIED,ind_prs28082018.pdf
2018-09-28,INCLUDE,RNAM,NSE_16BD845CA93B,APPLIED,ind_prs28082018.pdf
2018-09-28,INCLUDE,SHILPAMED,NSE_66EF9E74F5E3,APPLIED,ind_prs31082018.pdf
2018-09-28,INCLUDE,STAR,NSE_72AFBEE07E5D,APPLIED,ind_prs28082018.pdf
2018-09-28,INCLUDE,SUNDARMFIN,NSE_D33E443DE34A,APPLIED,ind_prs28082018.pdf
2018-09-28,INCLUDE,TEAMLEASE,NSE_EB29D1E33DD1,APPLIED,ind_prs28082018.pdf
2018-09-28,INCLUDE,VENKEYS,NSE_F6D9EDF646AC,APPLIED,ind_prs28082018.pdf
2018-09-28,INCLUDE,VMART,NSE_7C3715E512A4,APPLIED,ind_prs28082018.pdf
2018-09-28,INCLUDE,ZENSARTECH,NSE_328A23F1543C,APPLIED,ind_prs28082018.pdf
2018-09-28,INCLUDE,ZYDUSWELL,NSE_EFCAC85BC356,APPLIED,ind_prs28082018.pdf
2018-12-28,EXCLUDE,BHARATFIN,NSE_276B655CD1C9,APPLIED,ind_prs14122018.pdf
2018-12-28,EXCLUDE,CAPF,NSE_5584AA4A2119,APPLIED,ind_prs14122018.pdf
2018-12-28,EXCLUDE,CENTURYTEX,NSE_F0AC6C0DF830,APPLIED,ind_prs14122018.pdf
2018-12-28,EXCLUDE,HSIL,NSE_CBDF2B22A73F,APPLIED,ind_prs14122018.pdf
2018-12-28,EXCLUDE,IIFL,NSE_F96D3907BEE7,APPLIED,ind_prs14122018.pdf
2018-12-28,INCLUDE,ADANIGREEN,NSE_14A636C8E6CC,APPLIED,ind_prs14122018.pdf
2018-12-28,INCLUDE,FORTIS,NSE_AD5A80C76970,APPLIED,ind_prs14122018.pdf
2018-12-28,INCLUDE,RITES,NSE_88F316E09646,APPLIED,ind_prs14122018.pdf
2018-12-28,INCLUDE,SFL,NSE_BDA35C5DEB61,APPLIED,ind_prs14122018.pdf
2018-12-28,INCLUDE,VARROC,NSE_38CADF4DAE15,APPLIED,ind_prs14122018.pdf
2019-01-28,EXCLUDE,DENABANK,NSE_80CC5FD61589,APPLIED,ind_prs21012019.pdf
2019-01-28,EXCLUDE,VIJAYABANK,NSE_297F6BD649A1,APPLIED,ind_prs21012019.pdf
2019-01-28,INCLUDE,CORPBANK,NSE_4BB20422BB5F,APPLIED,ind_prs21012019.pdf
2019-01-28,INCLUDE,CREDITACC,NSE_892691D726B4,APPLIED,ind_prs21012019.pdf
2019-03-29,EXCLUDE,8KMILES,NSE_4E27A558622E,APPLIED,ind_prs25022019.pdf
2019-03-29,EXCLUDE,AARTIIND,NSE_81E1BA306A07,APPLIED,ind_prs25022019.pdf
2019-03-29,EXCLUDE,DEN,NSE_AA8359966309,APPLIED,ind_prs25022019.pdf
2019-03-29,EXCLUDE,DREDGECORP,NSE_04670D8A7F6D,APPLIED,ind_prs25022019.pdf
2019-03-29,EXCLUDE,EROSMEDIA,NSE_5746654C1D62,APPLIED,ind_prs25022019.pdf
2019-03-29,EXCLUDE,EVEREADY,NSE_305BA34187E0,APPLIED,ind_prs25022019.pdf
2019-03-29,EXCLUDE,GREENPLY,NSE_E33BF28052EC,APPLIED,ind_prs25022019.pdf
2019-03-29,EXCLUDE,GVKPIL,NSE_24552B404E28,APPLIED,ind_prs25022019.pdf
2019-03-29,EXCLUDE,HCC,NSE_B3012E7D6C4A,APPLIED,ind_prs25022019.pdf
2019-03-29,EXCLUDE,HCL-INSYS,NSE_AB585951AF9C,APPLIED,ind_prs25022019.pdf
2019-03-29,EXCLUDE,ICIL,NSE_41D6658A86E3,APPLIED,ind_prs25022019.pdf
2019-03-29,EXCLUDE,IL&FSTRANS,NSE_938AB0376CFC,APPLIED,ind_prs25022019.pdf
2019-03-29,EXCLUDE,JCHAC,NSE_85A771F24921,APPLIED,ind_prs25022019.pdf
2019-03-29,EXCLUDE,JKIL,NSE_EB5B1EE4D766,APPLIED,ind_prs25022019.pdf
2019-03-29,EXCLUDE,JPPOWER,NSE_65EC163FC41A,APPLIED,ind_prs25022019.pdf
2019-03-29,EXCLUDE,MANPASAND,NSE_D4F3ADAA19EE,APPLIED,ind_prs25022019.pdf
2019-03-29,EXCLUDE,MCLEODRUSS,NSE_BCFDB4A1DA40,APPLIED,ind_prs25022019.pdf
2019-03-29,EXCLUDE,NAVKARCORP,NSE_E7C0FAEE3336,APPLIED,ind_prs25022019.pdf
2019-03-29,EXCLUDE,PFS,NSE_3066C4DD5B47,APPLIED,ind_prs25022019.pdf
2019-03-29,EXCLUDE,RNAVAL,NSE_9050AA71D782,APPLIED,ind_prs25022019.pdf
2019-03-29,EXCLUDE,SADBHIN,NSE_759F0BD4CDE1,APPLIED,ind_prs25022019.pdf
2019-03-29,EXCLUDE,TATASPONGE,NSE_418B7FB30526,APPLIED,ind_prs25022019.pdf
2019-03-29,EXCLUDE,TEXRAIL,NSE_63EB9280D90F,APPLIED,ind_prs25022019.pdf
2019-03-29,EXCLUDE,TVSSRICHAK,NSE_AD4461AE56EF,APPLIED,ind_prs25022019.pdf
2019-03-29,EXCLUDE,UNICHEMLAB,NSE_11D6411F8FF1,APPLIED,ind_prs25022019.pdf
2019-03-29,INCLUDE,AAVAS,NSE_0F5D12813238,APPLIED,ind_prs25022019.pdf
2019-03-29,INCLUDE,ASTRAZEN,NSE_B6937CCD326A,APPLIED,ind_prs25022019.pdf
2019-03-29,INCLUDE,CESC,NSE_9FB7052822E7,APPLIED,ind_prs25022019.pdf
2019-03-29,INCLUDE,COX&KINGS,NSE_F10717A1FD65,APPLIED,ind_prs25022019.pdf
2019-03-29,INCLUDE,DEEPAKNTR,NSE_8A358CA8F00D,APPLIED,ind_prs25022019.pdf
2019-03-29,INCLUDE,ESSELPACK,NSE_896195354D53,APPLIED,ind_prs25022019.pdf
2019-03-29,INCLUDE,FINEORG,NSE_B1D2A8B04E95,APPLIED,ind_prs25022019.pdf
2019-03-29,INCLUDE,HDFCAMC,NSE_B41F7AA07AC7,APPLIED,ind_prs25022019.pdf
2019-03-29,INCLUDE,IBULISL,NSE_B585B7685364,APPLIED,ind_prs25022019.pdf
2019-03-29,INCLUDE,ICRA,NSE_23C7CF9A3EAE,APPLIED,ind_prs25022019.pdf
2019-03-29,INCLUDE,INDOSTAR,NSE_1B43303A9FAD,APPLIED,ind_prs25022019.pdf
2019-03-29,INCLUDE,IRCON,NSE_3F905739D72F,APPLIED,ind_prs25022019.pdf
2019-03-29,INCLUDE,JAMNAAUTO,NSE_BE2FF8182DD5,APPLIED,ind_prs25022019.pdf
2019-03-29,INCLUDE,JKPAPER,NSE_396C5E0A148B,APPLIED,ind_prs25022019.pdf
2019-03-29,INCLUDE,KEI,NSE_C27A7287553C,APPLIED,ind_prs25022019.pdf
2019-03-29,INCLUDE,KIRLOSENG,NSE_9B9A5379FE9C,APPLIED,ind_prs25022019.pdf
2019-03-29,INCLUDE,MAHABANK,NSE_77034359872C,APPLIED,ind_prs25022019.pdf
2019-03-29,INCLUDE,MAHSCOOTER,NSE_E9CD94ECB13B,APPLIED,ind_prs25022019.pdf
2019-03-29,INCLUDE,MAHSEAMLES,NSE_D45E2178880F,APPLIED,ind_prs25022019.pdf
2019-03-29,INCLUDE,ORIENTELEC,NSE_2A0ECB1CAF9E,APPLIED,ind_prs25022019.pdf
2019-03-29,INCLUDE,SHARDACROP,NSE_AE697C87E3F3,APPLIED,ind_prs25022019.pdf
2019-03-29,INCLUDE,SUPRAJIT,NSE_3B598B9F02C0,APPLIED,ind_prs25022019.pdf
2019-03-29,INCLUDE,TCNSBRANDS,NSE_F07C9B82EB42,APPLIED,ind_prs25022019.pdf
2019-03-29,INCLUDE,TRITURBINE,NSE_9CD0408E0E4C,APPLIED,ind_prs25022019.pdf
2019-03-29,INCLUDE,VSTIND,NSE_BB53E120FC24,APPLIED,ind_prs25022019.pdf
2019-04-15,EXCLUDE,EXCELCROP,NSE_E6EF857CE112,APPLIED,ind_prs08042019.pdf
2019-04-15,INCLUDE,SUNCLAYLTD,NSE_72C836734F97,APPLIED,ind_prs08042019.pdf
2019-06-28,EXCLUDE,GUJFLUORO,NSE_6835A4E7227D,APPLIED,ind_prs13062019.pdf
2019-06-28,EXCLUDE,MONSANTO,NSE_3C830EF00D9B,APPLIED,ind_prs13062019.pdf
2019-06-28,INCLUDE,CHALET,NSE_C617F8AD6C46,APPLIED,ind_prs13062019.pdf
2019-06-28,INCLUDE,DALBHARAT,NSE_CE1B55B0FE79,APPLIED,ind_prs13062019.pdf
2019-09-24,EXCLUDE,JETAIRWAYS,NSE_A7A22C73AF33,APPLIED,ind_prs17092019_1.pdf
2019-09-24,INCLUDE,VAIBHAVGBL,NSE_BBC622D344B2,APPLIED,ind_prs17092019_1.pdf
2019-09-27,EXCLUDE,ABB,NSE_FE37750EBD83,APPLIED,ind_prs28082019.pdf
2019-09-27,EXCLUDE,DEEPAKFERT,NSE_9EF7F390DA4E,APPLIED,ind_prs28082019.pdf
2019-09-27,EXCLUDE,GDL,NSE_680430C14CBF,APPLIED,ind_prs28082019.pdf
2019-09-27,EXCLUDE,GRUH,NSE_E102D7DE4C2C,APPLIED,ind_prs28082019.pdf
2019-09-27,EXCLUDE,GSKCONS,NSE_FED8B098DEA5,APPLIED,ind_prs28082019.pdf
2019-09-27,EXCLUDE,INDOCO,NSE_1957FAB1366F,APPLIED,ind_prs28082019.pdf
2019-09-27,EXCLUDE,INOXWIND,NSE_98B5AF24A80B,APPLIED,ind_prs28082019.pdf
2019-09-27,EXCLUDE,JPASSOCIAT,NSE_2DA8AA828257,APPLIED,ind_prs28082019.pdf
2019-09-27,EXCLUDE,KIOCL,NSE_AE4994F757D1,APPLIED,ind_prs28082019.pdf
2019-09-27,EXCLUDE,RCOM,NSE_A935B8CC4714,APPLIED,ind_prs28082019.pdf
2019-09-27,EXCLUDE,RHFL,NSE_42389EFA283C,APPLIED,ind_prs28082019.pdf
2019-09-27,EXCLUDE,RKFORGE,NSE_8D41A8008DA2,APPLIED,ind_prs28082019.pdf
2019-09-27,EXCLUDE,RUPA,NSE_9B4AC7DEFB0B,APPLIED,ind_prs28082019.pdf
2019-09-27,EXCLUDE,SCI,NSE_FECEC1EAA0A3,APPLIED,ind_prs28082019.pdf
2019-09-27,EXCLUDE,SHANKARA,NSE_6246AD197B0E,APPLIED,ind_prs28082019.pdf
2019-09-27,EXCLUDE,SHARDACROP,NSE_AE697C87E3F3,APPLIED,ind_prs28082019.pdf
2019-09-27,EXCLUDE,SPTL,NSE_C07DB11DA201,APPLIED,ind_prs28082019.pdf
2019-09-27,EXCLUDE,SREINFRA,NSE_CEF9C41C45DE,APPLIED,ind_prs28082019.pdf
2019-09-27,EXCLUDE,TATACOFFEE,NSE_13CDBE86B707,APPLIED,ind_prs28082019.pdf
2019-09-27,EXCLUDE,THOMASCOOK,NSE_AA256B638694,APPLIED,ind_prs17092019.pdf
2019-09-27,EXCLUDE,TNPL,NSE_E7F329485D3D,APPLIED,ind_prs28082019.pdf
2019-09-27,EXCLUDE,TRITURBINE,NSE_9CD0408E0E4C,APPLIED,ind_prs28082019.pdf
2019-09-27,INCLUDE,ABBOTINDIA,NSE_83A9DF85F983,APPLIED,ind_prs28082019.pdf
2019-09-27,INCLUDE,ADANIGAS,NSE_969AA315029E,APPLIED,ind_prs28082019.pdf
2019-09-27,INCLUDE,AMBER,NSE_46A4593AF05A,APPLIED,ind_prs28082019.pdf
2019-09-27,INCLUDE,ARVINDFASN,NSE_806A916D3197,APPLIED,ind_prs28082019.pdf
2019-09-27,INCLUDE,BAYERCROP,NSE_EC27C1265F27,APPLIED,ind_prs28082019.pdf
2019-09-27,INCLUDE,BSOFT,NSE_64BF9F3DBA41,APPLIED,ind_prs28082019.pdf
2019-09-27,INCLUDE,CGCL,NSE_E7891F352261,APPLIED,ind_prs28082019.pdf
2019-09-27,INCLUDE,DEN,NSE_AA8359966309,APPLIED,ind_prs28082019.pdf
2019-09-27,INCLUDE,FMGOETZE,NSE_EFD7B6E7FD96,APPLIED,ind_prs28082019.pdf
2019-09-27,INCLUDE,GARFIBRES,NSE_11DA18056321,APPLIED,ind_prs28082019.pdf
2019-09-27,INCLUDE,IIFL,NSE_F96D3907BEE7,APPLIED,ind_prs17092019.pdf
2019-09-27,INCLUDE,JCHAC,NSE_85A771F24921,APPLIED,ind_prs28082019.pdf
2019-09-27,INCLUDE,KPITTECH,NSE_6BCEC6E04CC0,APPLIED,ind_prs28082019.pdf
2019-09-27,INCLUDE,MCX,NSE_77D1AF649A35,APPLIED,ind_prs28082019.pdf
2019-09-27,INCLUDE,METROPOLIS,NSE_D49044EAC01A,APPLIED,ind_prs28082019.pdf
2019-09-27,INCLUDE,NESTLEIND,NSE_5E3364EF921A,APPLIED,ind_prs28082019.pdf
2019-09-27,INCLUDE,ORIENTREF,NSE_62370E1BA80E,APPLIED,ind_prs28082019.pdf
2019-09-27,INCLUDE,POLYCAB,NSE_2E6044362252,APPLIED,ind_prs28082019.pdf
2019-09-27,INCLUDE,RATNAMANI,NSE_55FFE606B7E2,APPLIED,ind_prs28082019.pdf
2019-09-27,INCLUDE,RVNL,NSE_E3E1AC8435EA,APPLIED,ind_prs28082019.pdf
2019-09-27,INCLUDE,TCIEXP,NSE_50C6EFC6FCC4,APPLIED,ind_prs28082019.pdf
2019-09-27,INCLUDE,TECHNOE,NSE_C91869243FA4,APPLIED,ind_prs28082019.pdf
2019-12-26,EXCLUDE,CGPOWER,NSE_812A4A064978,APPLIED,ind_prs18122019.pdf
2019-12-26,EXCLUDE,COFFEEDAY,NSE_EBB02BC0F381,APPLIED,ind_prs18122019.pdf
2019-12-26,EXCLUDE,COX&KINGS,NSE_F10717A1FD65,APPLIED,ind_prs18122019.pdf
2019-12-26,INCLUDE,AFFLE,NSE_03BC3A91CD0A,APPLIED,ind_prs18122019.pdf
2019-12-26,INCLUDE,MIDHANI,NSE_6ADCE5AAF1F7,APPLIED,ind_prs18122019.pdf
2019-12-26,INCLUDE,RESPONIND,NSE_D47F04514F84,APPLIED,ind_prs18122019.pdf
2019-12-27,EXCLUDE,ALBK,NSE_5115B10A6732,APPLIED,ind_prs16122019.pdf
2019-12-27,EXCLUDE,ANDHRABANK,NSE_684233BD76FF,APPLIED,ind_prs16122019.pdf
2019-12-27,EXCLUDE,CORPBANK,NSE_4BB20422BB5F,APPLIED,ind_prs16122019.pdf
2019-12-27,EXCLUDE,DEN,NSE_AA8359966309,APPLIED,ind_prs19122019.pdf
2019-12-27,EXCLUDE,HATHWAY,NSE_BC781E1A1FE3,APPLIED,ind_prs19122019.pdf
2019-12-27,EXCLUDE,MAXINDIA,NSE_1469848A6218,APPLIED,ind_prs16122019.pdf
2019-12-27,EXCLUDE,ORIENTBANK,NSE_694F8FC81FFD,APPLIED,ind_prs16122019.pdf
2019-12-27,EXCLUDE,SYNDIBANK,NSE_74623765623B,APPLIED,ind_prs16122019.pdf
2019-12-27,EXCLUDE,TATACHEM,NSE_806E57D11FFC,APPLIED,ind_prs16122019.pdf
2019-12-27,INCLUDE,AARTIIND,NSE_81E1BA306A07,APPLIED,ind_prs16122019.pdf
2019-12-27,INCLUDE,ASAHIINDIA,NSE_502982CDBAAD,APPLIED,ind_prs16122019.pdf
2019-12-27,INCLUDE,INDIAMART,NSE_EF6D6D99A518,APPLIED,ind_prs16122019.pdf
2019-12-27,INCLUDE,KENNAMET,NSE_A8C822E94F3E,APPLIED,ind_prs19122019.pdf
2019-12-27,INCLUDE,SPANDANA,NSE_EFA321C47A4C,APPLIED,ind_prs16122019.pdf
2019-12-27,INCLUDE,SPICEJET,NSE_87489588C163,APPLIED,ind_prs16122019.pdf
2019-12-27,INCLUDE,TASTYBITE,NSE_955CB9307A3C,APPLIED,ind_prs19122019.pdf
2019-12-27,INCLUDE,TRITURBINE,NSE_9CD0408E0E4C,APPLIED,ind_prs16122019.pdf
2019-12-27,INCLUDE,WESTLIFE,NSE_E8D23E6BAAFB,APPLIED,ind_prs16122019.pdf
2020-01-16,EXCLUDE,SUVEN,NSE_3BC23EE3CDD9,APPLIED,ind_prs09012020.pdf
2020-01-16,INCLUDE,TATASTLBSL,NSE_8212B1829EDC,APPLIED,ind_prs09012020.pdf
2020-03-19,EXCLUDE,YESBANK,NSE_BF514F1F2D5F,APPLIED,ind_prs19032020.pdf
2020-03-19,INCLUDE,SWSOLAR,NSE_D5D3F5346E0E,APPLIED,ind_prs19032020.pdf
2020-06-26,EXCLUDE,CHALET,NSE_C617F8AD6C46,APPLIED,ind_prs10062020.pdf
2020-06-26,EXCLUDE,DHFL,NSE_77D3BA4F489C,APPLIED,ind_prs10062020.pdf
2020-06-26,EXCLUDE,FLFL,NSE_3F39E4C95613,APPLIED,ind_prs10062020.pdf
2020-06-26,EXCLUDE,FMGOETZE,NSE_EFD7B6E7FD96,APPLIED,ind_prs10062020.pdf
2020-06-26,EXCLUDE,GAYAPROJ,NSE_1EDC5AB6BDE5,APPLIED,ind_prs10062020.pdf
2020-06-26,EXCLUDE,IBULISL,NSE_B585B7685364,APPLIED,ind_prs10062020.pdf
2020-06-26,EXCLUDE,ITDCEM,NSE_7F8DECDBEDC8,APPLIED,ind_prs10062020.pdf
2020-06-26,EXCLUDE,JISLJALEQS,NSE_784515CC1BE6,APPLIED,ind_prs10062020.pdf
2020-06-26,EXCLUDE,KENNAMET,NSE_A8C822E94F3E,APPLIED,ind_prs10062020.pdf
2020-06-26,EXCLUDE,KIRLOSENG,NSE_9B9A5379FE9C,APPLIED,ind_prs10062020.pdf
2020-06-26,EXCLUDE,LAKSHVILAS,NSE_0E88CB8DDD57,APPLIED,ind_prs10062020.pdf
2020-06-26,EXCLUDE,MAGMA,NSE_5150BE098E03,APPLIED,ind_prs10062020.pdf
2020-06-26,EXCLUDE,NETWORK18,NSE_66717A9BCB34,APPLIED,ind_prs10062020.pdf
2020-06-26,EXCLUDE,PARAGMILK,NSE_1E720E0D76DE,APPLIED,ind_prs10062020.pdf
2020-06-26,EXCLUDE,PCJEWELLER,NSE_F0FD06753A0C,APPLIED,ind_prs10062020.pdf
2020-06-26,EXCLUDE,RELCAPITAL,NSE_2B12B6998928,APPLIED,ind_prs10062020.pdf
2020-06-26,EXCLUDE,RELINFRA,NSE_A8C2AF338260,APPLIED,ind_prs10062020.pdf
2020-06-26,EXCLUDE,RESPONIND,NSE_D47F04514F84,APPLIED,ind_prs10062020.pdf
2020-06-26,EXCLUDE,RPOWER,NSE_DDAD0193F2D5,APPLIED,ind_prs10062020.pdf
2020-06-26,EXCLUDE,SHILPAMED,NSE_66EF9E74F5E3,APPLIED,ind_prs10062020.pdf
2020-06-26,EXCLUDE,SHK,NSE_F8512C975E62,APPLIED,ind_prs10062020.pdf
2020-06-26,EXCLUDE,SUNCLAYLTD,NSE_72C836734F97,APPLIED,ind_prs10062020.pdf
2020-06-26,EXCLUDE,TECHNOE,NSE_C91869243FA4,APPLIED,ind_prs10062020.pdf
2020-06-26,EXCLUDE,TRITURBINE,NSE_9CD0408E0E4C,APPLIED,ind_prs10062020.pdf
2020-06-26,EXCLUDE,WABAG,NSE_0636AF8D6821,APPLIED,ind_prs10062020.pdf
2020-06-26,INCLUDE,ABB,NSE_FE37750EBD83,APPLIED,ind_prs10062020.pdf
2020-06-26,INCLUDE,ALKYLAMINE,NSE_91CA1F1DFE78,APPLIED,ind_prs10062020.pdf
2020-06-26,INCLUDE,BHARATRAS,NSE_351109872146,APPLIED,ind_prs10062020.pdf
2020-06-26,INCLUDE,CENTURYTEX,NSE_F0AC6C0DF830,APPLIED,ind_prs10062020.pdf
2020-06-26,INCLUDE,CSBBANK,NSE_46F638E1FDD9,APPLIED,ind_prs10062020.pdf
2020-06-26,INCLUDE,DHANUKA,NSE_9891A0739E64,APPLIED,ind_prs10062020.pdf
2020-06-26,INCLUDE,ESABINDIA,NSE_C0628B35007C,APPLIED,ind_prs10062020.pdf
2020-06-26,INCLUDE,FLUOROCHEM,NSE_CD8EB44B80FD,APPLIED,ind_prs10062020.pdf
2020-06-26,INCLUDE,GMMPFAUDLR,NSE_49538A6C1520,APPLIED,ind_prs10062020.pdf
2020-06-26,INCLUDE,GRSE,NSE_75554DD3FC15,APPLIED,ind_prs10062020.pdf
2020-06-26,INCLUDE,HATHWAY,NSE_BC781E1A1FE3,APPLIED,ind_prs10062020.pdf
2020-06-26,INCLUDE,IIFLWAM,NSE_D40F53D9B283,APPLIED,ind_prs10062020.pdf
2020-06-26,INCLUDE,INDOCO,NSE_1957FAB1366F,APPLIED,ind_prs10062020.pdf
2020-06-26,INCLUDE,INGERRAND,NSE_B34554B04EA8,APPLIED,ind_prs10062020.pdf
2020-06-26,INCLUDE,IRCTC,NSE_A06E3D43B46B,APPLIED,ind_prs10062020.pdf
2020-06-26,INCLUDE,KSB,NSE_7ADB1BE970F4,APPLIED,ind_prs10062020.pdf
2020-06-26,INCLUDE,LAOPALA,NSE_5C11B50967B3,APPLIED,ind_prs10062020.pdf
2020-06-26,INCLUDE,POLYMED,NSE_2D9667E60569,APPLIED,ind_prs10062020.pdf
2020-06-26,INCLUDE,SCHNEIDER,NSE_3CFB46E142F9,APPLIED,ind_prs10062020.pdf
2020-06-26,INCLUDE,SCI,NSE_FECEC1EAA0A3,APPLIED,ind_prs10062020.pdf
2020-06-26,INCLUDE,SEQUENT,NSE_F7B46E5369C2,APPLIED,ind_prs10062020.pdf
2020-06-26,INCLUDE,SUMICHEM,NSE_86A0724D9861,APPLIED,ind_prs10062020.pdf
2020-06-26,INCLUDE,TATACOMM,NSE_C941893EE311,APPLIED,ind_prs10062020.pdf
2020-06-26,INCLUDE,UJJIVANSFB,NSE_702CAC2EC1DE,APPLIED,ind_prs10062020.pdf
2020-06-26,INCLUDE,VESUVIUS,NSE_81E6A1C5A552,APPLIED,ind_prs10062020.pdf
2020-07-31,EXCLUDE,VEDL,NSE_4F03492E4C4E,APPLIED,ind_prs02072020_1.pdf
2020-07-31,INCLUDE,SBICARD,NSE_00ABAEDCEC72,APPLIED,ind_prs02072020_1.pdf
2020-09-14,EXCLUDE,ASAHIINDIA,NSE_502982CDBAAD,APPLIED,ind_prs07092020.pdf
2020-09-14,INCLUDE,JTEKTINDIA,NSE_D00C1130DAE7,APPLIED,ind_prs07092020.pdf
2020-09-25,EXCLUDE,ADANIPOWER,NSE_961E02880D58,APPLIED,ind_prs20082020.pdf
2020-09-25,EXCLUDE,ARVINDFASN,NSE_806A916D3197,APPLIED,ind_prs07092020.pdf
2020-09-25,EXCLUDE,GET&D,NSE_7EEBEDF17992,APPLIED,ind_prs20082020.pdf
2020-09-25,EXCLUDE,HEXAWARE,NSE_5813C47C6758,APPLIED,ind_prs20082020.pdf
2020-09-25,EXCLUDE,HIMATSEIDE,NSE_CC0C56B55A2D,APPLIED,ind_prs20082020.pdf
2020-09-25,EXCLUDE,IFCI,NSE_4F2FFAFFC4C4,APPLIED,ind_prs20082020.pdf
2020-09-25,EXCLUDE,INDOSTAR,NSE_1B43303A9FAD,APPLIED,ind_prs20082020.pdf
2020-09-25,EXCLUDE,INTELLECT,NSE_B3968699E9E2,APPLIED,ind_prs20082020.pdf
2020-09-25,EXCLUDE,ITDC,NSE_0FF5DAC53AF6,APPLIED,ind_prs20082020.pdf
2020-09-25,EXCLUDE,JUBILANT,NSE_7E9F9084BD7D,APPLIED,ind_prs20082020.pdf
2020-09-25,EXCLUDE,KPITTECH,NSE_6BCEC6E04CC0,APPLIED,ind_prs07092020.pdf
2020-09-25,EXCLUDE,KPRMILL,NSE_03C46C5018D2,APPLIED,ind_prs20082020.pdf
2020-09-25,EXCLUDE,MAHINDCIE,NSE_0A208E331D8C,APPLIED,ind_prs20082020.pdf
2020-09-25,EXCLUDE,NBVENTURES,NSE_8BBC0680BDBA,APPLIED,ind_prs20082020.pdf
2020-09-25,EXCLUDE,RENUKA,NSE_91BD03BB23F6,APPLIED,ind_prs20082020.pdf
2020-09-25,EXCLUDE,REPCOHOME,NSE_2EAE81E9FD97,APPLIED,ind_prs07092020.pdf
2020-09-25,EXCLUDE,SADBHAV,NSE_A06CF0562665,APPLIED,ind_prs20082020.pdf
2020-09-25,EXCLUDE,SPANDANA,NSE_EFA321C47A4C,APPLIED,ind_prs07092020.pdf
2020-09-25,EXCLUDE,TAKE,NSE_15269CF9ABBD,APPLIED,ind_prs20082020.pdf
2020-09-25,EXCLUDE,TIMETECHNO,NSE_435FD71DA02A,APPLIED,ind_prs20082020.pdf
2020-09-25,EXCLUDE,VESUVIUS,NSE_81E6A1C5A552,APPLIED,ind_prs20082020.pdf
2020-09-25,INCLUDE,AARTIDRUGS,NSE_6B14B0471978,APPLIED,ind_prs20082020.pdf
2020-09-25,INCLUDE,ADANIENT,NSE_42CD50DCCBD6,APPLIED,ind_prs20082020.pdf
2020-09-25,INCLUDE,ALEMBICLTD,NSE_C9C5A501D2C2,APPLIED,ind_prs20082020.pdf
2020-09-25,INCLUDE,ALOKINDS,NSE_2AC56D269FBF,APPLIED,ind_prs20082020.pdf
2020-09-25,INCLUDE,CHALET,NSE_C617F8AD6C46,APPLIED,ind_prs20082020.pdf
2020-09-25,INCLUDE,GAEL,NSE_C2B697FEC9E7,APPLIED,ind_prs20082020.pdf
2020-09-25,INCLUDE,IOLCP,NSE_9CB97949D5FC,APPLIED,ind_prs20082020.pdf
2020-09-25,INCLUDE,NAVNETEDUL,NSE_851A827BCF83,APPLIED,ind_prs20082020.pdf
2020-09-25,INCLUDE,NOCIL,NSE_B02D9BEB0D0A,APPLIED,ind_prs07092020.pdf
2020-09-25,INCLUDE,PAPERPROD,NSE_F210221D2F17,APPLIED,ind_prs20082020.pdf
2020-09-25,INCLUDE,POLYPLEX,NSE_5148BFCB96FF,APPLIED,ind_prs20082020.pdf
2020-09-25,INCLUDE,POWERINDIA,NSE_71C08F9DEEE2,APPLIED,ind_prs20082020.pdf
2020-09-25,INCLUDE,PSPPROJECT,NSE_6868DC7450A6,APPLIED,ind_prs07092020.pdf
2020-09-25,INCLUDE,SHILPAMED,NSE_66EF9E74F5E3,APPLIED,ind_prs20082020.pdf
2020-09-25,INCLUDE,SOLARA,NSE_DED817305039,APPLIED,ind_prs20082020.pdf
2020-09-25,INCLUDE,SUPPETRO,NSE_AA00EC8A4A3D,APPLIED,ind_prs20082020.pdf
2020-09-25,INCLUDE,SUVENPHAR,NSE_BDD195E0616C,APPLIED,ind_prs20082020.pdf
2020-09-25,INCLUDE,SWARAJENG,NSE_7A24E610012A,APPLIED,ind_prs07092020.pdf
2020-09-25,INCLUDE,TATACHEM,NSE_806E57D11FFC,APPLIED,ind_prs20082020.pdf
2020-09-25,INCLUDE,TATACOFFEE,NSE_13CDBE86B707,APPLIED,ind_prs07092020.pdf
2020-09-25,INCLUDE,YESBANK,NSE_BF514F1F2D5F,APPLIED,ind_prs20082020.pdf
2020-11-02,EXCLUDE,ALLCARGO,NSE_6E8A4A1EA4BA,APPLIED,ind_prs26102020.pdf
2020-11-02,INCLUDE,NETWORK18,NSE_66717A9BCB34,APPLIED,ind_prs26102020.pdf
2020-11-25,EXCLUDE,INFIBEAM,NSE_CA42918156CA,APPLIED,ind_prs18112020.pdf
2020-11-25,INCLUDE,MAHINDCIE,NSE_0A208E331D8C,APPLIED,ind_prs18112020.pdf
2021-03-31,EXCLUDE,BOMDYEING,NSE_305DE6D13FA6,APPLIED,ind_prs23022021.pdf
2021-03-31,EXCLUDE,CARERATING,NSE_C900A7D9B807,APPLIED,ind_prs23022021.pdf
2021-03-31,EXCLUDE,CHENNPETRO,NSE_3F1961BC2E0E,APPLIED,ind_prs23022021.pdf
2021-03-31,EXCLUDE,DBCORP,NSE_2562C82A6AA3,APPLIED,ind_prs23022021.pdf
2021-03-31,EXCLUDE,ESABINDIA,NSE_C0628B35007C,APPLIED,ind_prs23022021.pdf
2021-03-31,EXCLUDE,GMDCLTD,NSE_FD88B4145E09,APPLIED,ind_prs23022021.pdf
2021-03-31,EXCLUDE,HATHWAY,NSE_BC781E1A1FE3,APPLIED,ind_prs23022021.pdf
2021-03-31,EXCLUDE,HERITGFOOD,NSE_EEAD76022193,APPLIED,ind_prs23022021.pdf
2021-03-31,EXCLUDE,ICRA,NSE_23C7CF9A3EAE,APPLIED,ind_prs23022021.pdf
2021-03-31,EXCLUDE,J&KBANK,NSE_967CA74C4479,APPLIED,ind_prs23022021.pdf
2021-03-31,EXCLUDE,JAGRAN,NSE_5E4B839E941A,APPLIED,ind_prs23022021.pdf
2021-03-31,EXCLUDE,JAICORPLTD,NSE_DD6777CCA097,APPLIED,ind_prs23022021.pdf
2021-03-31,EXCLUDE,KOLTEPATIL,NSE_A1420584FE56,APPLIED,ind_prs23022021.pdf
2021-03-31,EXCLUDE,KTKBANK,NSE_833D2F2B9358,APPLIED,ind_prs23022021.pdf
2021-03-31,EXCLUDE,NAVNETEDUL,NSE_851A827BCF83,APPLIED,ind_prs23022021.pdf
2021-03-31,EXCLUDE,OMAXE,NSE_75590993F4D0,APPLIED,ind_prs23022021.pdf
2021-03-31,EXCLUDE,ORIENTCEM,NSE_DDCC0F44FC44,APPLIED,ind_prs23022021.pdf
2021-03-31,EXCLUDE,PRAJIND,NSE_09C529487BE0,APPLIED,ind_prs23022021.pdf
2021-03-31,EXCLUDE,PSPPROJECT,NSE_6868DC7450A6,APPLIED,ind_prs23022021.pdf
2021-03-31,EXCLUDE,PTC,NSE_0BA9E4D0059A,APPLIED,ind_prs23022021.pdf
2021-03-31,EXCLUDE,SOUTHBANK,NSE_A80DD1EFE223,APPLIED,ind_prs23022021.pdf
2021-03-31,EXCLUDE,SWARAJENG,NSE_7A24E610012A,APPLIED,ind_prs23022021.pdf
2021-03-31,EXCLUDE,TVTODAY,NSE_1BF63B49C19E,APPLIED,ind_prs23022021.pdf
2021-03-31,EXCLUDE,VRLLOG,NSE_4C0AC873F083,APPLIED,ind_prs23022021.pdf
2021-03-31,INCLUDE,ANGELBRKG,NSE_232F7BA109E4,APPLIED,ind_prs23022021.pdf
2021-03-31,INCLUDE,ASAHIINDIA,NSE_502982CDBAAD,APPLIED,ind_prs23022021.pdf
2021-03-31,INCLUDE,BALAMINES,NSE_338E517DA7BB,APPLIED,ind_prs23022021.pdf
2021-03-31,INCLUDE,CAMS,NSE_6ED25D40CAF7,APPLIED,ind_prs23022021.pdf
2021-03-31,INCLUDE,HAPPSTMNDS,NSE_E0134A40D7AE,APPLIED,ind_prs23022021.pdf
2021-03-31,INCLUDE,HEMIPROP,NSE_80E6BAAF27E1,APPLIED,ind_prs23022021.pdf
2021-03-31,INCLUDE,ICIL,NSE_41D6658A86E3,APPLIED,ind_prs23022021.pdf
2021-03-31,INCLUDE,INTELLECT,NSE_B3968699E9E2,APPLIED,ind_prs23022021.pdf
2021-03-31,INCLUDE,KPITTECH,NSE_6BCEC6E04CC0,APPLIED,ind_prs23022021.pdf
2021-03-31,INCLUDE,KPRMILL,NSE_03C46C5018D2,APPLIED,ind_prs23022021.pdf
2021-03-31,INCLUDE,MAXHEALTH,NSE_74560139A228,APPLIED,ind_prs23022021.pdf
2021-03-31,INCLUDE,MAZDOCK,NSE_8493E8962DCF,APPLIED,ind_prs23022021.pdf
2021-03-31,INCLUDE,PRINCEPIPE,NSE_8E6BA07D1F0E,APPLIED,ind_prs23022021.pdf
2021-03-31,INCLUDE,RESPONIND,NSE_D47F04514F84,APPLIED,ind_prs23022021.pdf
2021-03-31,INCLUDE,ROSSARI,NSE_39E0D7EE6CD1,APPLIED,ind_prs23022021.pdf
2021-03-31,INCLUDE,ROUTE,NSE_197A5E03B180,APPLIED,ind_prs23022021.pdf
2021-03-31,INCLUDE,SHARDACROP,NSE_AE697C87E3F3,APPLIED,ind_prs23022021.pdf
2021-03-31,INCLUDE,SPANDANA,NSE_EFA321C47A4C,APPLIED,ind_prs23022021.pdf
2021-03-31,INCLUDE,SUNCLAYLTD,NSE_72C836734F97,APPLIED,ind_prs23022021.pdf
2021-03-31,INCLUDE,TANLA,NSE_9A2A839DC6BD,APPLIED,ind_prs23022021.pdf
2021-03-31,INCLUDE,TRITURBINE,NSE_9CD0408E0E4C,APPLIED,ind_prs23022021.pdf
2021-03-31,INCLUDE,UTIAMC,NSE_F1D328AB5B2A,APPLIED,ind_prs23022021.pdf
2021-03-31,INCLUDE,VALIANTORG,NSE_7C0DF1AA648B,APPLIED,ind_prs23022021.pdf
2021-03-31,INCLUDE,VEDL,NSE_4F03492E4C4E,APPLIED,ind_prs23022021.pdf
2021-04-29,EXCLUDE,GHCL,NSE_5D0160460CD9,APPLIED,ind_prs22042021.pdf
2021-04-29,EXCLUDE,TATASTLBSL,NSE_8212B1829EDC,APPLIED,ind_prs22042021.pdf
2021-04-29,INCLUDE,BURGERKING,NSE_B24D84EAEDA8,APPLIED,ind_prs22042021.pdf
2021-04-29,INCLUDE,INFIBEAM,NSE_CA42918156CA,APPLIED,ind_prs22042021.pdf
2021-06-30,EXCLUDE,MOTHERSUMI,NSE_108254EF6AA4,APPLIED,ind_prs15062021.pdf
2021-06-30,INCLUDE,GLAND,NSE_A1488DA9F95B,APPLIED,ind_prs15062021.pdf
2021-09-30,EXCLUDE,AKZOINDIA,NSE_72BEDE1400BF,APPLIED,ind_prs15092021.pdf
2021-09-30,EXCLUDE,BALMLAWRIE,NSE_269D4C57C57C,APPLIED,ind_prs15092021.pdf
2021-09-30,EXCLUDE,BLISSGVS,NSE_7D44EE89941C,APPLIED,ind_prs15092021.pdf
2021-09-30,EXCLUDE,DCAL,NSE_087EBB35F638,APPLIED,ind_prs15092021.pdf
2021-09-30,EXCLUDE,DISHTV,NSE_0CDA14210E4D,APPLIED,ind_prs15092021.pdf
2021-09-30,EXCLUDE,FCONSUMER,NSE_F111BB4114FB,APPLIED,ind_prs15092021.pdf
2021-09-30,EXCLUDE,GEPIL,NSE_ED9F5F2D6407,APPLIED,ind_prs15092021.pdf
2021-09-30,EXCLUDE,GRSE,NSE_75554DD3FC15,APPLIED,ind_prs15092021.pdf
2021-09-30,EXCLUDE,GULFOILLUB,NSE_D1A2AB285CE4,APPLIED,ind_prs15092021.pdf
2021-09-30,EXCLUDE,HSCL,NSE_870926D02A20,APPLIED,ind_prs15092021.pdf
2021-09-30,EXCLUDE,HUHTAMAKI,NSE_F210221D2F17,APPLIED,ind_prs15092021.pdf
2021-09-30,EXCLUDE,JTEKTINDIA,NSE_D00C1130DAE7,APPLIED,ind_prs15092021.pdf
2021-09-30,EXCLUDE,MAHSCOOTER,NSE_E9CD94ECB13B,APPLIED,ind_prs15092021.pdf
2021-09-30,EXCLUDE,MAHSEAMLES,NSE_D45E2178880F,APPLIED,ind_prs15092021.pdf
2021-09-30,EXCLUDE,MASFIN,NSE_E1897D16F276,APPLIED,ind_prs15092021.pdf
2021-09-30,EXCLUDE,RAYMOND,NSE_3E4C170F0F10,APPLIED,ind_prs15092021.pdf
2021-09-30,EXCLUDE,RESPONIND,NSE_D47F04514F84,APPLIED,ind_prs15092021.pdf
2021-09-30,EXCLUDE,SHOPERSTOP,NSE_FA3A03D8F627,APPLIED,ind_prs15092021.pdf
2021-09-30,EXCLUDE,SUNCLAYLTD,NSE_72C836734F97,APPLIED,ind_prs15092021.pdf
2021-09-30,EXCLUDE,SWANENERGY,NSE_D12898B9CF83,APPLIED,ind_prs15092021.pdf
2021-09-30,EXCLUDE,TATAINVEST,NSE_CC1A452E363C,APPLIED,ind_prs15092021.pdf
2021-09-30,EXCLUDE,VSTIND,NSE_BB53E120FC24,APPLIED,ind_prs15092021.pdf
2021-09-30,INCLUDE,ANURAS,NSE_F9C58E6F4C7D,APPLIED,ind_prs15092021.pdf
2021-09-30,INCLUDE,CGPOWER,NSE_812A4A064978,APPLIED,ind_prs15092021.pdf
2021-09-30,INCLUDE,EQUITASBNK,NSE_68320B29C9C6,APPLIED,ind_prs15092021.pdf
2021-09-30,INCLUDE,FACT,NSE_52038FB4C8D8,APPLIED,ind_prs15092021.pdf
2021-09-30,INCLUDE,HATHWAY,NSE_BC781E1A1FE3,APPLIED,ind_prs15092021.pdf
2021-09-30,INCLUDE,HGS,NSE_03B0BD5CB55C,APPLIED,ind_prs15092021.pdf
2021-09-30,INCLUDE,HIKAL,NSE_12EA8D83A7E0,APPLIED,ind_prs15092021.pdf
2021-09-30,INCLUDE,HOMEFIRST,NSE_87F5D0D8658E,APPLIED,ind_prs15092021.pdf
2021-09-30,INCLUDE,INDIGOPNTS,NSE_93EDFD9CD697,APPLIED,ind_prs15092021.pdf
2021-09-30,INCLUDE,IRFC,NSE_9A7AED6E5E33,APPLIED,ind_prs15092021.pdf
2021-09-30,INCLUDE,JUBLINGREA,NSE_9600713819EE,APPLIED,ind_prs15092021.pdf
2021-09-30,INCLUDE,JUBLPHARMA,NSE_7E9F9084BD7D,APPLIED,ind_prs15092021.pdf
2021-09-30,INCLUDE,KALYANKJIL,NSE_3AF2F9101694,APPLIED,ind_prs15092021.pdf
2021-09-30,INCLUDE,LODHA,NSE_FE09ECEA2A1B,APPLIED,ind_prs15092021.pdf
2021-09-30,INCLUDE,LXCHEM,NSE_75C877F93A95,APPLIED,ind_prs15092021.pdf
2021-09-30,INCLUDE,MASTEK,NSE_71E0266D5F31,APPLIED,ind_prs15092021.pdf
2021-09-30,INCLUDE,NAZARA,NSE_1E79FBEEA506,APPLIED,ind_prs15092021.pdf
2021-09-30,INCLUDE,POONAWALLA,NSE_5150BE098E03,APPLIED,ind_prs15092021.pdf
2021-09-30,INCLUDE,PRAJIND,NSE_09C529487BE0,APPLIED,ind_prs15092021.pdf
2021-09-30,INCLUDE,RAILTEL,NSE_4343189A6F18,APPLIED,ind_prs15092021.pdf
2021-09-30,INCLUDE,TATASTLLP,NSE_418B7FB30526,APPLIED,ind_prs15092021.pdf
2021-09-30,INCLUDE,TTML,NSE_9BE1DE6AAF18,APPLIED,ind_prs15092021.pdf
2021-10-29,EXCLUDE,GMRINFRA,NSE_22A49E238B39,APPLIED,ind_prs22102021.pdf
2021-10-29,INCLUDE,SONACOMS,NSE_7C88EBE4B68A,APPLIED,ind_prs22102021.pdf
2022-03-31,EXCLUDE,ALEMBICLTD,NSE_C9C5A501D2C2,APPLIED,ind_prs24022022_1.pdf
2022-03-31,EXCLUDE,ASHOKA,NSE_7271BD099C26,APPLIED,ind_prs24022022_1.pdf
2022-03-31,EXCLUDE,BAJAJCON,NSE_F495F6B08158,APPLIED,ind_prs24022022_1.pdf
2022-03-31,EXCLUDE,BHARATRAS,NSE_351109872146,APPLIED,ind_prs24022022_1.pdf
2022-03-31,EXCLUDE,CGCL,NSE_E7891F352261,APPLIED,ind_prs24022022_1.pdf
2022-03-31,EXCLUDE,DCBBANK,NSE_D1B8254AD933,APPLIED,ind_prs24022022_1.pdf
2022-03-31,EXCLUDE,DHANUKA,NSE_9891A0739E64,APPLIED,ind_prs24022022_1.pdf
2022-03-31,EXCLUDE,FRETAIL,NSE_E987DDA51421,APPLIED,ind_prs24022022_1.pdf
2022-03-31,EXCLUDE,GILLETTE,NSE_E02C0941D910,APPLIED,ind_prs24022022_1.pdf
2022-03-31,EXCLUDE,GREAVESCOT,NSE_57BC5308EED3,APPLIED,ind_prs24022022_1.pdf
2022-03-31,EXCLUDE,HEIDELBERG,NSE_F10F8CF228CE,APPLIED,ind_prs24022022_1.pdf
2022-03-31,EXCLUDE,INGERRAND,NSE_B34554B04EA8,APPLIED,ind_prs24022022_1.pdf
2022-03-31,EXCLUDE,IOLCP,NSE_9CB97949D5FC,APPLIED,ind_prs24022022_1.pdf
2022-03-31,EXCLUDE,JCHAC,NSE_85A771F24921,APPLIED,ind_prs24022022_1.pdf
2022-03-31,EXCLUDE,JINDALSAW,NSE_D5AEC8D4EBC0,APPLIED,ind_prs24022022_1.pdf
2022-03-31,EXCLUDE,JKTYRE,NSE_8BF6891072D1,APPLIED,ind_prs24022022_1.pdf
2022-03-31,EXCLUDE,KSB,NSE_7ADB1BE970F4,APPLIED,ind_prs24022022_1.pdf
2022-03-31,EXCLUDE,KSCL,NSE_8B27DC002544,APPLIED,ind_prs24022022_1.pdf
2022-03-31,EXCLUDE,LAOPALA,NSE_5C11B50967B3,APPLIED,ind_prs24022022_1.pdf
2022-03-31,EXCLUDE,LEMONTREE,NSE_4AFBC5E81D2E,APPLIED,ind_prs24022022_1.pdf
2022-03-31,EXCLUDE,MIDHANI,NSE_6ADCE5AAF1F7,APPLIED,ind_prs24022022_1.pdf
2022-03-31,EXCLUDE,MINDACORP,NSE_D92A46834C0F,APPLIED,ind_prs24022022_1.pdf
2022-03-31,EXCLUDE,NFL,NSE_7AD0C8434979,APPLIED,ind_prs24022022_1.pdf
2022-03-31,EXCLUDE,NILKAMAL,NSE_75A1EC6089B7,APPLIED,ind_prs24022022_1.pdf
2022-03-31,EXCLUDE,SCHNEIDER,NSE_3CFB46E142F9,APPLIED,ind_prs24022022_1.pdf
2022-03-31,EXCLUDE,SHARDACROP,NSE_AE697C87E3F3,APPLIED,ind_prs24022022_1.pdf
2022-03-31,EXCLUDE,SPANDANA,NSE_EFA321C47A4C,APPLIED,ind_prs24022022_1.pdf
2022-03-31,EXCLUDE,STARCEMENT,NSE_9ABAD18182CF,APPLIED,ind_prs24022022_1.pdf
2022-03-31,EXCLUDE,TASTYBITE,NSE_955CB9307A3C,APPLIED,ind_prs24022022_1.pdf
2022-03-31,EXCLUDE,UJJIVAN,NSE_6F61D6CF659B,APPLIED,ind_prs24022022_1.pdf
2022-03-31,EXCLUDE,UJJIVANSFB,NSE_702CAC2EC1DE,APPLIED,ind_prs24022022_1.pdf
2022-03-31,EXCLUDE,VALIANTORG,NSE_7C0DF1AA648B,APPLIED,ind_prs24022022_1.pdf
2022-03-31,INCLUDE,ABSLAMC,NSE_AD2E7AA5247F,APPLIED,ind_prs24022022_1.pdf
2022-03-31,INCLUDE,ALLCARGO,NSE_6E8A4A1EA4BA,APPLIED,ind_prs24022022_1.pdf
2022-03-31,INCLUDE,APTUS,NSE_8FD1C183DE7B,APPLIED,ind_prs24022022_1.pdf
2022-03-31,INCLUDE,BCG,NSE_474C5DED9C63,APPLIED,ind_prs24022022_1.pdf
2022-03-31,INCLUDE,BORORENEW,NSE_D84D9BBEAF23,APPLIED,ind_prs24022022_1.pdf
2022-03-31,INCLUDE,CHEMPLASTS,NSE_BBAFE94E6772,APPLIED,ind_prs24022022_1.pdf
2022-03-31,INCLUDE,CLEAN,NSE_69654D8C1E99,APPLIED,ind_prs24022022_1.pdf
2022-03-31,INCLUDE,DEVYANI,NSE_4ADB73672A72,APPLIED,ind_prs24022022_1.pdf
2022-03-31,INCLUDE,EASEMYTRIP,NSE_4F096D93F0F3,APPLIED,ind_prs24022022_1.pdf
2022-03-31,INCLUDE,GLS,NSE_406ADDA47C2B,APPLIED,ind_prs24022022_1.pdf
2022-03-31,INCLUDE,GOCOLORS,NSE_0E5DBEE7C6DB,APPLIED,ind_prs24022022_1.pdf
2022-03-31,INCLUDE,GRINFRA,NSE_8A58397586E6,APPLIED,ind_prs24022022_1.pdf
2022-03-31,INCLUDE,HLEGLAS,NSE_CDAA948370DB,APPLIED,ind_prs24022022_1.pdf
2022-03-31,INCLUDE,KIMS,NSE_AD18A213DACB,APPLIED,ind_prs24022022_1.pdf
2022-03-31,INCLUDE,LATENTVIEW,NSE_AF3197470457,APPLIED,ind_prs24022022_1.pdf
2022-03-31,INCLUDE,MAPMYINDIA,NSE_77B10DEB942C,APPLIED,ind_prs24022022_1.pdf
2022-03-31,INCLUDE,MEDPLUS,NSE_CB495D5D7660,APPLIED,ind_prs24022022_1.pdf
2022-03-31,INCLUDE,METROBRAND,NSE_896B828BC329,APPLIED,ind_prs24022022_1.pdf
2022-03-31,INCLUDE,NUVOCO,NSE_07126DA12DC3,APPLIED,ind_prs24022022_1.pdf
2022-03-31,INCLUDE,NYKAA,NSE_6E5D69F7F69D,APPLIED,ind_prs24022022_1.pdf
2022-03-31,INCLUDE,PAYTM,NSE_CD88130B9E52,APPLIED,ind_prs24022022_1.pdf
2022-03-31,INCLUDE,POLICYBZR,NSE_38BB2C517032,APPLIED,ind_prs24022022_1.pdf
2022-03-31,INCLUDE,PRIVISCL,NSE_F5B3E0E44D10,APPLIED,ind_prs24022022_1.pdf
2022-03-31,INCLUDE,RENUKA,NSE_91BD03BB23F6,APPLIED,ind_prs24022022_1.pdf
2022-03-31,INCLUDE,RTNINDIA,NSE_1377DAD88BB5,APPLIED,ind_prs24022022_1.pdf
2022-03-31,INCLUDE,SAPPHIRE,NSE_C9E4C554809A,APPLIED,ind_prs24022022_1.pdf
2022-03-31,INCLUDE,SAREGAMA,NSE_22C8D50BA4F4,APPLIED,ind_prs24022022_1.pdf
2022-03-31,INCLUDE,SHYAMMETL,NSE_CF7DBA3753F8,APPLIED,ind_prs24022022_1.pdf
2022-03-31,INCLUDE,STARHEALTH,NSE_1BBE3C0F77F8,APPLIED,ind_prs24022022_1.pdf
2022-03-31,INCLUDE,TATAINVEST,NSE_CC1A452E363C,APPLIED,ind_prs24022022_1.pdf
2022-03-31,INCLUDE,VIJAYA,NSE_8EB3CD5CB5AD,APPLIED,ind_prs24022022_1.pdf
2022-03-31,INCLUDE,ZOMATO,NSE_8EB4140F9B6D,APPLIED,ind_prs24022022_1.pdf
2022-04-07,EXCLUDE,SUPPETRO,NSE_AA00EC8A4A3D,APPLIED,ind_prs06042022.pdf
2022-04-07,INCLUDE,MTARTECH,NSE_DC71E4171668,APPLIED,ind_prs06042022.pdf
2022-04-12,EXCLUDE,BEML,NSE_873E06A5291B,APPLIED,ind_prs05042022_1.pdf
2022-04-12,INCLUDE,CGCL,NSE_E7891F352261,APPLIED,ind_prs05042022_1.pdf
2022-05-04,EXCLUDE,AARTIIND,NSE_81E1BA306A07,APPLIED,ind_prs05042022.pdf
2022-05-04,INCLUDE,GMRINFRA,NSE_22A49E238B39,APPLIED,ind_prs05042022.pdf
2022-05-31,EXCLUDE,JSLHISAR,NSE_E6FA1070E643,APPLIED,ind_prs24052022.pdf
2022-05-31,INCLUDE,TRIVENI,NSE_C5E1346C906E,APPLIED,ind_prs24052022.pdf
2022-08-08,EXCLUDE,NMDC,NSE_6693136E8F8D,APPLIED,ind_prs11072022.pdf
2022-08-08,EXCLUDE,PEL,NSE_A4B76A210E61,APPLIED,ind_prs11072022.pdf
2022-08-08,EXCLUDE,SHRIRAMCIT,NSE_A4E2E02F6E83,APPLIED,ind_prs11072022.pdf
2022-08-08,INCLUDE,CAMPUS,NSE_D4C1A1AFCB62,APPLIED,ind_prs11072022.pdf
2022-08-08,INCLUDE,DELHIVERY,NSE_01C6D9F0E3F6,APPLIED,ind_prs11072022.pdf
2022-08-08,INCLUDE,LICI,NSE_9AD9F6D272D7,APPLIED,ind_prs11072022.pdf
2022-09-30,EXCLUDE,ADVENZYMES,NSE_617F173B98ED,APPLIED,ind_prs01092022.pdf
2022-09-30,EXCLUDE,EQUITAS,NSE_1BB2D50D7572,APPLIED,ind_prs16092022.pdf
2022-09-30,EXCLUDE,ERIS,NSE_8CDF4E326200,APPLIED,ind_prs01092022.pdf
2022-09-30,EXCLUDE,GLS,NSE_406ADDA47C2B,APPLIED,ind_prs01092022.pdf
2022-09-30,EXCLUDE,HATHWAY,NSE_BC781E1A1FE3,APPLIED,ind_prs01092022.pdf
2022-09-30,EXCLUDE,HEMIPROP,NSE_80E6BAAF27E1,APPLIED,ind_prs01092022.pdf
2022-09-30,EXCLUDE,ICIL,NSE_41D6658A86E3,APPLIED,ind_prs01092022.pdf
2022-09-30,EXCLUDE,IRCON,NSE_3F905739D72F,APPLIED,ind_prs01092022.pdf
2022-09-30,EXCLUDE,MINDTREE,NSE_FF6FC74E85C1,APPLIED,ind_prs01092022.pdf
2022-09-30,EXCLUDE,NESCO,NSE_B314BB60ABB8,APPLIED,ind_prs01092022.pdf
2022-09-30,EXCLUDE,RAILTEL,NSE_4343189A6F18,APPLIED,ind_prs01092022.pdf
2022-09-30,EXCLUDE,SEQUENT,NSE_F7B46E5369C2,APPLIED,ind_prs01092022.pdf
2022-09-30,EXCLUDE,SOLARA,NSE_DED817305039,APPLIED,ind_prs01092022.pdf
2022-09-30,EXCLUDE,SPICEJET,NSE_87489588C163,APPLIED,ind_prs01092022.pdf
2022-09-30,EXCLUDE,STAR,NSE_72AFBEE07E5D,APPLIED,ind_prs01092022.pdf
2022-09-30,EXCLUDE,TATASTLLP,NSE_418B7FB30526,APPLIED,ind_prs01092022.pdf
2022-09-30,EXCLUDE,UCOBANK,NSE_F8D058616E86,APPLIED,ind_prs01092022.pdf
2022-09-30,EXCLUDE,VAKRANGEE,NSE_7F648FED7CF8,APPLIED,ind_prs01092022.pdf
2022-09-30,EXCLUDE,VENKEYS,NSE_F6D9EDF646AC,APPLIED,ind_prs01092022.pdf
2022-09-30,INCLUDE,AETHER,NSE_A719D8A80060,APPLIED,ind_prs01092022.pdf
2022-09-30,INCLUDE,AWL,NSE_F639A82E6848,APPLIED,ind_prs01092022.pdf
2022-09-30,INCLUDE,BHARATRAS,NSE_351109872146,APPLIED,ind_prs01092022.pdf
2022-09-30,INCLUDE,DEEPAKFERT,NSE_9EF7F390DA4E,APPLIED,ind_prs01092022.pdf
2022-09-30,INCLUDE,GREENPANEL,NSE_38D041A935C4,APPLIED,ind_prs01092022.pdf
2022-09-30,INCLUDE,JBMA,NSE_1846247E74B4,APPLIED,ind_prs01092022.pdf
2022-09-30,INCLUDE,MAHLIFE,NSE_57304F91501D,APPLIED,ind_prs01092022.pdf
2022-09-30,INCLUDE,MANYAVAR,NSE_23357FE2177E,APPLIED,ind_prs01092022.pdf
2022-09-30,INCLUDE,MOTHERSON,NSE_108254EF6AA4,APPLIED,ind_prs01092022.pdf
2022-09-30,INCLUDE,MSUMI,NSE_238128DD84D9,APPLIED,ind_prs01092022.pdf
2022-09-30,INCLUDE,NIITLTD,NSE_9AE82A200CBD,APPLIED,ind_prs01092022.pdf
2022-09-30,INCLUDE,OLECTRA,NSE_5150A3790D49,APPLIED,ind_prs01092022.pdf
2022-09-30,INCLUDE,PATANJALI,NSE_6F0680684ED9,APPLIED,ind_prs01092022.pdf
2022-09-30,INCLUDE,RAYMOND,NSE_3E4C170F0F10,APPLIED,ind_prs01092022.pdf
2022-09-30,INCLUDE,SHARDACROP,NSE_AE697C87E3F3,APPLIED,ind_prs01092022.pdf
2022-09-30,INCLUDE,SHOPERSTOP,NSE_FA3A03D8F627,APPLIED,ind_prs16092022.pdf
2022-09-30,INCLUDE,SWANENERGY,NSE_D12898B9CF83,APPLIED,ind_prs01092022.pdf
2022-09-30,INCLUDE,TCI,NSE_B7616A734F2C,APPLIED,ind_prs01092022.pdf
2022-09-30,INCLUDE,TEJASNET,NSE_E87D6DAE68AE,APPLIED,ind_prs01092022.pdf
2022-12-30,EXCLUDE,ALLCARGO,NSE_6E8A4A1EA4BA,APPLIED,ind_prs06122022.pdf
2022-12-30,EXCLUDE,NIITLTD,NSE_9AE82A200CBD,APPLIED,ind_prs06122022.pdf
2022-12-30,EXCLUDE,SAREGAMA,NSE_22C8D50BA4F4,APPLIED,ind_prs22122022.pdf
2022-12-30,EXCLUDE,SCI,NSE_FECEC1EAA0A3,APPLIED,ind_prs06122022.pdf
2022-12-30,INCLUDE,BEML,NSE_873E06A5291B,APPLIED,ind_prs06122022.pdf
2022-12-30,INCLUDE,LEMONTREE,NSE_4AFBC5E81D2E,APPLIED,ind_prs06122022.pdf
2022-12-30,INCLUDE,RAINBOW,NSE_87A3B8CF43DE,APPLIED,ind_prs22122022.pdf
2022-12-30,INCLUDE,UCOBANK,NSE_F8D058616E86,APPLIED,ind_prs06122022.pdf
2023-02-17,EXCLUDE,INOXLEISUR,NSE_A4A1DA6E345C,APPLIED,ind_prs09022023_1.pdf
2023-02-17,INCLUDE,PPLPHARMA,NSE_819804B1DB7D,APPLIED,ind_prs09022023_1.pdf
2023-03-31,EXCLUDE,ABSLAMC,NSE_AD2E7AA5247F,APPLIED,ind_prs17022023_1.pdf
2023-03-31,EXCLUDE,ALOKINDS,NSE_2AC56D269FBF,APPLIED,ind_prs17022023_1.pdf
2023-03-31,EXCLUDE,ASTRAZEN,NSE_B6937CCD326A,APPLIED,ind_prs17022023_1.pdf
2023-03-31,EXCLUDE,BHARATRAS,NSE_351109872146,APPLIED,ind_prs17022023_1.pdf
2023-03-31,EXCLUDE,CAPLIPOINT,NSE_A508378B12ED,APPLIED,ind_prs17022023_1.pdf
2023-03-31,EXCLUDE,DBL,NSE_0DF5BDD0F1AA,APPLIED,ind_prs17022023_1.pdf
2023-03-31,EXCLUDE,DHANI,NSE_B0F020774F39,APPLIED,ind_prs17022023_1.pdf
2023-03-31,EXCLUDE,HATSUN,NSE_AF4B789C4B78,APPLIED,ind_prs17022023_1.pdf
2023-03-31,EXCLUDE,INDOCO,NSE_1957FAB1366F,APPLIED,ind_prs17022023_1.pdf
2023-03-31,EXCLUDE,MOIL,NSE_D9F56642B79E,APPLIED,ind_prs17022023_1.pdf
2023-03-31,EXCLUDE,PGHL,NSE_0ACF8CD743FA,APPLIED,ind_prs17022023_1.pdf
2023-03-31,EXCLUDE,PRIVISCL,NSE_F5B3E0E44D10,APPLIED,ind_prs17022023_1.pdf
2023-03-31,EXCLUDE,SFL,NSE_BDA35C5DEB61,APPLIED,ind_prs17022023_1.pdf
2023-03-31,EXCLUDE,SHILPAMED,NSE_66EF9E74F5E3,APPLIED,ind_prs17022023_1.pdf
2023-03-31,EXCLUDE,SIS,NSE_C457B5E6B67B,APPLIED,ind_prs17022023_1.pdf
2023-03-31,EXCLUDE,SUDARSCHEM,NSE_8407496D15F8,APPLIED,ind_prs17022023_1.pdf
2023-03-31,EXCLUDE,SYMPHONY,NSE_9832B5E11081,APPLIED,ind_prs17022023_1.pdf
2023-03-31,EXCLUDE,TATACOFFEE,NSE_13CDBE86B707,APPLIED,ind_prs17022023_1.pdf
2023-03-31,EXCLUDE,THYROCARE,NSE_0B84083B7AE8,APPLIED,ind_prs17022023_1.pdf
2023-03-31,EXCLUDE,WOCKPHARMA,NSE_3F3FCC28A216,APPLIED,ind_prs17022023_1.pdf
2023-03-31,INCLUDE,AARTIIND,NSE_81E1BA306A07,APPLIED,ind_prs17022023_1.pdf
2023-03-31,INCLUDE,ACI,NSE_7C4FEA1D8913,APPLIED,ind_prs17022023_1.pdf
2023-03-31,INCLUDE,ADANIPOWER,NSE_961E02880D58,APPLIED,ind_prs17022023_1.pdf
2023-03-31,INCLUDE,APARINDS,NSE_05F316A71726,APPLIED,ind_prs17022023_1.pdf
2023-03-31,INCLUDE,BIKAJI,NSE_2EF4FF20DDD4,APPLIED,ind_prs17022023_1.pdf
2023-03-31,INCLUDE,BLS,NSE_FE83FC167F99,APPLIED,ind_prs17022023_1.pdf
2023-03-31,INCLUDE,CRAFTSMAN,NSE_1B3977E94B43,APPLIED,ind_prs17022023_1.pdf
2023-03-31,INCLUDE,DATAPATTNS,NSE_18DCA12D261A,APPLIED,ind_prs17022023_1.pdf
2023-03-31,INCLUDE,FIVESTAR,NSE_A1916F6B767C,APPLIED,ind_prs17022023_1.pdf
2023-03-31,INCLUDE,INGERRAND,NSE_B34554B04EA8,APPLIED,ind_prs17022023_1.pdf
2023-03-31,INCLUDE,JINDWORLD,NSE_6A28838A7863,APPLIED,ind_prs17022023_1.pdf
2023-03-31,INCLUDE,KENNAMET,NSE_A8C822E94F3E,APPLIED,ind_prs17022023_1.pdf
2023-03-31,INCLUDE,KFINTECH,NSE_34A8B558044E,APPLIED,ind_prs17022023_1.pdf
2023-03-31,INCLUDE,KSB,NSE_7ADB1BE970F4,APPLIED,ind_prs17022023_1.pdf
2023-03-31,INCLUDE,MEDANTA,NSE_0BD8E69BA388,APPLIED,ind_prs17022023_1.pdf
2023-03-31,INCLUDE,MFL,NSE_69E0B868E91B,APPLIED,ind_prs17022023_1.pdf
2023-03-31,INCLUDE,NMDC,NSE_6693136E8F8D,APPLIED,ind_prs17022023_1.pdf
2023-03-31,INCLUDE,PEL,NSE_A4B76A210E61,APPLIED,ind_prs17022023_1.pdf
2023-03-31,INCLUDE,RUSTOMJEE,NSE_C3B5E11EC34E,APPLIED,ind_prs17022023_1.pdf
2023-03-31,INCLUDE,TMB,NSE_16B5A2168926,APPLIED,ind_prs17022023_1.pdf
