as_of_date,symbol,security_name,industry,source_file,source_page,security_id,identity_match_method,identity_candidate_count
2014-08-28,3MINDIA,3M India Ltd.,TRADING,cnx500_Aug2014.pdf,1,NSE_253019276C6A,ACTIVE_DATE_MATCH,1
2014-08-28,AARTIIND,Aarti Industries Ltd.,CHEMICALS - SPECIALITY,cnx500_Aug2014.pdf,1,NSE_81E1BA306A07,ACTIVE_DATE_MATCH,1
2014-08-28,ABAN,Aban Offshore Ltd.,OIL EXPLORATION/PRODUCTION,cnx500_Aug2014.pdf,1,NSE_0B222906F7FD,ACTIVE_DATE_MATCH,1
2014-08-28,ABB,ABB India Ltd.,ELECTRICAL EQUIPMENT,cnx500_Aug2014.pdf,1,NSE_FE37750EBD83,ACTIVE_DATE_MATCH,1
2014-08-28,ABGSHIP,ABG Shipyard Ltd.,SHIPPING,cnx500_Aug2014.pdf,1,NSE_C9730FDF32DB,ACTIVE_DATE_MATCH,1
2014-08-28,ABIRLANUVO,Aditya Birla Nuvo Ltd.,DIVERSIFIED,cnx500_Aug2014.pdf,1,NSE_D9A959B5F435,ACTIVE_DATE_MATCH,1
2014-08-28,ACC,ACC Ltd.,CEMENT AND CEMENT PRODUCTS,cnx500_Aug2014.pdf,1,NSE_C54F12602AF9,ACTIVE_DATE_MATCH,1
2014-08-28,ADANIENT,Adani Enterprises Ltd.,TRADING,cnx500_Aug2014.pdf,1,NSE_42CD50DCCBD6,ACTIVE_DATE_MATCH,1
2014-08-28,ADANIPORTS,Adani Ports and Special Economic Zone Ltd.,SHIPPING,cnx500_Aug2014.pdf,1,NSE_D7198FEB3064,ACTIVE_DATE_MATCH,1
2014-08-28,ADANIPOWER,Adani Power Ltd.,POWER,cnx500_Aug2014.pdf,1,NSE_961E02880D58,ACTIVE_DATE_MATCH,1
2014-08-28,ADVANTA,Advanta Ltd.,FOOD AND FOOD PROCESSING,cnx500_Aug2014.pdf,1,NSE_B821A8B7C241,ACTIVE_DATE_MATCH,1
2014-08-28,AIAENG,AIA Engineering Ltd.,ELECTRICAL EQUIPMENT,cnx500_Aug2014.pdf,1,NSE_3A49C1557F52,ACTIVE_DATE_MATCH,1
2014-08-28,AIL,Alstom India Ltd.,ELECTRICAL EQUIPMENT,cnx500_Aug2014.pdf,1,NSE_ED9F5F2D6407,ACTIVE_DATE_MATCH,1
2014-08-28,AKZOINDIA,Akzo Nobel India Ltd.,PAINTS,cnx500_Aug2014.pdf,1,NSE_72BEDE1400BF,ACTIVE_DATE_MATCH,1
2014-08-28,ALBK,Allahabad Bank,BANKS,cnx500_Aug2014.pdf,1,NSE_5115B10A6732,ACTIVE_DATE_MATCH,1
2014-08-28,ALLCARGO,Allcargo Logistics Ltd.,TRAVEL AND TRANSPORT,cnx500_Aug2014.pdf,1,NSE_6E8A4A1EA4BA,ACTIVE_DATE_MATCH,1
2014-08-28,ALOKTEXT,Alok Industries Ltd.,TEXTILE PRODUCTS,cnx500_Aug2014.pdf,1,NSE_F9F670EF6794,ACTIVE_DATE_MATCH,1
2014-08-28,ALSTOMT&D,Alstom T&D India Ltd.,ELECTRICAL EQUIPMENT,cnx500_Aug2014.pdf,1,NSE_7EEBEDF17992,ACTIVE_DATE_MATCH,1
2014-08-28,AMARAJABAT,Amara Raja Batteries Ltd.,AUTO ANCILLARIES,cnx500_Aug2014.pdf,1,NSE_B3E526664FC0,ACTIVE_DATE_MATCH,1
2014-08-28,AMBUJACEM,Ambuja Cements Ltd.,CEMENT AND CEMENT PRODUCTS,cnx500_Aug2014.pdf,1,NSE_7A5F58E72CA0,ACTIVE_DATE_MATCH,1
2014-08-28,AMTEKAUTO,Amtek Auto Ltd.,AUTO ANCILLARIES,cnx500_Aug2014.pdf,1,NSE_DA8CD7DBA4AA,ACTIVE_DATE_MATCH,1
2014-08-28,AMTEKINDIA,Amtek India Ltd.,AUTO ANCILLARIES,cnx500_Aug2014.pdf,1,NSE_65DD43BDBE2D,ACTIVE_DATE_MATCH,1
2014-08-28,ANANTRAJ,Anant Raj Ltd.,CONSTRUCTION,cnx500_Aug2014.pdf,1,NSE_3E94CB7D547E,ACTIVE_DATE_MATCH,1
2014-08-28,ANDHRABANK,Andhra Bank,BANKS,cnx500_Aug2014.pdf,1,NSE_684233BD76FF,ACTIVE_DATE_MATCH,1
2014-08-28,ANSALAPI,Ansal Properties & Infrastructure Ltd.,CONSTRUCTION,cnx500_Aug2014.pdf,1,NSE_63D6527C95C7,ACTIVE_DATE_MATCH,1
2014-08-28,APOLLOHOSP,Apollo Hospitals Enterprises Ltd.,MISCELLANEOUS,cnx500_Aug2014.pdf,1,NSE_7155254152AB,ACTIVE_DATE_MATCH,1
2014-08-28,APOLLOTYRE,Apollo Tyres Ltd.,TYRES,cnx500_Aug2014.pdf,1,NSE_158A5A0513EB,ACTIVE_DATE_MATCH,1
2014-08-28,APTECHT,Aptech Ltd.,COMPUTERS - SOFTWARE,cnx500_Aug2014.pdf,2,NSE_B1E9367C5B99,ACTIVE_DATE_MATCH,1
2014-08-28,ARVIND,Arvind Ltd.,TEXTILE PRODUCTS,cnx500_Aug2014.pdf,2,NSE_C60D64EC58FE,ACTIVE_DATE_MATCH,1
2014-08-28,ASAHIINDIA,Asahi India Glass Ltd.,AUTO ANCILLARIES,cnx500_Aug2014.pdf,2,NSE_502982CDBAAD,ACTIVE_DATE_MATCH,1
2014-08-28,ASHOKLEY,Ashok Leyland Ltd.,AUTOMOBILES - 4 WHEELERS,cnx500_Aug2014.pdf,2,NSE_54AEFF95FAC0,ACTIVE_DATE_MATCH,1
2014-08-28,ASIANPAINT,Asian Paints Ltd.,PAINTS,cnx500_Aug2014.pdf,2,NSE_18632E719904,ACTIVE_DATE_MATCH,1
2014-08-28,ASTRAZEN,AstraZenca Pharma India Ltd.,PHARMACEUTICALS,cnx500_Aug2014.pdf,2,NSE_B6937CCD326A,ACTIVE_DATE_MATCH,1
2014-08-28,ATFL,Agro Tech Foods Ltd.,SOLVENT EXTRACTION,cnx500_Aug2014.pdf,2,NSE_83E296865792,ACTIVE_DATE_MATCH,1
2014-08-28,ATUL,Atul Ltd.,CHEMICALS - SPECIALITY,cnx500_Aug2014.pdf,2,NSE_5A7F81BD0EAE,ACTIVE_DATE_MATCH,1
2014-08-28,AUROPHARMA,Aurobindo Pharma Ltd.,PHARMACEUTICALS,cnx500_Aug2014.pdf,2,NSE_974D64708E19,ACTIVE_DATE_MATCH,1
2014-08-28,AUTOAXLES,Automotive Axles Ltd.,AUTO ANCILLARIES,cnx500_Aug2014.pdf,2,NSE_B46CD836B94A,ACTIVE_DATE_MATCH,1
2014-08-28,AXISBANK,Axis Bank Ltd.,BANKS,cnx500_Aug2014.pdf,2,NSE_E0C737A5E1C0,ACTIVE_DATE_MATCH,1
2014-08-28,BAJAJ-AUTO,Bajaj Auto Ltd.,AUTOMOBILES - 2 AND 3 WHEELERS,cnx500_Aug2014.pdf,2,NSE_F36C11989984,ACTIVE_DATE_MATCH,1
2014-08-28,BAJAJCORP,Bajaj Corp Ltd.,PERSONAL CARE,cnx500_Aug2014.pdf,2,NSE_F495F6B08158,ACTIVE_DATE_MATCH,1
2014-08-28,BAJAJELEC,Bajaj Electricals Ltd,CONSUMER DURABLES,cnx500_Aug2014.pdf,2,NSE_E058EC23D204,ACTIVE_DATE_MATCH,1
2014-08-28,BAJAJFINSV,Bajaj Finserv Ltd.,FINANCE,cnx500_Aug2014.pdf,2,NSE_FD4A93ADA75B,ACTIVE_DATE_MATCH,1
2014-08-28,BAJAJHIND,Bajaj Hindusthan Ltd.,SUGAR,cnx500_Aug2014.pdf,2,NSE_5C9D4FE8FB14,ACTIVE_DATE_MATCH,1
2014-08-28,BAJAJHLDNG,Bajaj Holdings & Investment Ltd.,FINANCE,cnx500_Aug2014.pdf,2,NSE_DEE4CBD1AD4C,ACTIVE_DATE_MATCH,1
2014-08-28,BAJFINANCE,Bajaj Finance Ltd.,FINANCE,cnx500_Aug2014.pdf,2,NSE_509E811DE5D8,ACTIVE_DATE_MATCH,1
2014-08-28,BALKRISIND,Balkrishna Industries Ltd.,TYRES,cnx500_Aug2014.pdf,2,NSE_DCA00C31EBFD,ACTIVE_DATE_MATCH,1
2014-08-28,BALLARPUR,Ballarpur Industries Ltd.,PAPER AND PAPER PRODUCTS,cnx500_Aug2014.pdf,2,NSE_CA3DF13D56B2,ACTIVE_DATE_MATCH,1
2014-08-28,BALMLAWRIE,Balmer Lawrie & Co. Ltd.,TRAVEL AND TRANSPORT,cnx500_Aug2014.pdf,2,NSE_269D4C57C57C,ACTIVE_DATE_MATCH,1
2014-08-28,BALRAMCHIN,Balrampur Chini Mills Ltd.,SUGAR,cnx500_Aug2014.pdf,2,NSE_D7CAF5D174A7,ACTIVE_DATE_MATCH,1
2014-08-28,BANKBARODA,Bank of Baroda,BANKS,cnx500_Aug2014.pdf,2,NSE_20307E93F24D,ACTIVE_DATE_MATCH,1
2014-08-28,BANKINDIA,Bank of India,BANKS,cnx500_Aug2014.pdf,2,NSE_9D7CF58927D5,ACTIVE_DATE_MATCH,1
2014-08-28,BASF,BASF India Ltd.,CHEMICALS - SPECIALITY,cnx500_Aug2014.pdf,2,NSE_8D712C1A2B42,ACTIVE_DATE_MATCH,1
2014-08-28,BATAINDIA,Bata India Ltd.,LEATHER AND LEATHER PRODUCTS,cnx500_Aug2014.pdf,2,NSE_31BF757C2F9E,ACTIVE_DATE_MATCH,1
2014-08-28,BBTC,Bombay Burmah Trading Corporation Ltd.,FOOD AND FOOD PROCESSING,cnx500_Aug2014.pdf,2,NSE_2E60454DAC8D,ACTIVE_DATE_MATCH,1
2014-08-28,BEL,Bharat Electronics Ltd.,ELECTRONICS - INDUSTRIAL,cnx500_Aug2014.pdf,3,NSE_64F9D3F9FC06,ACTIVE_DATE_MATCH,1
2014-08-28,BEML,BEML Ltd.,ENGINEERING,cnx500_Aug2014.pdf,3,NSE_873E06A5291B,ACTIVE_DATE_MATCH,1
2014-08-28,BERGEPAINT,Berger Paints India Ltd.,PAINTS,cnx500_Aug2014.pdf,3,NSE_047E313EDDCF,ACTIVE_DATE_MATCH,1
2014-08-28,BFUTILITIE,BF Utilities Ltd.,CONSTRUCTION,cnx500_Aug2014.pdf,3,NSE_568BEFC20200,ACTIVE_DATE_MATCH,1
2014-08-28,BGRENERGY,BGR Energy Systems Ltd,ENGINEERING,cnx500_Aug2014.pdf,3,NSE_D0ABB9249124,ACTIVE_DATE_MATCH,1
2014-08-28,BHARATFORG,Bharat Forge Ltd.,CASTINGS/FORGINGS,cnx500_Aug2014.pdf,3,NSE_669FD3BA064F,ACTIVE_DATE_MATCH,1
2014-08-28,BHARTIARTL,Bharti Airtel Ltd.,TELECOMMUNICATION - SERVICES,cnx500_Aug2014.pdf,3,NSE_BD4742D366FC,ACTIVE_DATE_MATCH,1
2014-08-28,BHEL,Bharat Heavy Electricals Ltd.,ELECTRICAL EQUIPMENT,cnx500_Aug2014.pdf,3,NSE_F24EF99FB1C3,ACTIVE_DATE_MATCH,1
2014-08-28,BHUSANSTL,Bhushan Steel Ltd.,STEEL AND STEEL PRODUCTS,cnx500_Aug2014.pdf,3,NSE_8212B1829EDC,ACTIVE_DATE_MATCH,1
2014-08-28,BINDALAGRO,Oswal Chemicals & Fertilizers Ltd.,CONSTRUCTION,cnx500_Aug2014.pdf,3,NSE_E5B9AB42956F,ACTIVE_DATE_MATCH,1
2014-08-28,BIOCON,Biocon Ltd.,PHARMACEUTICALS,cnx500_Aug2014.pdf,3,NSE_9DA2E7FA6B2C,ACTIVE_DATE_MATCH,1
2014-08-28,BIRLACORPN,Birla Corporation Ltd.,CEMENT AND CEMENT PRODUCTS,cnx500_Aug2014.pdf,3,NSE_AA76C16C46C5,ACTIVE_DATE_MATCH,1
2014-08-28,BLUEDART,Blue Dart Express Ltd.,TRAVEL AND TRANSPORT,cnx500_Aug2014.pdf,3,NSE_1789CF98709C,ACTIVE_DATE_MATCH,1
2014-08-28,BLUESTARCO,Blue Star Ltd.,AIRCONDITIONERS,cnx500_Aug2014.pdf,3,NSE_325DD296C68D,ACTIVE_DATE_MATCH,1
2014-08-28,BOMDYEING,Bombay Dyeing & Manufacturing Co. Ltd.,TEXTILES - SYNTHETIC,cnx500_Aug2014.pdf,3,NSE_305DE6D13FA6,ACTIVE_DATE_MATCH,1
2014-08-28,BOSCHLTD,Bosch Ltd.,AUTO ANCILLARIES,cnx500_Aug2014.pdf,3,NSE_78D31F8AF004,ACTIVE_DATE_MATCH,1
2014-08-28,BPCL,Bharat Petroleum Corporation Ltd.,REFINERIES,cnx500_Aug2014.pdf,3,NSE_655E7477BB5E,ACTIVE_DATE_MATCH,1
2014-08-28,BRIGADE,Brigade Enterprises Ltd.,CONSTRUCTION,cnx500_Aug2014.pdf,3,NSE_70B7FE697D9F,ACTIVE_DATE_MATCH,1
2014-08-28,BRITANNIA,Britannia Industries Ltd.,FOOD AND FOOD PROCESSING,cnx500_Aug2014.pdf,3,NSE_444C594AB9B7,ACTIVE_DATE_MATCH,1
2014-08-28,CADILAHC,Cadila Healthcare Ltd.,PHARMACEUTICALS,cnx500_Aug2014.pdf,3,NSE_04884AF9E2CC,ACTIVE_DATE_MATCH,1
2014-08-28,CAIRN,Cairn India Ltd.,OIL EXPLORATION/PRODUCTION,cnx500_Aug2014.pdf,3,NSE_C4988FC46272,ACTIVE_DATE_MATCH,1
2014-08-28,CANBK,Canara Bank,BANKS,cnx500_Aug2014.pdf,3,NSE_A08F17915A97,ACTIVE_DATE_MATCH,1
2014-08-28,CANFINHOME,Can Fin Homes Ltd.,FINANCE - HOUSING,cnx500_Aug2014.pdf,3,NSE_499FFD70F55B,ACTIVE_DATE_MATCH,1
2014-08-28,CAPF,Capital First Ltd.,FINANCE,cnx500_Aug2014.pdf,3,NSE_5584AA4A2119,ACTIVE_DATE_MATCH,1
2014-08-28,CARBORUNIV,Carborundum Universal Ltd.,ABRASIVES,cnx500_Aug2014.pdf,3,NSE_46FD1DEB761F,ACTIVE_DATE_MATCH,1
2014-08-28,CARERATING,CARE Ltd.,FINANCE,cnx500_Aug2014.pdf,3,NSE_C900A7D9B807,ACTIVE_DATE_MATCH,1
2014-08-28,CASTROLIND,Castrol India Ltd.,PETROCHEMICALS,cnx500_Aug2014.pdf,3,NSE_0A3EDCE50A32,ACTIVE_DATE_MATCH,1
2014-08-28,CENTENKA,Century Enka Ltd.,TEXTILES - SYNTHETIC,cnx500_Aug2014.pdf,4,NSE_5602EE99E050,ACTIVE_DATE_MATCH,1
2014-08-28,CENTRALBK,Central Bank of India,BANKS,cnx500_Aug2014.pdf,4,NSE_770696720F08,ACTIVE_DATE_MATCH,1
2014-08-28,CENTURYTEX,Century Textile & Industries Ltd.,CEMENT AND CEMENT PRODUCTS,cnx500_Aug2014.pdf,4,NSE_F0AC6C0DF830,ACTIVE_DATE_MATCH,1
2014-08-28,CESC,CESC Ltd.,POWER,cnx500_Aug2014.pdf,4,NSE_9FB7052822E7,ACTIVE_DATE_MATCH,1
2014-08-28,CHAMBLFERT,Chambal Fertilizers & Chemicals Ltd.,FERTILISERS,cnx500_Aug2014.pdf,4,NSE_7837C48D3CC6,ACTIVE_DATE_MATCH,1
2014-08-28,CHENNPETRO,Chennai Petroleum Corporation Ltd.,REFINERIES,cnx500_Aug2014.pdf,4,NSE_3F1961BC2E0E,ACTIVE_DATE_MATCH,1
2014-08-28,CHOLAFIN,Cholamandalam Investment and Finance Company Ltd.,FINANCE,cnx500_Aug2014.pdf,4,NSE_0624EEB65D30,ACTIVE_DATE_MATCH,1
2014-08-28,CIPLA,Cipla Ltd.,PHARMACEUTICALS,cnx500_Aug2014.pdf,4,NSE_72F0963BC75F,ACTIVE_DATE_MATCH,1
2014-08-28,CLNINDIA,Clariant Chemicals (India) Ltd.,DYES AND PIGMENTS,cnx500_Aug2014.pdf,4,NSE_C558FE982959,ACTIVE_DATE_MATCH,1
2014-08-28,CMC,CMC Ltd.,COMPUTERS - SOFTWARE,cnx500_Aug2014.pdf,4,NSE_FC570F474E2F,ACTIVE_DATE_MATCH,1
2014-08-28,COALINDIA,Coal India Ltd.,MINING,cnx500_Aug2014.pdf,4,NSE_D532036F191F,ACTIVE_DATE_MATCH,1
2014-08-28,COLPAL,Colgate Palmolive (India) Ltd.,PERSONAL CARE,cnx500_Aug2014.pdf,4,NSE_23D9B582F892,ACTIVE_DATE_MATCH,1
2014-08-28,CONCOR,Container Corporation of India Ltd.,TRAVEL AND TRANSPORT,cnx500_Aug2014.pdf,4,NSE_43B066CA6C77,ACTIVE_DATE_MATCH,1
2014-08-28,COREEDUTEC,CORE Education & Technologies Ltd.,COMPUTERS - SOFTWARE,cnx500_Aug2014.pdf,4,NSE_1C6C6783C7E2,ACTIVE_DATE_MATCH,1
2014-08-28,COROMANDEL,Coromandel International Ltd.,FERTILISERS,cnx500_Aug2014.pdf,4,NSE_A5F41D94549C,ACTIVE_DATE_MATCH,1
2014-08-28,CORPBANK,Corporation Bank,BANKS,cnx500_Aug2014.pdf,4,NSE_4BB20422BB5F,ACTIVE_DATE_MATCH,1
2014-08-28,COX&KINGS,Cox & Kings Ltd.,TRAVEL AND TRANSPORT,cnx500_Aug2014.pdf,4,NSE_F10717A1FD65,ACTIVE_DATE_MATCH,1
2014-08-28,CRISIL,CRISIL Ltd.,FINANCE,cnx500_Aug2014.pdf,4,NSE_C0979F2D6F8D,ACTIVE_DATE_MATCH,1
2014-08-28,CROMPGREAV,Crompton Greaves Ltd.,ELECTRICAL EQUIPMENT,cnx500_Aug2014.pdf,4,NSE_812A4A064978,ACTIVE_DATE_MATCH,1
2014-08-28,CUB,City Union Bank Ltd.,BANKS,cnx500_Aug2014.pdf,4,NSE_AC3D2D310E00,ACTIVE_DATE_MATCH,1
2014-08-28,CUMMINSIND,Cummins India Ltd.,DIESEL ENGINES,cnx500_Aug2014.pdf,4,NSE_BAEF1893624D,ACTIVE_DATE_MATCH,1
2014-08-28,CYIENT,Cyient Ltd.,COMPUTERS - SOFTWARE,cnx500_Aug2014.pdf,4,NSE_145A8828E1E4,ACTIVE_DATE_MATCH,1
2014-08-28,DABUR,Dabur India Ltd.,PERSONAL CARE,cnx500_Aug2014.pdf,4,NSE_63EF66037F73,ACTIVE_DATE_MATCH,1
2014-08-28,DBCORP,D.B.Corp Ltd.,PRINTING AND PUBLISHING,cnx500_Aug2014.pdf,4,NSE_2562C82A6AA3,ACTIVE_DATE_MATCH,1
2014-08-28,DBREALTY,D B Realty Ltd.,CONSTRUCTION,cnx500_Aug2014.pdf,4,NSE_3BA10F0A3FEB,ACTIVE_DATE_MATCH,1
2014-08-28,DCBBANK,DCB Bank Ltd,BANKS,cnx500_Aug2014.pdf,4,NSE_D1B8254AD933,ACTIVE_DATE_MATCH,1
2014-08-28,DCMSHRIRAM,DCM Shriram Ltd.,DIVERSIFIED,cnx500_Aug2014.pdf,4,NSE_A8A9E5C75DCE,ACTIVE_DATE_MATCH,1
2014-08-28,DCW,DCW Ltd.,CHEMICALS - INORGANIC,cnx500_Aug2014.pdf,5,NSE_76C1B622359D,ACTIVE_DATE_MATCH,1
2014-08-28,DEEPAKFERT,Deepak Fertilisers & Petrochemicals Corp. Ltd.,CHEMICALS - INORGANIC,cnx500_Aug2014.pdf,5,NSE_9EF7F390DA4E,ACTIVE_DATE_MATCH,1
2014-08-28,DELTACORP,Delta Corp Ltd.,CONSTRUCTION,cnx500_Aug2014.pdf,5,NSE_852A23390A56,ACTIVE_DATE_MATCH,1
2014-08-28,DEN,Den Networks Ltd.,MEDIA & ENTERTAINMENT,cnx500_Aug2014.pdf,5,NSE_AA8359966309,ACTIVE_DATE_MATCH,1
2014-08-28,DENABANK,Dena Bank,BANKS,cnx500_Aug2014.pdf,5,NSE_80CC5FD61589,ACTIVE_DATE_MATCH,1
2014-08-28,DHANBANK,Dhanlaxmi Bank Ltd.,BANKS,cnx500_Aug2014.pdf,5,NSE_B8C8A459A862,ACTIVE_DATE_MATCH,1
2014-08-28,DHFL,Dewan Housing Finance Corporation Ltd.,FINANCE - HOUSING,cnx500_Aug2014.pdf,5,NSE_77D3BA4F489C,ACTIVE_DATE_MATCH,1
2014-08-28,DISHMAN,Dishman Pharmaceuticals & Chemicals Ltd.,PHARMACEUTICALS,cnx500_Aug2014.pdf,5,NSE_693A363A5FF4,ACTIVE_DATE_MATCH,1
2014-08-28,DIVISLAB,Divi's Laboratories Ltd.,PHARMACEUTICALS,cnx500_Aug2014.pdf,5,NSE_E1969513A040,ACTIVE_DATE_MATCH,1
2014-08-28,DLF,DLF Ltd.,CONSTRUCTION,cnx500_Aug2014.pdf,5,NSE_36900DE5AB5C,ACTIVE_DATE_MATCH,1
2014-08-28,DREDGECORP,Dredging Corporation of India Ltd.,SHIPPING,cnx500_Aug2014.pdf,5,NSE_04670D8A7F6D,ACTIVE_DATE_MATCH,1
2014-08-28,DRREDDY,Dr. Reddy's Laboratories Ltd.,PHARMACEUTICALS,cnx500_Aug2014.pdf,5,NSE_7175E22198C4,ACTIVE_DATE_MATCH,1
2014-08-28,ECLERX,eClerx Services Ltd.,COMPUTERS - SOFTWARE,cnx500_Aug2014.pdf,5,NSE_2F62FAA6E00D,ACTIVE_DATE_MATCH,1
2014-08-28,EDELWEISS,Edelweiss Financial Services Ltd.,FINANCE,cnx500_Aug2014.pdf,5,NSE_37C0ED065CD5,ACTIVE_DATE_MATCH,1
2014-08-28,EDUCOMP,Educomp Solutions Ltd.,COMPUTERS - SOFTWARE,cnx500_Aug2014.pdf,5,NSE_4BCDA2331B3B,ACTIVE_DATE_MATCH,1
2014-08-28,EICHERMOT,Eicher Motors Ltd.,AUTOMOBILES - 4 WHEELERS,cnx500_Aug2014.pdf,5,NSE_DE05FB2F7DD8,ACTIVE_DATE_MATCH,1
2014-08-28,EIDPARRY,E.I.D. Parry (India) Ltd.,FERTILISERS,cnx500_Aug2014.pdf,5,NSE_F44F530FA95B,ACTIVE_DATE_MATCH,1
2014-08-28,EIHOTEL,EIH Ltd.,HOTELS,cnx500_Aug2014.pdf,5,NSE_80C803A57277,ACTIVE_DATE_MATCH,1
2014-08-28,ELDERPHARM,Elder Pharmaceuticals Ltd.,PHARMACEUTICALS,cnx500_Aug2014.pdf,5,NSE_22269AA0FB3D,ACTIVE_DATE_MATCH,1
2014-08-28,ELECTCAST,Electrosteel Castings Ltd.,CASTINGS/FORGINGS,cnx500_Aug2014.pdf,5,NSE_7336A438D402,ACTIVE_DATE_MATCH,1
2014-08-28,ELGIEQUIP,Elgi Equipments Ltd.,COMPRESSORS / PUMPS,cnx500_Aug2014.pdf,5,NSE_B88435B10855,ACTIVE_DATE_MATCH,1
2014-08-28,EMAMILTD,Emami Ltd.,PERSONAL CARE,cnx500_Aug2014.pdf,5,NSE_AF3172BFD228,ACTIVE_DATE_MATCH,1
2014-08-28,ENGINERSIN,Engineers India Ltd.,ENGINEERING,cnx500_Aug2014.pdf,5,NSE_7468CCFC85B1,ACTIVE_DATE_MATCH,1
2014-08-28,ENIL,Entertainment Network India Ltd.,MEDIA & ENTERTAINMENT,cnx500_Aug2014.pdf,5,NSE_78493707FA85,ACTIVE_DATE_MATCH,1
2014-08-28,ERAINFRA,Era Infra Engineering Ltd.,CONSTRUCTION,cnx500_Aug2014.pdf,5,NSE_2E631416E138,ACTIVE_DATE_MATCH,1
2014-08-28,EROSMEDIA,Eros Intl Media Ltd.,MEDIA & ENTERTAINMENT,cnx500_Aug2014.pdf,5,NSE_5746654C1D62,ACTIVE_DATE_MATCH,1
2014-08-28,ESABINDIA,ESAB India Ltd.,ELECTRODES,cnx500_Aug2014.pdf,5,NSE_C0628B35007C,ACTIVE_DATE_MATCH,1
2014-08-28,ESCORTS,Escorts Ltd.,AUTOMOBILES - 4 WHEELERS,cnx500_Aug2014.pdf,6,NSE_C5287A347B58,ACTIVE_DATE_MATCH,1
2014-08-28,ESSDEE,Ess Dee Aluminium Ltd.,PACKAGING,cnx500_Aug2014.pdf,6,NSE_6486648C9FB1,ACTIVE_DATE_MATCH,1
2014-08-28,ESSELPACK,Essel Propack Ltd.,PACKAGING,cnx500_Aug2014.pdf,6,NSE_896195354D53,ACTIVE_DATE_MATCH,1
2014-08-28,EXIDEIND,Exide Industries Ltd.,AUTO ANCILLARIES,cnx500_Aug2014.pdf,6,NSE_639260FA287A,ACTIVE_DATE_MATCH,1
2014-08-28,FAGBEARING,Fag Bearings India Ltd.,BEARINGS,cnx500_Aug2014.pdf,6,NSE_6FAC06CB1C73,ACTIVE_DATE_MATCH,1
2014-08-28,FDC,FDC Ltd.,PHARMACEUTICALS,cnx500_Aug2014.pdf,6,NSE_F0C8DB46A2B5,ACTIVE_DATE_MATCH,1
2014-08-28,FEDERALBNK,Federal Bank Ltd.,BANKS,cnx500_Aug2014.pdf,6,NSE_1788C1AB50E0,ACTIVE_DATE_MATCH,1
2014-08-28,FINANTECH,Financial Technologies (India) Ltd.,COMPUTERS - SOFTWARE,cnx500_Aug2014.pdf,6,NSE_C43FB1E82A75,ACTIVE_DATE_MATCH,1
2014-08-28,FINCABLES,Finolex Cables Ltd.,CABLES - POWER,cnx500_Aug2014.pdf,6,NSE_236B5AF21B4D,ACTIVE_DATE_MATCH,1
2014-08-28,FINPIPE,Finolex Industries Ltd.,PLASTIC AND PLASTIC PRODUCTS,cnx500_Aug2014.pdf,6,NSE_F25DF5546A52,ACTIVE_DATE_MATCH,1
2014-08-28,FLEXITUFF,Flexituff International Ltd.,PACKAGING,cnx500_Aug2014.pdf,6,NSE_70031FDFB6EF,ACTIVE_DATE_MATCH,1
2014-08-28,FMGOETZE,Federal-Mogul Goetze (India) Ltd.,AUTO ANCILLARIES,cnx500_Aug2014.pdf,6,NSE_EFD7B6E7FD96,ACTIVE_DATE_MATCH,1
2014-08-28,FORTIS,Fortis Healthcare Ltd.,MISCELLANEOUS,cnx500_Aug2014.pdf,6,NSE_AD5A80C76970,ACTIVE_DATE_MATCH,1
2014-08-28,FRL,Future Retail Ltd.,MISCELLANEOUS,cnx500_Aug2014.pdf,6,NSE_EF0E9934D1DE,ACTIVE_DATE_MATCH,1
2014-08-28,FSL,Firstsource Solutions Ltd.,COMPUTERS - SOFTWARE,cnx500_Aug2014.pdf,6,NSE_321E52290F1B,ACTIVE_DATE_MATCH,1
2014-08-28,GABRIEL,Gabriel India Ltd.,AUTO ANCILLARIES,cnx500_Aug2014.pdf,6,NSE_675CFCEE5D02,ACTIVE_DATE_MATCH,1
2014-08-28,GAIL,GAIL (India) Ltd.,GAS,cnx500_Aug2014.pdf,6,NSE_1A8C5F9B8D6A,ACTIVE_DATE_MATCH,1
2014-08-28,GAMMNINFRA,Gammon Infrastructure Projects Ltd.,CONSTRUCTION,cnx500_Aug2014.pdf,6,NSE_5E4BFA7651A2,ACTIVE_DATE_MATCH,1
2014-08-28,GAMMONIND,Gammon India Ltd.,CONSTRUCTION,cnx500_Aug2014.pdf,6,NSE_3677464F31DF,ACTIVE_DATE_MATCH,1
2014-08-28,GATI,Gati Ltd.,TRAVEL AND TRANSPORT,cnx500_Aug2014.pdf,6,NSE_364D63478B99,ACTIVE_DATE_MATCH,1
2014-08-28,GDL,Gateway Distriparks Ltd.,TRAVEL AND TRANSPORT,cnx500_Aug2014.pdf,6,NSE_680430C14CBF,ACTIVE_DATE_MATCH,1
2014-08-28,GEOJITBNPP,Geojit BNP Paribas Financial Services Ltd.,FINANCE,cnx500_Aug2014.pdf,6,NSE_1FE8B4643571,ACTIVE_DATE_MATCH,1
2014-08-28,GEOMETRIC,Geometric Ltd.,COMPUTERS - SOFTWARE,cnx500_Aug2014.pdf,6,NSE_3CC9204EE206,ACTIVE_DATE_MATCH,1
2014-08-28,GESHIP,Great Eastern Shipping Co. Ltd.,SHIPPING,cnx500_Aug2014.pdf,6,NSE_B1CE9DB32D9A,ACTIVE_DATE_MATCH,1
2014-08-28,GHCL,GHCL Ltd.,CHEMICALS - INORGANIC,cnx500_Aug2014.pdf,6,NSE_5D0160460CD9,ACTIVE_DATE_MATCH,1
2014-08-28,GILLETTE,Gillette India Ltd.,PERSONAL CARE,cnx500_Aug2014.pdf,6,NSE_E02C0941D910,ACTIVE_DATE_MATCH,1
2014-08-28,GIPCL,Gujarat Industries Power Co. Ltd.,POWER,cnx500_Aug2014.pdf,6,NSE_D3F406024851,ACTIVE_DATE_MATCH,1
2014-08-28,GITANJALI,Gitanjali Gems Ltd.,GEMS JEWELLERY AND WATCHES,cnx500_Aug2014.pdf,7,NSE_0711207C900A,ACTIVE_DATE_MATCH,1
2014-08-28,GLAXO,Glaxosmithkline Pharmaceuticals Ltd.,PHARMACEUTICALS,cnx500_Aug2014.pdf,7,NSE_13077239C5DD,ACTIVE_DATE_MATCH,1
2014-08-28,GLENMARK,Glenmark Pharmaceuticals Ltd.,PHARMACEUTICALS,cnx500_Aug2014.pdf,7,NSE_5CBAF7C90A41,ACTIVE_DATE_MATCH,1
2014-08-28,GMDCLTD,Gujarat Mineral Development Corporation Ltd.,MINING,cnx500_Aug2014.pdf,7,NSE_FD88B4145E09,ACTIVE_DATE_MATCH,1
2014-08-28,GMRINFRA,GMR Infrastructure Ltd.,CONSTRUCTION,cnx500_Aug2014.pdf,7,NSE_22A49E238B39,ACTIVE_DATE_MATCH,1
2014-08-28,GNFC,Gujarat Narmada Valley Fertilisers and Chemicals Ltd.,FERTILISERS,cnx500_Aug2014.pdf,7,NSE_D448CCCD5389,ACTIVE_DATE_MATCH,1
2014-08-28,GODFRYPHLP,Godfrey Phillips India Ltd.,CIGARETTES,cnx500_Aug2014.pdf,7,NSE_5D9BA58A585C,ACTIVE_DATE_MATCH,1
2014-08-28,GODREJCP,Godrej Consumer Products Ltd.,PERSONAL CARE,cnx500_Aug2014.pdf,7,NSE_A70C90104344,ACTIVE_DATE_MATCH,1
2014-08-28,GODREJIND,Godrej Industries Ltd.,FOOD AND FOOD PROCESSING,cnx500_Aug2014.pdf,7,NSE_EC183F69A7A2,ACTIVE_DATE_MATCH,1
2014-08-28,GODREJPROP,Godrej Properties Ltd.,CONSTRUCTION,cnx500_Aug2014.pdf,7,NSE_E5CCB4E0101D,ACTIVE_DATE_MATCH,1
2014-08-28,GPPL,Gujarat Pipavav Port Ltd.,SHIPPING,cnx500_Aug2014.pdf,7,NSE_454B05422EF3,ACTIVE_DATE_MATCH,1
2014-08-28,GRAPHITE,Graphite India Ltd.,ELECTRODES,cnx500_Aug2014.pdf,7,NSE_0F72F66469D6,ACTIVE_DATE_MATCH,1
2014-08-28,GRASIM,Grasim Industries Ltd.,CEMENT AND CEMENT PRODUCTS,cnx500_Aug2014.pdf,7,NSE_951F0DE091F9,ACTIVE_DATE_MATCH,1
2014-08-28,GREAVESCOT,Greaves Cotton Ltd.,DIESEL ENGINES,cnx500_Aug2014.pdf,7,NSE_57BC5308EED3,ACTIVE_DATE_MATCH,1
2014-08-28,GRUH,Gruh Finance Ltd.,FINANCE - HOUSING,cnx500_Aug2014.pdf,7,NSE_E102D7DE4C2C,ACTIVE_DATE_MATCH,1
2014-08-28,GSFC,Gujarat State Fertilizers & Chemicals Ltd.,FERTILISERS,cnx500_Aug2014.pdf,7,NSE_52C720CDD175,ACTIVE_DATE_MATCH,1
2014-08-28,GSKCONS,GlaxoSmithkline Consumer Healthcare Ltd.,FOOD AND FOOD PROCESSING,cnx500_Aug2014.pdf,7,NSE_FED8B098DEA5,ACTIVE_DATE_MATCH,1
2014-08-28,GSPL,Gujarat State Petronet Ltd.,GAS,cnx500_Aug2014.pdf,7,NSE_3BA87308039E,ACTIVE_DATE_MATCH,1
2014-08-28,GTLINFRA,GTL Infrastructure Ltd.,TELECOMMUNICATION - EQUIPMENT,cnx500_Aug2014.pdf,7,NSE_9F5985EF710B,ACTIVE_DATE_MATCH,1
2014-08-28,GTOFFSHORE,GOL Offshore Ltd.,OIL EXPLORATION/PRODUCTION,cnx500_Aug2014.pdf,7,NSE_364A9E7B44C1,ACTIVE_DATE_MATCH,1
2014-08-28,GUJALKALI,Gujarat Alkalies & Chemicals Ltd.,CHEMICALS - INORGANIC,cnx500_Aug2014.pdf,7,NSE_9E4C0423BFF8,ACTIVE_DATE_MATCH,1
2014-08-28,GUJFLUORO,Gujarat Fluorochemicals Ltd.,CHEMICALS - ORGANIC,cnx500_Aug2014.pdf,7,NSE_6835A4E7227D,ACTIVE_DATE_MATCH,1
2014-08-28,GUJNRECOKE,Gujarat NRE Coke Ltd.,MINING,cnx500_Aug2014.pdf,7,NSE_82022647EC12,ACTIVE_DATE_MATCH,1
2014-08-28,GUJRATGAS,Gujarat Gas Co. Ltd.,GAS,cnx500_Aug2014.pdf,7,NSE_436838D37F74,ACTIVE_DATE_MATCH,1
2014-08-28,GVKPIL,GVK Power & Infrastructures Ltd.,POWER,cnx500_Aug2014.pdf,7,NSE_24552B404E28,ACTIVE_DATE_MATCH,1
2014-08-28,HATHWAY,Hathway Cable & Datacom Ltd.,MEDIA & ENTERTAINMENT,cnx500_Aug2014.pdf,7,NSE_BC781E1A1FE3,ACTIVE_DATE_MATCH,1
2014-08-28,HAVELLS,Havells India Ltd.,ELECTRICAL EQUIPMENT,cnx500_Aug2014.pdf,7,NSE_72A66325D884,ACTIVE_DATE_MATCH,1
2014-08-28,HCC,Hindustan Construction Co. Ltd.,CONSTRUCTION,cnx500_Aug2014.pdf,8,NSE_B3012E7D6C4A,ACTIVE_DATE_MATCH,1
2014-08-28,HCL-INSYS,HCL Infosystems Ltd.,COMPUTERS - HARDWARE,cnx500_Aug2014.pdf,8,NSE_AB585951AF9C,ACTIVE_DATE_MATCH,1
2014-08-28,HCLTECH,HCL Technologies Ltd.,COMPUTERS - SOFTWARE,cnx500_Aug2014.pdf,8,NSE_E50226C18398,ACTIVE_DATE_MATCH,1
2014-08-28,HDFC,Housing Development Finance Corporation Ltd.,FINANCE - HOUSING,cnx500_Aug2014.pdf,8,NSE_73D805F2042F,ACTIVE_DATE_MATCH,1
2014-08-28,HDFCBANK,HDFC Bank Ltd.,BANKS,cnx500_Aug2014.pdf,8,NSE_A2FDD2855BD3,ACTIVE_DATE_MATCH,1
2014-08-28,HDIL,Housing Development and Infrastructure Ltd.,CONSTRUCTION,cnx500_Aug2014.pdf,8,NSE_0359BC4768A2,ACTIVE_DATE_MATCH,1
2014-08-28,HEG,H.E.G. Ltd.,ELECTRODES,cnx500_Aug2014.pdf,8,NSE_2EF7833DA8D3,ACTIVE_DATE_MATCH,1
2014-08-28,HERITGFOOD,Heritage Foods Ltd.,FOOD AND FOOD PROCESSING,cnx500_Aug2014.pdf,8,NSE_EEAD76022193,ACTIVE_DATE_MATCH,1
2014-08-28,HEROMOTOCO,Hero MotoCorp Ltd.,AUTOMOBILES - 2 AND 3 WHEELERS,cnx500_Aug2014.pdf,8,NSE_314CB242F7B1,ACTIVE_DATE_MATCH,1
2014-08-28,HEXAWARE,Hexaware Technologies Ltd.,COMPUTERS - SOFTWARE,cnx500_Aug2014.pdf,8,NSE_5813C47C6758,ACTIVE_DATE_MATCH,1
2014-08-28,HFCL,Himachal Fut Com Ltd.,TELECOMMUNICATION - EQUIPMENT,cnx500_Aug2014.pdf,8,NSE_50ECD2EB14F1,ACTIVE_DATE_MATCH,1
2014-08-28,HIMATSEIDE,Himatsingka Seide Ltd.,TEXTILE PRODUCTS,cnx500_Aug2014.pdf,8,NSE_CC0C56B55A2D,ACTIVE_DATE_MATCH,1
2014-08-28,HINDALCO,Hindalco Industries Ltd.,ALUMINIUM,cnx500_Aug2014.pdf,8,NSE_A1266372E70C,ACTIVE_DATE_MATCH,1
2014-08-28,HINDCOPPER,Hindustan Copper Ltd.,METALS,cnx500_Aug2014.pdf,8,NSE_65E465B618B4,ACTIVE_DATE_MATCH,1
2014-08-28,HINDOILEXP,Hindustan Oil Exploration Co. Ltd.,OIL EXPLORATION/PRODUCTION,cnx500_Aug2014.pdf,8,NSE_221B7F10DD50,ACTIVE_DATE_MATCH,1
2014-08-28,HINDPETRO,Hindustan Petroleum Corporation Ltd.,REFINERIES,cnx500_Aug2014.pdf,8,NSE_B0B59A3FBF07,ACTIVE_DATE_MATCH,1
2014-08-28,HINDUNILVR,Hindustan Unilever Ltd.,DIVERSIFIED,cnx500_Aug2014.pdf,8,NSE_3D974B209599,ACTIVE_DATE_MATCH,1
2014-08-28,HINDZINC,Hindustan Zinc Ltd.,METALS,cnx500_Aug2014.pdf,8,NSE_8049A5479EB1,ACTIVE_DATE_MATCH,1
2014-08-28,HONAUT,Honeywell Automation India Ltd.,ELECTRONICS - INDUSTRIAL,cnx500_Aug2014.pdf,8,NSE_5FC304B0807C,ACTIVE_DATE_MATCH,1
2014-08-28,HOTELEELA,Hotel Leelaventure Ltd.,HOTELS,cnx500_Aug2014.pdf,8,NSE_2067B53F47F0,ACTIVE_DATE_MATCH,1
2014-08-28,HSIL,HSIL Ltd.,PACKAGING,cnx500_Aug2014.pdf,8,NSE_CBDF2B22A73F,ACTIVE_DATE_MATCH,1
2014-08-28,HTMEDIA,HT Media Ltd.,PRINTING AND PUBLISHING,cnx500_Aug2014.pdf,8,NSE_D5ACCFD1139D,ACTIVE_DATE_MATCH,1
2014-08-28,HUBTOWN,Hubtown Ltd.,CONSTRUCTION,cnx500_Aug2014.pdf,8,NSE_51509B72C100,ACTIVE_DATE_MATCH,1
2014-08-28,IBPOW,Indiabulls Power Ltd.,POWER,cnx500_Aug2014.pdf,8,NSE_D8E4AC26C341,ACTIVE_DATE_MATCH,1
2014-08-28,IBREALEST,Indiabulls Real Estate Ltd.,CONSTRUCTION,cnx500_Aug2014.pdf,8,NSE_3365743DE28C,ACTIVE_DATE_MATCH,1
2014-08-28,IBSEC,Indiabulls Securities Ltd.,FINANCE,cnx500_Aug2014.pdf,8,NSE_B0F020774F39,ACTIVE_DATE_MATCH,1
2014-08-28,IBULHSGFIN,Indiabulls Housing Finance Ltd.,FINANCE - HOUSING,cnx500_Aug2014.pdf,8,NSE_D3148EEB7BF0,ACTIVE_DATE_MATCH,1
2014-08-28,ICICIBANK,ICICI Bank Ltd.,BANKS,cnx500_Aug2014.pdf,9,NSE_63BFA94D0485,ACTIVE_DATE_MATCH,1
2014-08-28,ICRA,ICRA Ltd.,FINANCE,cnx500_Aug2014.pdf,9,NSE_23C7CF9A3EAE,ACTIVE_DATE_MATCH,1
2014-08-28,IDBI,IDBI Bank Ltd.,BANKS,cnx500_Aug2014.pdf,9,NSE_EFEED9FE6AF2,ACTIVE_DATE_MATCH,1
2014-08-28,IDEA,Idea Cellular Ltd.,TELECOMMUNICATION - SERVICES,cnx500_Aug2014.pdf,9,NSE_80AB9D46A211,ACTIVE_DATE_MATCH,1
2014-08-28,IDFC,IDFC Ltd.,FINANCIAL INSTITUTION,cnx500_Aug2014.pdf,9,NSE_1671B749B56F,ACTIVE_DATE_MATCH,1
2014-08-28,IFCI,IFCI Ltd.,FINANCIAL INSTITUTION,cnx500_Aug2014.pdf,9,NSE_4F2FFAFFC4C4,ACTIVE_DATE_MATCH,1
2014-08-28,IGL,Indraprastha Gas Ltd.,GAS,cnx500_Aug2014.pdf,9,NSE_1CC155F94220,ACTIVE_DATE_MATCH,1
2014-08-28,IIFL,IIFL Holdings Ltd.,FINANCE,cnx500_Aug2014.pdf,9,NSE_F96D3907BEE7,ACTIVE_DATE_MATCH,1
2014-08-28,IL&FSENGG,IL&FS Engineering and Construction Company Ltd.,CONSTRUCTION,cnx500_Aug2014.pdf,9,NSE_256CD40487EB,ACTIVE_DATE_MATCH,1
2014-08-28,IL&FSTRANS,IL&FS Transportation Networks Ltd.,TRAVEL AND TRANSPORT,cnx500_Aug2014.pdf,9,NSE_938AB0376CFC,ACTIVE_DATE_MATCH,1
2014-08-28,IMFA,INDIAN METALS & FERRO,METALS,cnx500_Aug2014.pdf,9,NSE_25EEBCFD7004,ACTIVE_DATE_MATCH,1
2014-08-28,INDHOTEL,Indian Hotels Co. Ltd.,HOTELS,cnx500_Aug2014.pdf,9,NSE_981D18E0A068,ACTIVE_DATE_MATCH,1
2014-08-28,INDIACEM,India Cements Ltd.,CEMENT AND CEMENT PRODUCTS,cnx500_Aug2014.pdf,9,NSE_B90722703E30,ACTIVE_DATE_MATCH,1
2014-08-28,INDIAGLYCO,India Glycols Ltd.,CHEMICALS - ORGANIC,cnx500_Aug2014.pdf,9,NSE_652D0FF5C575,ACTIVE_DATE_MATCH,1
2014-08-28,INDIANB,Indian Bank,BANKS,cnx500_Aug2014.pdf,9,NSE_2E67BF3F672C,ACTIVE_DATE_MATCH,1
2014-08-28,INDRAMEDCO,Indraprastha Medical Corporation Ltd.,MISCELLANEOUS,cnx500_Aug2014.pdf,9,NSE_D105ECB9BB5E,ACTIVE_DATE_MATCH,1
2014-08-28,INDUSINDBK,IndusInd Bank Ltd.,BANKS,cnx500_Aug2014.pdf,9,NSE_1BB33DC3AD65,ACTIVE_DATE_MATCH,1
2014-08-28,INFINITE,Infinite Computer Solutions (India) Ltd.,COMPUTERS - SOFTWARE,cnx500_Aug2014.pdf,9,NSE_A419303521D6,ACTIVE_DATE_MATCH,1
2014-08-28,INFRATEL,Bharti Infratel Ltd.,TELECOMMUNICATION - EQUIPMENT,cnx500_Aug2014.pdf,9,NSE_EC4644B51BC9,ACTIVE_DATE_MATCH,1
2014-08-28,INFY,Infosys Ltd.,COMPUTERS - SOFTWARE,cnx500_Aug2014.pdf,9,NSE_6A68B38036FB,ACTIVE_DATE_MATCH,1
2014-08-28,INGERRAND,Ingersoll Rand (India) Ltd.,COMPRESSORS / PUMPS,cnx500_Aug2014.pdf,9,NSE_B34554B04EA8,ACTIVE_DATE_MATCH,1
2014-08-28,INGVYSYABK,ING Vysya Bank Ltd.,BANKS,cnx500_Aug2014.pdf,9,NSE_18BAEEDF7BCF,ACTIVE_DATE_MATCH,1
2014-08-28,INOXLEISUR,Inox Leisure Ltd.,MEDIA & ENTERTAINMENT,cnx500_Aug2014.pdf,9,NSE_A4A1DA6E345C,ACTIVE_DATE_MATCH,1
2014-08-28,IOB,Indian Overseas Bank,BANKS,cnx500_Aug2014.pdf,9,NSE_63A4328EDA2F,ACTIVE_DATE_MATCH,1
2014-08-28,IOC,Indian Oil Corporation Ltd.,REFINERIES,cnx500_Aug2014.pdf,9,NSE_6139CAE11930,ACTIVE_DATE_MATCH,1
2014-08-28,IPCALAB,Ipca Laboratories Ltd.,PHARMACEUTICALS,cnx500_Aug2014.pdf,9,NSE_015669CF831E,ACTIVE_DATE_MATCH,1
2014-08-28,IRB,IRB Infrastructure Developers Ltd.,CONSTRUCTION,cnx500_Aug2014.pdf,9,NSE_83619AFD46DA,ACTIVE_DATE_MATCH,1
2014-08-28,ITC,I T C Ltd.,CIGARETTES,cnx500_Aug2014.pdf,10,NSE_BDD4AB6745AE,ACTIVE_DATE_MATCH,1
2014-08-28,IVRCLINFRA,IVRCL Ltd.,CONSTRUCTION,cnx500_Aug2014.pdf,10,NSE_0C8E43FADDB8,ACTIVE_DATE_MATCH,1
2014-08-28,J&KBANK,Jammu & Kashmir Bank Ltd.,BANKS,cnx500_Aug2014.pdf,10,NSE_967CA74C4479,ACTIVE_DATE_MATCH,1
2014-08-28,JAGRAN,Jagran Prakashan Ltd.,PRINTING AND PUBLISHING,cnx500_Aug2014.pdf,10,NSE_5E4B839E941A,ACTIVE_DATE_MATCH,1
2014-08-28,JAICORPLTD,Jai Corp Ltd.,PLASTIC AND PLASTIC PRODUCTS,cnx500_Aug2014.pdf,10,NSE_DD6777CCA097,ACTIVE_DATE_MATCH,1
2014-08-28,JBCHEPHARM,J.B. Chemicals & Pharmaceuticals Ltd.,PHARMACEUTICALS,cnx500_Aug2014.pdf,10,NSE_3FEBC275AA7F,ACTIVE_DATE_MATCH,1
2014-08-28,JBFIND,JBF Industries Ltd.,TEXTILES - SYNTHETIC,cnx500_Aug2014.pdf,10,NSE_4BAE2C6D9653,ACTIVE_DATE_MATCH,1
2014-08-28,JINDALSAW,Jindal Saw Ltd.,STEEL AND STEEL PRODUCTS,cnx500_Aug2014.pdf,10,NSE_D5AEC8D4EBC0,ACTIVE_DATE_MATCH,1
2014-08-28,JINDALSTEL,Jindal Steel & Power Ltd.,STEEL AND STEEL PRODUCTS,cnx500_Aug2014.pdf,10,NSE_6309D9A8CFF2,ACTIVE_DATE_MATCH,1
2014-08-28,JISLJALEQS,Jain Irrigation Systems Ltd.,PLASTIC AND PLASTIC PRODUCTS,cnx500_Aug2014.pdf,10,NSE_784515CC1BE6,ACTIVE_DATE_MATCH,1
2014-08-28,JKIL,J.Kumar Infraprojects Ltd.,CONSTRUCTION,cnx500_Aug2014.pdf,10,NSE_EB5B1EE4D766,ACTIVE_DATE_MATCH,1
2014-08-28,JKLAKSHMI,JK Lakshmi Cement Ltd.,CEMENT AND CEMENT PRODUCTS,cnx500_Aug2014.pdf,10,NSE_40D69010D57B,ACTIVE_DATE_MATCH,1
2014-08-28,JKTYRE,JK Tyre & Industries Ltd..,TYRES,cnx500_Aug2014.pdf,10,NSE_8BF6891072D1,ACTIVE_DATE_MATCH,1
2014-08-28,JMFINANCIL,JM Financial Ltd.,FINANCE,cnx500_Aug2014.pdf,10,NSE_13A9C334E040,ACTIVE_DATE_MATCH,1
2014-08-28,JPASSOCIAT,Jaiprakash Associates Ltd.,CONSTRUCTION,cnx500_Aug2014.pdf,10,NSE_2DA8AA828257,ACTIVE_DATE_MATCH,1
2014-08-28,JPINFRATEC,Jaypee Infratech Ltd.,CONSTRUCTION,cnx500_Aug2014.pdf,10,NSE_8ADC58AB4A5B,ACTIVE_DATE_MATCH,1
2014-08-28,JPPOWER,Jaiprakash Power Ventures Ltd,POWER,cnx500_Aug2014.pdf,10,NSE_65EC163FC41A,ACTIVE_DATE_MATCH,1
2014-08-28,JSL,Jindal Stainless Ltd.,STEEL AND STEEL PRODUCTS,cnx500_Aug2014.pdf,10,NSE_329ABD1F5CCD,ACTIVE_DATE_MATCH,1
2014-08-28,JSWENERGY,JSW Energy Ltd.,POWER,cnx500_Aug2014.pdf,10,NSE_BF592878D9DA,ACTIVE_DATE_MATCH,1
2014-08-28,JSWHL,JSW Holdings Ltd.,FINANCE,cnx500_Aug2014.pdf,10,NSE_6FD1FA25B4D5,ACTIVE_DATE_MATCH,1
2014-08-28,JSWSTEEL,JSW Steel Ltd.,STEEL AND STEEL PRODUCTS,cnx500_Aug2014.pdf,10,NSE_E46FF265D32E,ACTIVE_DATE_MATCH,1
2014-08-28,JUBILANT,Jubilant Life Sciences Ltd.,PHARMACEUTICALS,cnx500_Aug2014.pdf,10,NSE_7E9F9084BD7D,ACTIVE_DATE_MATCH,1
2014-08-28,JUBLFOOD,Jubilant Foodworks Ltd.,FOOD AND FOOD PROCESSING,cnx500_Aug2014.pdf,10,NSE_C443D626D98E,ACTIVE_DATE_MATCH,1
2014-08-28,JUSTDIAL,Justdial Ltd.,COMPUTERS - SOFTWARE,cnx500_Aug2014.pdf,10,NSE_855E4F920F23,ACTIVE_DATE_MATCH,1
2014-08-28,JYOTHYLAB,Jyothy Laboratories Ltd.,PERSONAL CARE,cnx500_Aug2014.pdf,10,NSE_1BD67E329F69,ACTIVE_DATE_MATCH,1
2014-08-28,JYOTISTRUC,Jyoti Structures Ltd.,TRANSMISSION TOWERS,cnx500_Aug2014.pdf,10,NSE_BE847AB99029,ACTIVE_DATE_MATCH,1
2014-08-28,KAJARIACER,Kajaria Ceramics Ltd.,CERAMICS AND SANITARYWARE,cnx500_Aug2014.pdf,10,NSE_DDBA544B3226,ACTIVE_DATE_MATCH,1
2014-08-28,KALPATPOWR,Kalpataru Power Transmission Ltd.,TRANSMISSION TOWERS,cnx500_Aug2014.pdf,11,NSE_9E788BED7AEF,ACTIVE_DATE_MATCH,1
2014-08-28,KANSAINER,Kansai Nerolac Paints Ltd.,PAINTS,cnx500_Aug2014.pdf,11,NSE_3561AE065616,ACTIVE_DATE_MATCH,1
2014-08-28,KARURVYSYA,Karur Vysya Bank Ltd.,BANKS,cnx500_Aug2014.pdf,11,NSE_2F2EB4A88F22,ACTIVE_DATE_MATCH,1
2014-08-28,KCP,KCP Ltd.,CEMENT AND CEMENT PRODUCTS,cnx500_Aug2014.pdf,11,NSE_EBAC40911065,ACTIVE_DATE_MATCH,1
2014-08-28,KEC,Kec International Ltd.,ENGINEERING,cnx500_Aug2014.pdf,11,NSE_9604A80AB7B1,ACTIVE_DATE_MATCH,1
2014-08-28,KESORAMIND,Kesoram Industries Ltd.,TYRES,cnx500_Aug2014.pdf,11,NSE_4723627B4BA6,ACTIVE_DATE_MATCH,1
2014-08-28,KKCL,Kewal Kiran Clothing Ltd.,TEXTILE PRODUCTS,cnx500_Aug2014.pdf,11,NSE_E6BC41F4E8C3,ACTIVE_DATE_MATCH,1
2014-08-28,KOLTEPATIL,Kolte-Patil Developers Ltd.,CONSTRUCTION,cnx500_Aug2014.pdf,11,NSE_A1420584FE56,ACTIVE_DATE_MATCH,1
2014-08-28,KOTAKBANK,Kotak Mahindra Bank Ltd.,BANKS,cnx500_Aug2014.pdf,11,NSE_761D2E63ACC0,ACTIVE_DATE_MATCH,1
2014-08-28,KPIT,KPIT Technologies Ltd.,COMPUTERS - SOFTWARE,cnx500_Aug2014.pdf,11,NSE_64BF9F3DBA41,ACTIVE_DATE_MATCH,1
2014-08-28,KSBPUMPS,KSB Pumps Ltd.,COMPRESSORS / PUMPS,cnx500_Aug2014.pdf,11,NSE_7ADB1BE970F4,ACTIVE_DATE_MATCH,1
2014-08-28,KSCL,Kaveri Seed Company Ltd.,FOOD AND FOOD PROCESSING,cnx500_Aug2014.pdf,11,NSE_8B27DC002544,ACTIVE_DATE_MATCH,1
2014-08-28,KSK,KSK Energy Ventures Ltd,POWER,cnx500_Aug2014.pdf,11,NSE_3604A340ECD7,ACTIVE_DATE_MATCH,1
2014-08-28,KTKBANK,Karnataka Bank Ltd.,BANKS,cnx500_Aug2014.pdf,11,NSE_833D2F2B9358,ACTIVE_DATE_MATCH,1
2014-08-28,L&TFH,L&T Finance Holdings Ltd.,FINANCE,cnx500_Aug2014.pdf,11,NSE_F5B77D59A62C,ACTIVE_DATE_MATCH,1
2014-08-28,LAKSHVILAS,Lakshmi Vilas Bank Ltd.,BANKS,cnx500_Aug2014.pdf,11,NSE_0E88CB8DDD57,ACTIVE_DATE_MATCH,1
2014-08-28,LAXMIMACH,Lakshmi Machine Works Ltd.,TEXTILE MACHINERY,cnx500_Aug2014.pdf,11,NSE_814CFF18D3B4,ACTIVE_DATE_MATCH,1
2014-08-28,LICHSGFIN,LIC Housing Finance Ltd.,FINANCE - HOUSING,cnx500_Aug2014.pdf,11,NSE_E468930502B9,ACTIVE_DATE_MATCH,1
2014-08-28,LINDEINDIA,Linde India Ltd.,GAS,cnx500_Aug2014.pdf,11,NSE_98B70630B94C,ACTIVE_DATE_MATCH,1
2014-08-28,LITL,Lanco Infratech Ltd.,CONSTRUCTION,cnx500_Aug2014.pdf,11,NSE_D76472EF418A,ACTIVE_DATE_MATCH,1
2014-08-28,LOVABLE,Lovable Lingerie Ltd.,TEXTILE PRODUCTS,cnx500_Aug2014.pdf,11,NSE_7CDA5DAD8C0C,ACTIVE_DATE_MATCH,1
2014-08-28,LT,Larsen & Toubro Ltd.,ENGINEERING,cnx500_Aug2014.pdf,11,NSE_BD47FE0A54BC,ACTIVE_DATE_MATCH,1
2014-08-28,LUPIN,Lupin Ltd.,PHARMACEUTICALS,cnx500_Aug2014.pdf,11,NSE_B048A6C4157A,ACTIVE_DATE_MATCH,1
2014-08-28,M&M,Mahindra & Mahindra Ltd.,AUTOMOBILES - 4 WHEELERS,cnx500_Aug2014.pdf,11,NSE_158E1D664C69,ACTIVE_DATE_MATCH,1
2014-08-28,M&MFIN,Mahindra & Mahindra Financial Services Ltd.,FINANCE,cnx500_Aug2014.pdf,11,NSE_57BCD151AF77,ACTIVE_DATE_MATCH,1
2014-08-28,MAGMA,Magma Fincorp Ltd.,FINANCE,cnx500_Aug2014.pdf,11,NSE_5150BE098E03,ACTIVE_DATE_MATCH,1
2014-08-28,MAHLIFE,Mahindra Lifespace Developers Ltd.,CONSTRUCTION,cnx500_Aug2014.pdf,11,NSE_57304F91501D,ACTIVE_DATE_MATCH,1
2014-08-28,MAHSCOOTER,Maharashtra Scooters Ltd.,AUTO ANCILLARIES,cnx500_Aug2014.pdf,12,NSE_E9CD94ECB13B,ACTIVE_DATE_MATCH,1
2014-08-28,MAHSEAMLES,Maharashtra Seamless Ltd.,STEEL AND STEEL PRODUCTS,cnx500_Aug2014.pdf,12,NSE_D45E2178880F,ACTIVE_DATE_MATCH,1
2014-08-28,MANDHANA,Mandhana Industries Ltd.,TEXTILE PRODUCTS,cnx500_Aug2014.pdf,12,NSE_016878F56F2B,ACTIVE_DATE_MATCH,1
2014-08-28,MANGCHEFER,Mangalore Chemicals & Fertilizers Ltd.,PESTICIDES AND AGROCHEMICALS,cnx500_Aug2014.pdf,12,NSE_49220DD0F0D1,ACTIVE_DATE_MATCH,1
2014-08-28,MANINFRA,Man Infraconstruction Ltd.,CONSTRUCTION,cnx500_Aug2014.pdf,12,NSE_79E6C5F02193,ACTIVE_DATE_MATCH,1
2014-08-28,MARICO,Marico Ltd.,PERSONAL CARE,cnx500_Aug2014.pdf,12,NSE_3FA872F937F6,ACTIVE_DATE_MATCH,1
2014-08-28,MARUTI,Maruti Suzuki India Ltd.,AUTOMOBILES - 4 WHEELERS,cnx500_Aug2014.pdf,12,NSE_1FA96B1CD798,ACTIVE_DATE_MATCH,1
2014-08-28,MASTEK,Mastek Ltd.,COMPUTERS - SOFTWARE,cnx500_Aug2014.pdf,12,NSE_71E0266D5F31,ACTIVE_DATE_MATCH,1
2014-08-28,MAX,Max India Ltd.,FINANCE,cnx500_Aug2014.pdf,12,NSE_98CBA18954BD,ACTIVE_DATE_MATCH,1
2014-08-28,MCDOWELL-N,United Spirits Ltd.,BREW/DISTILLERIES,cnx500_Aug2014.pdf,12,NSE_7BD208D47A49,ACTIVE_DATE_MATCH,1
2014-08-28,MCLEODRUSS,McLeod Russel India Ltd.,TEA AND COFFEE,cnx500_Aug2014.pdf,12,NSE_BCFDB4A1DA40,ACTIVE_DATE_MATCH,1
2014-08-28,MERCATOR,Mercator Ltd.,MINING,cnx500_Aug2014.pdf,12,NSE_63AB3F8FE7C5,ACTIVE_DATE_MATCH,1
2014-08-28,MERCK,Merck Ltd.,PHARMACEUTICALS,cnx500_Aug2014.pdf,12,NSE_0ACF8CD743FA,ACTIVE_DATE_MATCH,1
2014-08-28,MHRIL,Mahindra Holidays & Resorts India Ltd.,HOTELS,cnx500_Aug2014.pdf,12,NSE_3C7096E039C1,ACTIVE_DATE_MATCH,1
2014-08-28,MINDTREE,MindTree Ltd.,COMPUTERS - SOFTWARE,cnx500_Aug2014.pdf,12,NSE_FF6FC74E85C1,ACTIVE_DATE_MATCH,1
2014-08-28,MMTC,MMTC Ltd.,TRADING,cnx500_Aug2014.pdf,12,NSE_312A70D05395,ACTIVE_DATE_MATCH,1
2014-08-28,MOIL,MOIL Ltd.,METALS,cnx500_Aug2014.pdf,12,NSE_D9F56642B79E,ACTIVE_DATE_MATCH,1
2014-08-28,MONNETISPA,Monnet Ispat and Energy Ltd.,STEEL AND STEEL PRODUCTS,cnx500_Aug2014.pdf,12,NSE_244EC4566860,ACTIVE_DATE_MATCH,1
2014-08-28,MONSANTO,Monsanto India Ltd.,PESTICIDES AND AGROCHEMICALS,cnx500_Aug2014.pdf,12,NSE_3C830EF00D9B,ACTIVE_DATE_MATCH,1
2014-08-28,MOTHERSUMI,Motherson Sumi Systems Ltd.,AUTO ANCILLARIES,cnx500_Aug2014.pdf,12,NSE_108254EF6AA4,ACTIVE_DATE_MATCH,1
2014-08-28,MOTILALOFS,Motilal Oswal Financial Services Ltd.,FINANCE,cnx500_Aug2014.pdf,12,NSE_EBCA7C65B503,ACTIVE_DATE_MATCH,1
2014-08-28,MPHASIS,MphasiS Ltd.,COMPUTERS - SOFTWARE,cnx500_Aug2014.pdf,12,NSE_D3E18AD37B1B,ACTIVE_DATE_MATCH,1
2014-08-28,MRF,MRF Ltd.,TYRES,cnx500_Aug2014.pdf,12,NSE_52D80E55D653,ACTIVE_DATE_MATCH,1
2014-08-28,MRPL,Mangalore Refinery & Petrochemicals Ltd.,REFINERIES,cnx500_Aug2014.pdf,12,NSE_27112CDD1653,ACTIVE_DATE_MATCH,1
2014-08-28,MTEDUCARE,MT Educare Ltd.,MISCELLANEOUS,cnx500_Aug2014.pdf,12,NSE_94DBF4CE7AC2,ACTIVE_DATE_MATCH,1
2014-08-28,MUTHOOTFIN,Muthoot Finance Ltd.,FINANCE,cnx500_Aug2014.pdf,12,NSE_BD367B35C4B6,ACTIVE_DATE_MATCH,1
2014-08-28,NATIONALUM,National Aluminium Co. Ltd.,ALUMINIUM,cnx500_Aug2014.pdf,12,NSE_F7764D2643B0,ACTIVE_DATE_MATCH,1
2014-08-28,NAUKRI,Info Edge (India) Ltd.,COMPUTERS - SOFTWARE,cnx500_Aug2014.pdf,13,NSE_6E6D5B2EA704,ACTIVE_DATE_MATCH,1
2014-08-28,NAVNETEDUL,Navneet Education Ltd.,PRINTING AND PUBLISHING,cnx500_Aug2014.pdf,13,NSE_851A827BCF83,ACTIVE_DATE_MATCH,1
2014-08-28,NBCC,National Buildings Construction Corporation Ltd.,CONSTRUCTION,cnx500_Aug2014.pdf,13,NSE_AC0D43FBAC0F,ACTIVE_DATE_MATCH,1
2014-08-28,NBVENTURES,Nava Bharat Ventures Ltd.,POWER,cnx500_Aug2014.pdf,13,NSE_8BBC0680BDBA,ACTIVE_DATE_MATCH,1
2014-08-28,NCC,NCC Ltd.,CONSTRUCTION,cnx500_Aug2014.pdf,13,NSE_AC850CBABC55,ACTIVE_DATE_MATCH,1
2014-08-28,NETWORK18,Network18 Media & Investments Ltd.,MEDIA & ENTERTAINMENT,cnx500_Aug2014.pdf,13,NSE_66717A9BCB34,ACTIVE_DATE_MATCH,1
2014-08-28,NEYVELILIG,Neyveli Lignite Corporation Ltd.,POWER,cnx500_Aug2014.pdf,13,NSE_046B9E4F246F,ACTIVE_DATE_MATCH,1
2014-08-28,NHPC,NHPC Ltd.,POWER,cnx500_Aug2014.pdf,13,NSE_11AC767B4B31,ACTIVE_DATE_MATCH,1
2014-08-28,NIITLTD,NIIT Ltd.,COMPUTERS - SOFTWARE,cnx500_Aug2014.pdf,13,NSE_9AE82A200CBD,ACTIVE_DATE_MATCH,1
2014-08-28,NIITTECH,NIIT Technologies Ltd.,COMPUTERS - SOFTWARE,cnx500_Aug2014.pdf,13,NSE_351E280578AE,ACTIVE_DATE_MATCH,1
2014-08-28,NMDC,NMDC Ltd.,MINING,cnx500_Aug2014.pdf,13,NSE_6693136E8F8D,ACTIVE_DATE_MATCH,1
2014-08-28,NOIDATOLL,Noida-Toll Bridge Co. Ltd.,CONSTRUCTION,cnx500_Aug2014.pdf,13,NSE_15523813BD4A,ACTIVE_DATE_MATCH,1
2014-08-28,NTPC,NTPC Ltd.,POWER,cnx500_Aug2014.pdf,13,NSE_4FB8019524D0,ACTIVE_DATE_MATCH,1
2014-08-28,OBEROIRLTY,Oberoi Realty Ltd.,CONSTRUCTION,cnx500_Aug2014.pdf,13,NSE_4E77BECACEC5,ACTIVE_DATE_MATCH,1
2014-08-28,OFSS,Oracle Financial Services Software Ltd.,COMPUTERS - SOFTWARE,cnx500_Aug2014.pdf,13,NSE_702EB7CF8434,ACTIVE_DATE_MATCH,1
2014-08-28,OIL,Oil India Ltd.,OIL EXPLORATION/PRODUCTION,cnx500_Aug2014.pdf,13,NSE_EA1AF0D86D36,ACTIVE_DATE_MATCH,1
2014-08-28,OMAXE,Omaxe Ltd.,CONSTRUCTION,cnx500_Aug2014.pdf,13,NSE_75590993F4D0,ACTIVE_DATE_MATCH,1
2014-08-28,ONGC,Oil & Natural Gas Corporation Ltd.,OIL EXPLORATION/PRODUCTION,cnx500_Aug2014.pdf,13,NSE_C2FFE122E26D,ACTIVE_DATE_MATCH,1
2014-08-28,OPTOCIRCUI,Opto Circuits (I) Ltd.,PHARMACEUTICALS,cnx500_Aug2014.pdf,13,NSE_4C7DD340FFE0,ACTIVE_DATE_MATCH,1
2014-08-28,ORBITCORP,Orbit Corporation Ltd.,CONSTRUCTION,cnx500_Aug2014.pdf,13,NSE_3AFC08334F23,ACTIVE_DATE_MATCH,1
2014-08-28,ORCHIDCHEM,Orchid Chemicals & Pharmaceuticals Ltd.,PHARMACEUTICALS,cnx500_Aug2014.pdf,13,NSE_82E1D1C5880E,ACTIVE_DATE_MATCH,1
2014-08-28,ORIENTBANK,Oriental Bank of Commerce,BANKS,cnx500_Aug2014.pdf,13,NSE_694F8FC81FFD,ACTIVE_DATE_MATCH,1
2014-08-28,ORISSAMINE,Orissa Min Dev Co Ltd.,MINING,cnx500_Aug2014.pdf,13,NSE_2E6A9952322C,ACTIVE_DATE_MATCH,1
2014-08-28,PAGEIND,Page Industries Ltd.,TEXTILE PRODUCTS,cnx500_Aug2014.pdf,13,NSE_72140149E6B1,ACTIVE_DATE_MATCH,1
2014-08-28,PARSVNATH,Parsvnath Developer Ltd.,CONSTRUCTION,cnx500_Aug2014.pdf,13,NSE_E2CB5EC37279,ACTIVE_DATE_MATCH,1
2014-08-28,PATELENG,Patel Engineering Ltd.,CONSTRUCTION,cnx500_Aug2014.pdf,13,NSE_7F8B1EBDE62B,ACTIVE_DATE_MATCH,1
2014-08-28,PEL,Piramal Enterprises Ltd.,PHARMACEUTICALS,cnx500_Aug2014.pdf,13,NSE_A4B76A210E61,ACTIVE_DATE_MATCH,1
2014-08-28,PENINLAND,Peninsula Land Ltd.,CONSTRUCTION,cnx500_Aug2014.pdf,14,NSE_8E2A665067A2,ACTIVE_DATE_MATCH,1
2014-08-28,PERSISTENT,Persistent Systems Ltd.,COMPUTERS - SOFTWARE,cnx500_Aug2014.pdf,14,NSE_4B14EC12037B,ACTIVE_DATE_MATCH,1
2014-08-28,PETRONET,Petronet LNG Ltd.,GAS,cnx500_Aug2014.pdf,14,NSE_DAED6D4EB0C4,ACTIVE_DATE_MATCH,1
2014-08-28,PFC,Power Finance Corporation Ltd.,FINANCIAL INSTITUTION,cnx500_Aug2014.pdf,14,NSE_68382625CD29,ACTIVE_DATE_MATCH,1
2014-08-28,PFIZER,Pfizer Ltd.,PHARMACEUTICALS,cnx500_Aug2014.pdf,14,NSE_2F5953912F7F,ACTIVE_DATE_MATCH,1
2014-08-28,PFOCUS,Prime Focus Ltd,MEDIA & ENTERTAINMENT,cnx500_Aug2014.pdf,14,NSE_0D4C56FAB9A2,ACTIVE_DATE_MATCH,1
2014-08-28,PFS,PTC India Fin Serv Ltd.,FINANCE,cnx500_Aug2014.pdf,14,NSE_3066C4DD5B47,ACTIVE_DATE_MATCH,1
2014-08-28,PGHH,Procter & Gamble Hygiene & Health Care Ltd.,PERSONAL CARE,cnx500_Aug2014.pdf,14,NSE_68FE82B93EA1,ACTIVE_DATE_MATCH,1
2014-08-28,PHOENIXLTD,Phoenix Mills Ltd.,CONSTRUCTION,cnx500_Aug2014.pdf,14,NSE_97220E5E8C0A,ACTIVE_DATE_MATCH,1
2014-08-28,PIDILITIND,Pidilite Industries Ltd.,CHEMICALS - SPECIALITY,cnx500_Aug2014.pdf,14,NSE_755A5F4A31A8,ACTIVE_DATE_MATCH,1
2014-08-28,PIIND,PI Industries Ltd.,PESTICIDES AND AGROCHEMICALS,cnx500_Aug2014.pdf,14,NSE_015311D97283,ACTIVE_DATE_MATCH,1
2014-08-28,PIPAVAVDOC,Pipavav Defence and Offshore Engineering Company Ltd.,SHIPPING,cnx500_Aug2014.pdf,14,NSE_9050AA71D782,ACTIVE_DATE_MATCH,1
2014-08-28,PNB,Punjab National Bank,BANKS,cnx500_Aug2014.pdf,14,NSE_B773408C322B,ACTIVE_DATE_MATCH,1
2014-08-28,POLARIS,Polaris Financial Technology Ltd.,COMPUTERS - SOFTWARE,cnx500_Aug2014.pdf,14,NSE_A787B7252904,ACTIVE_DATE_MATCH,1
2014-08-28,POWERGRID,Power Grid Corporation of India Ltd.,POWER,cnx500_Aug2014.pdf,14,NSE_F7ADAF13B60C,ACTIVE_DATE_MATCH,1
2014-08-28,PRAJIND,Praj Industries Ltd.,ENGINEERING,cnx500_Aug2014.pdf,14,NSE_09C529487BE0,ACTIVE_DATE_MATCH,1
2014-08-28,PRAKASH,Prakash Industries Ltd.,STEEL AND STEEL PRODUCTS,cnx500_Aug2014.pdf,14,NSE_400E6C0FE473,ACTIVE_DATE_MATCH,1
2014-08-28,PRESTIGE,Prestige Estates Projects Ltd.,CONSTRUCTION,cnx500_Aug2014.pdf,14,NSE_E591D40579BE,ACTIVE_DATE_MATCH,1
2014-08-28,PRISMCEM,Prism Cement Ltd.,CEMENT AND CEMENT PRODUCTS,cnx500_Aug2014.pdf,14,NSE_8B1A9BBDE5E6,ACTIVE_DATE_MATCH,1
2014-08-28,PTC,PTC India Ltd.,POWER,cnx500_Aug2014.pdf,14,NSE_0BA9E4D0059A,ACTIVE_DATE_MATCH,1
2014-08-28,PUNJLLOYD,Punj Lloyd Ltd.,CONSTRUCTION,cnx500_Aug2014.pdf,14,NSE_795647D3BCB5,ACTIVE_DATE_MATCH,1
2014-08-28,PURVA,Puravankara Projects Ltd.,CONSTRUCTION,cnx500_Aug2014.pdf,14,NSE_A1950E96A064,ACTIVE_DATE_MATCH,1
2014-08-28,PVR,PVR Ltd.,MEDIA & ENTERTAINMENT,cnx500_Aug2014.pdf,14,NSE_F7FF721279AE,ACTIVE_DATE_MATCH,1
2014-08-28,RADICO,Radico Khaitan Ltd,BREW/DISTILLERIES,cnx500_Aug2014.pdf,14,NSE_89A9E52A0919,ACTIVE_DATE_MATCH,1
2014-08-28,RAIN,Rain Industries Ltd,PETROCHEMICALS,cnx500_Aug2014.pdf,14,NSE_E79D1D741D70,ACTIVE_DATE_MATCH,1
2014-08-28,RAJESHEXPO,Rajesh Exports Ltd.,GEMS JEWELLERY AND WATCHES,cnx500_Aug2014.pdf,14,NSE_86BBF1CA90A8,ACTIVE_DATE_MATCH,1
2014-08-28,RAJTV,Raj Television Network Ltd.,MEDIA & ENTERTAINMENT,cnx500_Aug2014.pdf,14,NSE_AF1487EA4B1C,ACTIVE_DATE_MATCH,1
2014-08-28,RALLIS,Rallis India Ltd.,PESTICIDES AND AGROCHEMICALS,cnx500_Aug2014.pdf,15,NSE_2E66C97CA5FA,ACTIVE_DATE_MATCH,1
2014-08-28,RAMCOCEM,The Ramco Cements Ltd.,CEMENT AND CEMENT PRODUCTS,cnx500_Aug2014.pdf,15,NSE_8669D581A541,ACTIVE_DATE_MATCH,1
2014-08-28,RAMCOIND,Ramco Industries Ltd.,CEMENT AND CEMENT PRODUCTS,cnx500_Aug2014.pdf,15,NSE_241E65AA24F6,ACTIVE_DATE_MATCH,1
2014-08-28,RANBAXY,Ranbaxy Laboratories Ltd.,PHARMACEUTICALS,cnx500_Aug2014.pdf,15,NSE_D484E901E05E,ACTIVE_DATE_MATCH,1
2014-08-28,RASOYPR,Rasoya Proteins Ltd.,SOLVENT EXTRACTION,cnx500_Aug2014.pdf,15,NSE_7110B3E95EA1,ACTIVE_DATE_MATCH,1
2014-08-28,RAYMOND,Raymond Ltd.,TEXTILE PRODUCTS,cnx500_Aug2014.pdf,15,NSE_3E4C170F0F10,ACTIVE_DATE_MATCH,1
2014-08-28,RCF,Rashtriya Chemicals & Fertilizers Ltd.,FERTILISERS,cnx500_Aug2014.pdf,15,NSE_78930426173B,ACTIVE_DATE_MATCH,1
2014-08-28,RCOM,Reliance Communications Ltd.,TELECOMMUNICATION - SERVICES,cnx500_Aug2014.pdf,15,NSE_A935B8CC4714,ACTIVE_DATE_MATCH,1
2014-08-28,RECLTD,Rural Electrification Corporation Ltd.,FINANCIAL INSTITUTION,cnx500_Aug2014.pdf,15,NSE_F7F0978600C5,ACTIVE_DATE_MATCH,1
2014-08-28,REDINGTON,Redington (India) Ltd.,TRADING,cnx500_Aug2014.pdf,15,NSE_4E64EBA18B02,ACTIVE_DATE_MATCH,1
2014-08-28,REIAGROLTD,Rei Agro Ltd.,FOOD AND FOOD PROCESSING,cnx500_Aug2014.pdf,15,NSE_F08DF88997C8,ACTIVE_DATE_MATCH,1
2014-08-28,RELCAPITAL,Reliance Capital Ltd.,FINANCE,cnx500_Aug2014.pdf,15,NSE_2B12B6998928,ACTIVE_DATE_MATCH,1
2014-08-28,RELIANCE,Reliance Industries Ltd.,REFINERIES,cnx500_Aug2014.pdf,15,NSE_B81E8F19FC12,ACTIVE_DATE_MATCH,1
2014-08-28,RELIGARE,Religare Enterprises Ltd.,FINANCE,cnx500_Aug2014.pdf,15,NSE_DE21F68BED21,ACTIVE_DATE_MATCH,1
2014-08-28,RELINFRA,Reliance Infrastructure Ltd.,POWER,cnx500_Aug2014.pdf,15,NSE_A8C2AF338260,ACTIVE_DATE_MATCH,1
2014-08-28,RENUKA,Shree Renuka Sugars Ltd.,SUGAR,cnx500_Aug2014.pdf,15,NSE_91BD03BB23F6,ACTIVE_DATE_MATCH,1
2014-08-28,RIIL,Reliance Industrial Infrastructure Ltd.,ENGINEERING,cnx500_Aug2014.pdf,15,NSE_824143CEF952,ACTIVE_DATE_MATCH,1
2014-08-28,ROLTA,Rolta India Ltd.,COMPUTERS - SOFTWARE,cnx500_Aug2014.pdf,15,NSE_0797DFD05BFD,ACTIVE_DATE_MATCH,1
2014-08-28,RPOWER,Reliance Power Ltd.,POWER,cnx500_Aug2014.pdf,15,NSE_DDAD0193F2D5,ACTIVE_DATE_MATCH,1
2014-08-28,RUCHISOYA,Ruchi Soya Industries Ltd.,SOLVENT EXTRACTION,cnx500_Aug2014.pdf,15,NSE_9D8A71CA7906,ACTIVE_DATE_MATCH,1
2014-08-28,SADBHAV,Sadbhav Engineering Ltd,CONSTRUCTION,cnx500_Aug2014.pdf,15,NSE_A06CF0562665,ACTIVE_DATE_MATCH,1
2014-08-28,SAIL,Steel Authority of India Ltd.,STEEL AND STEEL PRODUCTS,cnx500_Aug2014.pdf,15,NSE_355BD0212158,ACTIVE_DATE_MATCH,1
2014-08-28,SANOFI,Sanofi India Ltd.,PHARMACEUTICALS,cnx500_Aug2014.pdf,15,NSE_6F9A1FD4047C,ACTIVE_DATE_MATCH,1
2014-08-28,SBBJ,State Bank of Bikaner & Jaipur Ltd.,BANKS,cnx500_Aug2014.pdf,15,NSE_C23A48F8DAF4,ACTIVE_DATE_MATCH,1
2014-08-28,SBIN,State Bank of India,BANKS,cnx500_Aug2014.pdf,15,NSE_72441487C6F0,ACTIVE_DATE_MATCH,1
2014-08-28,SBT,State Bank of Travancore,BANKS,cnx500_Aug2014.pdf,15,NSE_633BD53DAEC1,ACTIVE_DATE_MATCH,1
2014-08-28,SCI,Shipping Corporation of India Ltd.,SHIPPING,cnx500_Aug2014.pdf,15,NSE_FECEC1EAA0A3,ACTIVE_DATE_MATCH,1
2014-08-28,SEINV,S.E. Investments Ltd.,FINANCE,cnx500_Aug2014.pdf,16,NSE_D57CF4D8191A,ACTIVE_DATE_MATCH,1
2014-08-28,SHANTIGEAR,Shanthi Gears Ltd.,AUTO ANCILLARIES,cnx500_Aug2014.pdf,16,NSE_E9019530042D,ACTIVE_DATE_MATCH,1
2014-08-28,SHASUNPHAR,Shasun Pharmaceuticals Ltd.,PHARMACEUTICALS,cnx500_Aug2014.pdf,16,NSE_86E36E8E07A0,ACTIVE_DATE_MATCH,1
2014-08-28,SHOPERSTOP,Shoppers Stop Ltd.,MISCELLANEOUS,cnx500_Aug2014.pdf,16,NSE_FA3A03D8F627,ACTIVE_DATE_MATCH,1
2014-08-28,SHREECEM,Shree Cement Ltd.,CEMENT AND CEMENT PRODUCTS,cnx500_Aug2014.pdf,16,NSE_30B63CA17706,ACTIVE_DATE_MATCH,1
2014-08-28,SHRENUJ,Shrenuj & Co. Ltd.,GEMS JEWELLERY AND WATCHES,cnx500_Aug2014.pdf,16,NSE_9B813D17D74B,ACTIVE_DATE_MATCH,1
2014-08-28,SHRIRAMCIT,Shriram City Union Finance Ltd.,FINANCE,cnx500_Aug2014.pdf,16,NSE_A4E2E02F6E83,ACTIVE_DATE_MATCH,1
2014-08-28,SIEMENS,Siemens Ltd.,ELECTRICAL EQUIPMENT,cnx500_Aug2014.pdf,16,NSE_6E385AB3FF62,ACTIVE_DATE_MATCH,1
2014-08-28,SIMPLEXINF,Simplex Infrastructures Ltd.,CONSTRUCTION,cnx500_Aug2014.pdf,16,NSE_021F12AAAD79,ACTIVE_DATE_MATCH,1
2014-08-28,SINTEX,Sintex Industries Ltd.,PLASTIC AND PLASTIC PRODUCTS,cnx500_Aug2014.pdf,16,NSE_7F1FE9599769,ACTIVE_DATE_MATCH,1
2014-08-28,SKFINDIA,SKF India Ltd.,BEARINGS,cnx500_Aug2014.pdf,16,NSE_20780186B67E,ACTIVE_DATE_MATCH,1
2014-08-28,SKSMICRO,SKS Microfinance Ltd.,FINANCE,cnx500_Aug2014.pdf,16,NSE_276B655CD1C9,ACTIVE_DATE_MATCH,1
2014-08-28,SKUMARSYNF,S. Kumars Nationwide Ltd.,TEXTILE PRODUCTS,cnx500_Aug2014.pdf,16,NSE_824DBB53889B,ACTIVE_DATE_MATCH,1
2014-08-28,SOBHA,Sobha Developers Ltd.,CONSTRUCTION,cnx500_Aug2014.pdf,16,NSE_EB6FFADD9772,ACTIVE_DATE_MATCH,1
2014-08-28,SONASTEER,Sona Koyo Steering Systems Ltd.,AUTO ANCILLARIES,cnx500_Aug2014.pdf,16,NSE_D00C1130DAE7,ACTIVE_DATE_MATCH,1
2014-08-28,SONATSOFTW,Sonata Software Ltd.,COMPUTERS - SOFTWARE,cnx500_Aug2014.pdf,16,NSE_8EE3E878FAE5,ACTIVE_DATE_MATCH,1
2014-08-28,SOUTHBANK,South Indian Bank Ltd.,BANKS,cnx500_Aug2014.pdf,16,NSE_A80DD1EFE223,ACTIVE_DATE_MATCH,1
2014-08-28,SPARC,Sun Pharma Advanced Research Company Ltd.,PHARMACEUTICALS,cnx500_Aug2014.pdf,16,NSE_2BB23E58EEE2,ACTIVE_DATE_MATCH,1
2014-08-28,SREINFRA,SREI Infrastructure Finance Ltd.,FINANCE,cnx500_Aug2014.pdf,16,NSE_CEF9C41C45DE,ACTIVE_DATE_MATCH,1
2014-08-28,SRF,SRF Ltd.,TEXTILES - SYNTHETIC,cnx500_Aug2014.pdf,16,NSE_984031314A32,ACTIVE_DATE_MATCH,1
2014-08-28,SRTRANSFIN,Shriram Transport Finance Co. Ltd.,FINANCE,cnx500_Aug2014.pdf,16,NSE_DB2FD1378512,ACTIVE_DATE_MATCH,1
2014-08-28,SSLT,Sesa Sterlite Ltd.,MINING,cnx500_Aug2014.pdf,16,NSE_4F03492E4C4E,ACTIVE_DATE_MATCH,1
2014-08-28,STAR,Strides Arcolab Ltd.,PHARMACEUTICALS,cnx500_Aug2014.pdf,16,NSE_72AFBEE07E5D,ACTIVE_DATE_MATCH,1
2014-08-28,STRTECH,Sterlite Technologies Ltd.,ELECTRICAL EQUIPMENT,cnx500_Aug2014.pdf,16,NSE_D8BF1C07E0AE,ACTIVE_DATE_MATCH,1
2014-08-28,SUNDARMFIN,Sundaram Finance Ltd.,FINANCE,cnx500_Aug2014.pdf,16,NSE_D33E443DE34A,ACTIVE_DATE_MATCH,1
2014-08-28,SUNDRMFAST,Sundram Fasteners Ltd.,FASTNERS,cnx500_Aug2014.pdf,16,NSE_85D928902B89,ACTIVE_DATE_MATCH,1
2014-08-28,SUNPHARMA,Sun Pharmaceutical Industries Ltd.,PHARMACEUTICALS,cnx500_Aug2014.pdf,16,NSE_F10BDBDE333C,ACTIVE_DATE_MATCH,1
2014-08-28,SUNTECK,Sunteck Realty Ltd.,CONSTRUCTION,cnx500_Aug2014.pdf,17,NSE_A99ADF364CB3,ACTIVE_DATE_MATCH,1
2014-08-28,SUNTV,Sun TV Network Ltd.,MEDIA & ENTERTAINMENT,cnx500_Aug2014.pdf,17,NSE_C018B89345AE,ACTIVE_DATE_MATCH,1
2014-08-28,SUPPETRO,Supreme Petrochem Ltd.,PETROCHEMICALS,cnx500_Aug2014.pdf,17,NSE_AA00EC8A4A3D,ACTIVE_DATE_MATCH,1
2014-08-28,SUPREMEIND,Supreme Industries Ltd.,PLASTIC AND PLASTIC PRODUCTS,cnx500_Aug2014.pdf,17,NSE_ED3DAAB833BE,ACTIVE_DATE_MATCH,1
2014-08-28,SUPREMEINF,Supreme Infrastructure India Ltd.,CONSTRUCTION,cnx500_Aug2014.pdf,17,NSE_978A4180C4F3,ACTIVE_DATE_MATCH,1
2014-08-28,SUZLON,Suzlon Energy Ltd.,ELECTRICAL EQUIPMENT,cnx500_Aug2014.pdf,17,NSE_F6C28C2DB744,ACTIVE_DATE_MATCH,1
2014-08-28,SWANENERGY,Swan Energy Ltd.,CONSTRUCTION,cnx500_Aug2014.pdf,17,NSE_D12898B9CF83,ACTIVE_DATE_MATCH,1
2014-08-28,SWARAJENG,Swaraj Engines Ltd.,DIESEL ENGINES,cnx500_Aug2014.pdf,17,NSE_7A24E610012A,ACTIVE_DATE_MATCH,1
2014-08-28,SYNDIBANK,Syndicate Bank,BANKS,cnx500_Aug2014.pdf,17,NSE_74623765623B,ACTIVE_DATE_MATCH,1
2014-08-28,TATACHEM,Tata Chemicals Ltd.,CHEMICALS - INORGANIC,cnx500_Aug2014.pdf,17,NSE_806E57D11FFC,ACTIVE_DATE_MATCH,1
2014-08-28,TATACOFFEE,Tata Coffee Ltd.,TEA AND COFFEE,cnx500_Aug2014.pdf,17,NSE_13CDBE86B707,ACTIVE_DATE_MATCH,1
2014-08-28,TATACOMM,Tata Communications Ltd.,TELECOMMUNICATION - SERVICES,cnx500_Aug2014.pdf,17,NSE_C941893EE311,ACTIVE_DATE_MATCH,1
2014-08-28,TATAELXSI,Tata Elxsi Ltd.,COMPUTERS - SOFTWARE,cnx500_Aug2014.pdf,17,NSE_00202FB0EFF6,ACTIVE_DATE_MATCH,1
2014-08-28,TATAGLOBAL,Tata Global Beverages Ltd.,TEA AND COFFEE,cnx500_Aug2014.pdf,17,NSE_31E61AFCD7A5,ACTIVE_DATE_MATCH,1
2014-08-28,TATAINVEST,Tata Investment Corporation Ltd.,FINANCE,cnx500_Aug2014.pdf,17,NSE_CC1A452E363C,ACTIVE_DATE_MATCH,1
2014-08-28,TATAMOTORS,Tata Motors Ltd.,AUTOMOBILES - 4 WHEELERS,cnx500_Aug2014.pdf,17,NSE_092A1C3253B4,ACTIVE_DATE_MATCH,1
2014-08-28,TATAPOWER,Tata Power Co. Ltd.,POWER,cnx500_Aug2014.pdf,17,NSE_53A37C11E6D9,ACTIVE_DATE_MATCH,1
2014-08-28,TATASPONGE,Tata Sponge Iron Ltd.,STEEL AND STEEL PRODUCTS,cnx500_Aug2014.pdf,17,NSE_418B7FB30526,ACTIVE_DATE_MATCH,1
2014-08-28,TATASTEEL,Tata Steel Ltd.,STEEL AND STEEL PRODUCTS,cnx500_Aug2014.pdf,17,NSE_8D39D27D1A12,ACTIVE_DATE_MATCH,1
2014-08-28,TBZ,Tribhovandas Bhimji Zaveri Ltd.,GEMS JEWELLERY AND WATCHES,cnx500_Aug2014.pdf,17,NSE_96586AD2DEEB,ACTIVE_DATE_MATCH,1
2014-08-28,TCS,Tata Consultancy Services Ltd.,COMPUTERS - SOFTWARE,cnx500_Aug2014.pdf,17,NSE_DBD0EB2724E0,ACTIVE_DATE_MATCH,1
2014-08-28,TDPOWERSYS,TD Power Systems Ltd.,ELECTRICAL EQUIPMENT,cnx500_Aug2014.pdf,17,NSE_3087CF0E8810,ACTIVE_DATE_MATCH,1
2014-08-28,TECHM,Tech Mahindra Ltd.,COMPUTERS - SOFTWARE,cnx500_Aug2014.pdf,17,NSE_469BDD916F8C,ACTIVE_DATE_MATCH,1
2014-08-28,TECHNO,Techno Elt & Eng Co. Ltd.,ENGINEERING,cnx500_Aug2014.pdf,17,NSE_3D6C785A9060,ACTIVE_DATE_MATCH,1
2014-08-28,THERMAX,Thermax Ltd.,ELECTRICAL EQUIPMENT,cnx500_Aug2014.pdf,17,NSE_6E05591D6516,ACTIVE_DATE_MATCH,1
2014-08-28,THOMASCOOK,Thomas Cook (India) Ltd.,TRAVEL AND TRANSPORT,cnx500_Aug2014.pdf,17,NSE_AA256B638694,ACTIVE_DATE_MATCH,1
2014-08-28,TINPLATE,Tinplate Company of India Ltd.,STEEL AND STEEL PRODUCTS,cnx500_Aug2014.pdf,17,NSE_74672BDAB0C4,ACTIVE_DATE_MATCH,1
2014-08-28,TITAN,Titan Company Ltd.,GEMS JEWELLERY AND WATCHES,cnx500_Aug2014.pdf,18,NSE_700DCF5139DE,ACTIVE_DATE_MATCH,1
2014-08-28,TNPL,Tamil Nadu Newsprint & Papers Ltd.,PAPER AND PAPER PRODUCTS,cnx500_Aug2014.pdf,18,NSE_E7F329485D3D,ACTIVE_DATE_MATCH,1
2014-08-28,TORNTPHARM,Torrent Pharmaceuticals Ltd.,PHARMACEUTICALS,cnx500_Aug2014.pdf,18,NSE_9B0B508C6670,ACTIVE_DATE_MATCH,1
2014-08-28,TORNTPOWER,Torrent Power Ltd.,POWER,cnx500_Aug2014.pdf,18,NSE_C22A32F7BD26,ACTIVE_DATE_MATCH,1
2014-08-28,TREEHOUSE,Tree House Education & Accessories Ltd.,MISCELLANEOUS,cnx500_Aug2014.pdf,18,NSE_403ED77BEF36,ACTIVE_DATE_MATCH,1
2014-08-28,TRENT,Trent Ltd.,MISCELLANEOUS,cnx500_Aug2014.pdf,18,NSE_31B20A2BAC7A,ACTIVE_DATE_MATCH,1
2014-08-28,TRIDENT,Trident Ltd.,TEXTILE PRODUCTS,cnx500_Aug2014.pdf,18,NSE_0BA72B875543,ACTIVE_DATE_MATCH,1
2014-08-28,TTKPRESTIG,TTK Prestige Ltd.,CONSUMER DURABLES,cnx500_Aug2014.pdf,18,NSE_9BCCFC53AEB0,ACTIVE_DATE_MATCH,1
2014-08-28,TUBEINVEST,Tube Investments of India Ltd.,CYCLES,cnx500_Aug2014.pdf,18,NSE_EC24712264F2,ACTIVE_DATE_MATCH,1
2014-08-28,TV18BRDCST,TV18 Broadcast Ltd.,MEDIA & ENTERTAINMENT,cnx500_Aug2014.pdf,18,NSE_20BC4C6421FA,ACTIVE_DATE_MATCH,1
2014-08-28,TVSMOTOR,TVS Motor Company Ltd.,AUTOMOBILES - 2 AND 3 WHEELERS,cnx500_Aug2014.pdf,18,NSE_4FD30BCE01EE,ACTIVE_DATE_MATCH,1
2014-08-28,UBL,United Breweries Ltd.,BREW/DISTILLERIES,cnx500_Aug2014.pdf,18,NSE_7ED501BBAD4A,ACTIVE_DATE_MATCH,1
2014-08-28,UCOBANK,UCO Bank,BANKS,cnx500_Aug2014.pdf,18,NSE_F8D058616E86,ACTIVE_DATE_MATCH,1
2014-08-28,UFLEX,UFLEX Ltd.,PACKAGING,cnx500_Aug2014.pdf,18,NSE_1B08C46FE83D,ACTIVE_DATE_MATCH,1
2014-08-28,ULTRACEMCO,UltraTech Cement Ltd.,CEMENT AND CEMENT PRODUCTS,cnx500_Aug2014.pdf,18,NSE_F4684F40FA77,ACTIVE_DATE_MATCH,1
2014-08-28,UNICHEMLAB,Unichem Laboratories Ltd.,PHARMACEUTICALS,cnx500_Aug2014.pdf,18,NSE_11D6411F8FF1,ACTIVE_DATE_MATCH,1
2014-08-28,UNIONBANK,Union Bank of India,BANKS,cnx500_Aug2014.pdf,18,NSE_14E9DE97CA1E,ACTIVE_DATE_MATCH,1
2014-08-28,UNITECH,Unitech Ltd.,CONSTRUCTION,cnx500_Aug2014.pdf,18,NSE_3A0DDDDAEB27,ACTIVE_DATE_MATCH,1
2014-08-28,UPL,UPL Ltd.,PESTICIDES AND AGROCHEMICALS,cnx500_Aug2014.pdf,18,NSE_A707E895DC5D,ACTIVE_DATE_MATCH,1
2014-08-28,USHAMART,Usha Martin Ltd.,STEEL AND STEEL PRODUCTS,cnx500_Aug2014.pdf,18,NSE_9A67203EFED3,ACTIVE_DATE_MATCH,1
2014-08-28,UTTAMSTL,Uttam Galva Steels Ltd.,STEEL AND STEEL PRODUCTS,cnx500_Aug2014.pdf,18,NSE_BE6B81B4D2AE,ACTIVE_DATE_MATCH,1
2014-08-28,VAIBHAVGBL,Vaibhav Global Ltd.,MISCELLANEOUS,cnx500_Aug2014.pdf,18,NSE_BBC622D344B2,ACTIVE_DATE_MATCH,1
2014-08-28,VAKRANGEE,Vakrangee Ltd.,COMPUTERS - SOFTWARE,cnx500_Aug2014.pdf,18,NSE_7F648FED7CF8,ACTIVE_DATE_MATCH,1
2014-08-28,VENKEYS,Venky's (India) Ltd.,FOOD AND FOOD PROCESSING,cnx500_Aug2014.pdf,18,NSE_F6D9EDF646AC,ACTIVE_DATE_MATCH,1
2014-08-28,VESUVIUS,Vesuvius India Ltd.,REFRACTORIES,cnx500_Aug2014.pdf,18,NSE_81E6A1C5A552,ACTIVE_DATE_MATCH,1
2014-08-28,VIDEOIND,Videocon Industries Ltd.,CONSUMER DURABLES,cnx500_Aug2014.pdf,18,NSE_BAF1627773E0,ACTIVE_DATE_MATCH,1
2014-08-28,VIJAYABANK,Vijaya Bank,BANKS,cnx500_Aug2014.pdf,18,NSE_297F6BD649A1,ACTIVE_DATE_MATCH,1
2014-08-28,VIPIND,V.I.P. Industries Ltd.,PLASTIC AND PLASTIC PRODUCTS,cnx500_Aug2014.pdf,19,NSE_2C5F1FC0CC8C,ACTIVE_DATE_MATCH,1
2014-08-28,VOLTAS,Voltas Ltd.,ENGINEERING,cnx500_Aug2014.pdf,19,NSE_18C985741CBC,ACTIVE_DATE_MATCH,1
2014-08-28,VSTIND,VST Industries Ltd.,CIGARETTES,cnx500_Aug2014.pdf,19,NSE_BB53E120FC24,ACTIVE_DATE_MATCH,1
2014-08-28,VTL,Vardhman Textiles Ltd.,TEXTILES - COTTON,cnx500_Aug2014.pdf,19,NSE_5E0EA36A1031,ACTIVE_DATE_MATCH,1
2014-08-28,WABCOINDIA,WABCO India Ltd.,AUTO ANCILLARIES,cnx500_Aug2014.pdf,19,NSE_39600F11BB9A,ACTIVE_DATE_MATCH,1
2014-08-28,WELSPUNIND,Welspun India Ltd.,TEXTILE PRODUCTS,cnx500_Aug2014.pdf,19,NSE_2216670637F8,ACTIVE_DATE_MATCH,1
2014-08-28,WHIRLPOOL,Whirlpool of India Ltd.,CONSUMER DURABLES,cnx500_Aug2014.pdf,19,NSE_662663CCD5A1,ACTIVE_DATE_MATCH,1
2014-08-28,WIPRO,Wipro Ltd.,COMPUTERS - SOFTWARE,cnx500_Aug2014.pdf,19,NSE_060294DF8B9D,ACTIVE_DATE_MATCH,1
2014-08-28,WOCKPHARMA,Wockhardt Ltd.,PHARMACEUTICALS,cnx500_Aug2014.pdf,19,NSE_3F3FCC28A216,ACTIVE_DATE_MATCH,1
2014-08-28,WSTCSTPAPR,West Coast Paper Mills Ltd.,PAPER AND PAPER PRODUCTS,cnx500_Aug2014.pdf,19,NSE_5BF7C734A16F,ACTIVE_DATE_MATCH,1
2014-08-28,YESBANK,Yes Bank Ltd.,BANKS,cnx500_Aug2014.pdf,19,NSE_BF514F1F2D5F,ACTIVE_DATE_MATCH,1
2014-08-28,ZEEL,Zee Entertainment Enterprises Ltd.,MEDIA & ENTERTAINMENT,cnx500_Aug2014.pdf,19,NSE_0144F0CB1BA0,ACTIVE_DATE_MATCH,1
2014-08-28,ZENSARTECH,Zensar Technolgies Ltd.,COMPUTERS - SOFTWARE,cnx500_Aug2014.pdf,19,NSE_328A23F1543C,ACTIVE_DATE_MATCH,1
2014-08-28,ZYDUSWELL,Zydus Wellness Ltd.,FOOD AND FOOD PROCESSING,cnx500_Aug2014.pdf,19,NSE_EFCAC85BC356,ACTIVE_DATE_MATCH,1
