security_id,published_symbol,membership_from,membership_to,listing_or_first_observed_date,date_evidence,days_membership_precedes_reference,status
NSE_00202FB0EFF6,TATAELXSI,2014-08-28,,2003-09-17,CURRENT_NSE_EQUITY_MASTER,0,PASS
NSE_00ABAEDCEC72,SBICARD,2020-07-31,,2020-03-16,CURRENT_NSE_EQUITY_MASTER,0,PASS
NSE_0144F0CB1BA0,ZEEL,2014-08-28,,1998-09-09,CURRENT_NSE_EQUITY_MASTER,0,PASS
NSE_015311D97283,PIIND,2014-08-28,,2011-06-15,CURRENT_NSE_EQUITY_MASTER,0,PASS
NSE_015669CF831E,IPCALAB,2014-08-28,,1995-02-08,CURRENT_NSE_EQUITY_MASTER,0,PASS
NSE_015D3C811935,SNOWMAN,2016-04-01,2018-04-02,2014-09-12,CURRENT_NSE_EQUITY_MASTER,0,PASS
NSE_016878F56F2B,MANDHANA,2014-08-28,2015-12-14,2013-01-01,FIRST_OBSERVED_PRICE_PROXY,0,PASS
NSE_01C6D9F0E3F6,DELHIVERY,2022-08-08,,2022-05-24,CURRENT_NSE_EQUITY_MASTER,0,PASS
NSE_021F12AAAD79,SIMPLEXINF,2014-08-28,2017-03-31,2004-03-09,CURRENT_NSE_EQUITY_MASTER,0,PASS
NSE_0359BC4768A2,HDIL,2014-08-28,2018-09-28,2007-07-24,CURRENT_NSE_EQUITY_MASTER,0,PASS
NSE_03B0BD5CB55C,HGS,2021-09-30,,2007-06-19,CURRENT_NSE_EQUITY_MASTER,0,PASS
NSE_03BC3A91CD0A,AFFLE,2019-12-26,,2019-08-08,CURRENT_NSE_EQUITY_MASTER,0,PASS
NSE_03C46C5018D2,KPRMILL,2015-03-27,2020-09-25,2007-08-28,CURRENT_NSE_EQUITY_MASTER,0,PASS
NSE_03C46C5018D2,KPRMILL,2021-03-31,,2007-08-28,CURRENT_NSE_EQUITY_MASTER,0,PASS
NSE_04670D8A7F6D,DREDGECORP,2014-08-28,2019-03-29,2004-01-15,CURRENT_NSE_EQUITY_MASTER,0,PASS
NSE_046B9E4F246F,NEYVELILIG,2014-08-28,,2000-08-23,CURRENT_NSE_EQUITY_MASTER,0,PASS
NSE_047E313EDDCF,BERGEPAINT,2014-08-28,,1999-11-24,CURRENT_NSE_EQUITY_MASTER,0,PASS
NSE_04884AF9E2CC,CADILAHC,2014-08-28,,2000-04-18,CURRENT_NSE_EQUITY_MASTER,0,PASS
NSE_05F316A71726,APARINDS,2014-09-19,2018-04-02,2004-07-12,CURRENT_NSE_EQUITY_MASTER,0,PASS
NSE_05F316A71726,APARINDS,2023-03-31,,2004-07-12,CURRENT_NSE_EQUITY_MASTER,0,PASS
NSE_060294DF8B9D,WIPRO,2014-08-28,,1995-11-08,CURRENT_NSE_EQUITY_MASTER,0,PASS
NSE_0624EEB65D30,CHOLAFIN,2014-08-28,,1996-05-15,CURRENT_NSE_EQUITY_MASTER,0,PASS
NSE_0636AF8D6821,WABAG,2014-09-19,2020-06-26,2010-10-13,CURRENT_NSE_EQUITY_MASTER,0,PASS
NSE_0711207C900A,GITANJALI,2014-08-28,2016-04-01,2013-01-01,FIRST_OBSERVED_PRICE_PROXY,0,PASS
NSE_07126DA12DC3,NUVOCO,2022-03-31,,2021-08-23,CURRENT_NSE_EQUITY_MASTER,0,PASS
NSE_0797DFD05BFD,ROLTA,2014-08-28,2017-09-29,2013-01-01,FIRST_OBSERVED_PRICE_PROXY,0,PASS
NSE_087EBB35F638,DCAL,2018-04-02,2021-09-30,2017-09-21,CURRENT_NSE_EQUITY_MASTER,0,PASS
NSE_08AD92AFD5C4,PNBHOUSING,2017-05-26,,2016-11-07,CURRENT_NSE_EQUITY_MASTER,0,PASS
NSE_08FB9B51264C,KWALITY,2016-04-01,2018-09-28,2013-01-01,FIRST_OBSERVED_PRICE_PROXY,0,PASS
NSE_092A1C3253B4,TATAMOTORS,2014-08-28,,1998-07-22,CURRENT_NSE_EQUITY_MASTER,0,PASS
NSE_09C529487BE0,PRAJIND,2014-08-28,2021-03-31,1995-10-11,CURRENT_NSE_EQUITY_MASTER,0,PASS
NSE_09C529487BE0,PRAJIND,2021-09-30,,1995-10-11,CURRENT_NSE_EQUITY_MASTER,0,PASS
NSE_0A208E331D8C,MAHINDCIE,2016-04-01,2020-09-25,2007-08-30,CURRENT_NSE_EQUITY_MASTER,0,PASS
NSE_0A208E331D8C,MAHINDCIE,2020-11-25,,2007-08-30,CURRENT_NSE_EQUITY_MASTER,0,PASS
NSE_0A3EDCE50A32,CASTROLIND,2014-08-28,,2014-03-14,CURRENT_NSE_EQUITY_MASTER,0,PASS
NSE_0ACF8CD743FA,MERCK,2014-08-28,2023-03-31,1996-04-24,CURRENT_NSE_EQUITY_MASTER,0,PASS
NSE_0B222906F7FD,ABAN,2014-08-28,2018-09-28,1995-03-29,CURRENT_NSE_EQUITY_MASTER,0,PASS
NSE_0B84083B7AE8,THYROCARE,2017-03-31,2023-03-31,2016-05-09,CURRENT_NSE_EQUITY_MASTER,0,PASS
NSE_0BA72B875543,TRIDENT,2014-08-28,,2001-02-21,CURRENT_NSE_EQUITY_MASTER,0,PASS
NSE_0BA9E4D0059A,PTC,2014-08-28,2021-03-31,2004-04-07,CURRENT_NSE_EQUITY_MASTER,0,PASS
NSE_0BD8E69BA388,MEDANTA,2023-03-31,,2022-11-16,CURRENT_NSE_EQUITY_MASTER,0,PASS
NSE_0C54BB903E03,CENTURYPLY,2014-09-19,,2006-03-23,CURRENT_NSE_EQUITY_MASTER,0,PASS
NSE_0C8E43FADDB8,IVRCLINFRA,2014-08-28,2016-04-01,2013-01-01,FIRST_OBSERVED_PRICE_PROXY,0,PASS
NSE_0CDA14210E4D,DISHTV,2016-04-01,2021-09-30,2007-04-18,CURRENT_NSE_EQUITY_MASTER,0,PASS
NSE_0D4C56FAB9A2,PFOCUS,2014-08-28,2015-03-27,2006-06-20,CURRENT_NSE_EQUITY_MASTER,0,PASS
NSE_0DF5BDD0F1AA,DBL,2017-03-31,2023-03-31,2016-08-11,CURRENT_NSE_EQUITY_MASTER,0,PASS
NSE_0E49BB8B75B8,VBL,2017-05-26,,2016-11-08,FIRST_OBSERVED_PRICE_PROXY,0,PASS
NSE_0E5DBEE7C6DB,GOCOLORS,2022-03-31,,2021-11-30,CURRENT_NSE_EQUITY_MASTER,0,PASS
NSE_0E88CB8DDD57,LAKSHVILAS,2014-08-28,2020-06-26,2013-01-01,FIRST_OBSERVED_PRICE_PROXY,0,PASS
NSE_0F5D12813238,AAVAS,2019-03-29,,2018-10-08,CURRENT_NSE_EQUITY_MASTER,0,PASS
NSE_0F72F66469D6,GRAPHITE,2014-08-28,2016-04-01,2003-02-07,CURRENT_NSE_EQUITY_MASTER,0,PASS
NSE_0F72F66469D6,GRAPHITE,2018-04-02,,2003-02-07,CURRENT_NSE_EQUITY_MASTER,0,PASS
NSE_0FF5DAC53AF6,ITDC,2017-09-29,2020-09-25,2016-12-30,CURRENT_NSE_EQUITY_MASTER,0,PASS
NSE_108254EF6AA4,MOTHERSUMI,2014-08-28,2021-06-30,1996-08-14,CURRENT_NSE_EQUITY_MASTER,0,PASS
NSE_108254EF6AA4,MOTHERSON,2022-09-30,,1996-08-14,CURRENT_NSE_EQUITY_MASTER,0,PASS
NSE_11AC767B4B31,NHPC,2014-08-28,,2009-09-01,CURRENT_NSE_EQUITY_MASTER,0,PASS
NSE_11D6411F8FF1,UNICHEMLAB,2014-08-28,2019-03-29,2001-02-07,CURRENT_NSE_EQUITY_MASTER,0,PASS
NSE_11DA18056321,GARFIBRES,2019-09-27,,2007-04-03,CURRENT_NSE_EQUITY_MASTER,0,PASS
NSE_12EA8D83A7E0,HIKAL,2021-09-30,,2001-02-14,CURRENT_NSE_EQUITY_MASTER,0,PASS
NSE_13077239C5DD,GLAXO,2014-08-28,,2000-12-15,CURRENT_NSE_EQUITY_MASTER,0,PASS
NSE_1377DAD88BB5,RTNINDIA,2022-03-31,,2012-07-30,CURRENT_NSE_EQUITY_MASTER,0,PASS
NSE_13A9C334E040,JMFINANCIL,2014-08-28,,2006-10-10,CURRENT_NSE_EQUITY_MASTER,0,PASS
NSE_13CDBE86B707,TATACOFFEE,2014-08-28,2019-09-27,2013-01-01,FIRST_OBSERVED_PRICE_PROXY,0,PASS
NSE_13CDBE86B707,TATACOFFEE,2020-09-25,2023-03-31,2013-01-01,FIRST_OBSERVED_PRICE_PROXY,0,PASS
NSE_145A8828E1E4,CYIENT,2014-08-28,,1998-09-30,CURRENT_NSE_EQUITY_MASTER,0,PASS
NSE_1469848A6218,MAXINDIA,2017-03-16,2019-12-27,2016-07-14,FIRST_OBSERVED_PRICE_PROXY,0,PASS
NSE_148E052CEC64,GRANULES,2016-04-01,,2005-06-20,CURRENT_NSE_EQUITY_MASTER,0,PASS
NSE_14A636C8E6CC,ADANIGREEN,2018-12-28,,2018-06-18,CURRENT_NSE_EQUITY_MASTER,0,PASS
NSE_14E9DE97CA1E,UNIONBANK,2014-08-28,,2002-09-24,CURRENT_NSE_EQUITY_MASTER,0,PASS
NSE_15269CF9ABBD,TAKE,2016-04-01,2020-09-25,2007-08-27,CURRENT_NSE_EQUITY_MASTER,0,PASS
NSE_15523813BD4A,NOIDATOLL,2014-08-28,2016-04-01,2002-12-06,CURRENT_NSE_EQUITY_MASTER,0,PASS
NSE_158A5A0513EB,APOLLOTYRE,2014-08-28,,1995-05-31,CURRENT_NSE_EQUITY_MASTER,0,PASS
NSE_158E1D664C69,M&M,2014-08-28,,1996-01-03,CURRENT_NSE_EQUITY_MASTER,0,PASS
NSE_1671B749B56F,IDFC,2014-08-28,2015-05-29,2013-01-01,FIRST_OBSERVED_PRICE_PROXY,0,PASS
NSE_1671B749B56F,IDFC,2016-04-01,,2013-01-01,FIRST_OBSERVED_PRICE_PROXY,0,PASS
NSE_16B5A2168926,TMB,2023-03-31,,2022-09-15,CURRENT_NSE_EQUITY_MASTER,0,PASS
NSE_16BD845CA93B,RNAM,2018-09-28,,2017-11-06,CURRENT_NSE_EQUITY_MASTER,0,PASS
NSE_1788C1AB50E0,FEDERALBNK,2014-08-28,,1995-02-08,CURRENT_NSE_EQUITY_MASTER,0,PASS
NSE_1789CF98709C,BLUEDART,2014-08-28,,2002-12-12,CURRENT_NSE_EQUITY_MASTER,0,PASS
NSE_1846247E74B4,JBMA,2022-09-30,,2013-01-01,FIRST_OBSERVED_PRICE_PROXY,0,PASS
NSE_18632E719904,ASIANPAINT,2014-08-28,,1995-05-31,CURRENT_NSE_EQUITY_MASTER,0,PASS
NSE_18BAEEDF7BCF,INGVYSYABK,2014-08-28,2015-02-02,2013-01-01,FIRST_OBSERVED_PRICE_PROXY,0,PASS
NSE_18C985741CBC,VOLTAS,2014-08-28,,1995-04-12,CURRENT_NSE_EQUITY_MASTER,0,PASS
NSE_18DCA12D261A,DATAPATTNS,2023-03-31,,2021-12-24,CURRENT_NSE_EQUITY_MASTER,0,PASS
NSE_1957FAB1366F,INDOCO,2016-04-01,2019-09-27,2005-01-14,CURRENT_NSE_EQUITY_MASTER,0,PASS
NSE_1957FAB1366F,INDOCO,2020-06-26,2023-03-31,2005-01-14,CURRENT_NSE_EQUITY_MASTER,0,PASS
NSE_197A5E03B180,ROUTE,2021-03-31,,2020-09-21,CURRENT_NSE_EQUITY_MASTER,0,PASS
NSE_1A8C5F9B8D6A,GAIL,2014-08-28,,1997-04-02,CURRENT_NSE_EQUITY_MASTER,0,PASS
NSE_1B08C46FE83D,UFLEX,2014-08-28,,1995-08-23,CURRENT_NSE_EQUITY_MASTER,0,PASS
NSE_1B3977E94B43,CRAFTSMAN,2023-03-31,,2021-03-25,CURRENT_NSE_EQUITY_MASTER,0,PASS
NSE_1B43303A9FAD,INDOSTAR,2019-03-29,2020-09-25,2018-05-21,CURRENT_NSE_EQUITY_MASTER,0,PASS
NSE_1BB2D50D7572,EQUITAS,2016-09-30,2022-09-30,2016-04-21,FIRST_OBSERVED_PRICE_PROXY,0,PASS
NSE_1BB33DC3AD65,INDUSINDBK,2014-08-28,,1998-01-28,CURRENT_NSE_EQUITY_MASTER,0,PASS
NSE_1BBE3C0F77F8,STARHEALTH,2022-03-31,,2021-12-10,CURRENT_NSE_EQUITY_MASTER,0,PASS
NSE_1BD67E329F69,JYOTHYLAB,2014-08-28,,2007-12-19,CURRENT_NSE_EQUITY_MASTER,0,PASS
NSE_1BF63B49C19E,TVTODAY,2014-09-19,2016-04-01,2004-01-16,CURRENT_NSE_EQUITY_MASTER,0,PASS
NSE_1BF63B49C19E,TVTODAY,2016-04-29,2021-03-31,2004-01-16,CURRENT_NSE_EQUITY_MASTER,0,PASS
NSE_1C6C6783C7E2,COREEDUTEC,2014-08-28,2014-09-19,2013-01-01,FIRST_OBSERVED_PRICE_PROXY,0,PASS
NSE_1CC155F94220,IGL,2014-08-28,,2003-12-26,CURRENT_NSE_EQUITY_MASTER,0,PASS
NSE_1E720E0D76DE,PARAGMILK,2017-03-31,2020-06-26,2016-05-19,CURRENT_NSE_EQUITY_MASTER,0,PASS
NSE_1E79FBEEA506,NAZARA,2021-09-30,,2021-03-30,FIRST_OBSERVED_PRICE_PROXY,0,PASS
NSE_1EDC5AB6BDE5,GAYAPROJ,2015-12-14,2017-11-20,2011-08-22,CURRENT_NSE_EQUITY_MASTER,0,PASS
NSE_1EDC5AB6BDE5,GAYAPROJ,2018-09-28,2020-06-26,2011-08-22,CURRENT_NSE_EQUITY_MASTER,0,PASS
NSE_1FA96B1CD798,MARUTI,2014-08-28,,2003-07-09,CURRENT_NSE_EQUITY_MASTER,0,PASS
NSE_1FE8B4643571,GEOJITBNPP,2014-08-28,2016-04-01,2005-07-01,CURRENT_NSE_EQUITY_MASTER,0,PASS
NSE_20307E93F24D,BANKBARODA,2014-08-28,,1997-02-19,CURRENT_NSE_EQUITY_MASTER,0,PASS
NSE_2067B53F47F0,HOTELEELA,2014-08-28,2015-09-28,1995-07-19,CURRENT_NSE_EQUITY_MASTER,0,PASS
NSE_2067B53F47F0,HOTELEELA,2016-04-01,2016-09-30,1995-07-19,CURRENT_NSE_EQUITY_MASTER,0,PASS
NSE_20780186B67E,SKFINDIA,2014-08-28,,1999-01-27,CURRENT_NSE_EQUITY_MASTER,0,PASS
NSE_20BC4C6421FA,TV18BRDCST,2014-08-28,,2013-01-01,FIRST_OBSERVED_PRICE_PROXY,0,PASS
NSE_2216670637F8,WELSPUNIND,2014-08-28,,2003-12-04,CURRENT_NSE_EQUITY_MASTER,0,PASS
NSE_221B7F10DD50,HINDOILEXP,2014-08-28,2015-09-28,2003-09-23,CURRENT_NSE_EQUITY_MASTER,0,PASS
NSE_22269AA0FB3D,ELDERPHARM,2014-08-28,2015-03-27,2013-01-01,FIRST_OBSERVED_PRICE_PROXY,0,PASS
NSE_22A49E238B39,GMRINFRA,2014-08-28,2021-10-29,2006-08-21,CURRENT_NSE_EQUITY_MASTER,0,PASS
NSE_22A49E238B39,GMRINFRA,2022-05-04,,2006-08-21,CURRENT_NSE_EQUITY_MASTER,0,PASS
NSE_22C8D50BA4F4,SAREGAMA,2022-03-31,2022-12-30,1997-07-30,CURRENT_NSE_EQUITY_MASTER,0,PASS
NSE_22FC8142A6A2,VIVIDHA,2015-05-29,2016-04-01,2013-05-21,CURRENT_NSE_EQUITY_MASTER,0,PASS
NSE_232F7BA109E4,ANGELBRKG,2021-03-31,,2020-10-05,FIRST_OBSERVED_PRICE_PROXY,0,PASS
NSE_23357FE2177E,MANYAVAR,2022-09-30,,2022-02-16,CURRENT_NSE_EQUITY_MASTER,0,PASS
NSE_236B5AF21B4D,FINCABLES,2014-08-28,,1995-02-15,CURRENT_NSE_EQUITY_MASTER,0,PASS
NSE_238128DD84D9,MSUMI,2022-09-30,,2022-03-28,CURRENT_NSE_EQUITY_MASTER,0,PASS
NSE_23C7CF9A3EAE,ICRA,2014-08-28,2018-04-02,2007-04-13,CURRENT_NSE_EQUITY_MASTER,0,PASS
NSE_23C7CF9A3EAE,ICRA,2019-03-29,2021-03-31,2007-04-13,CURRENT_NSE_EQUITY_MASTER,0,PASS
NSE_23D9B582F892,COLPAL,2014-08-28,,2007-12-17,CURRENT_NSE_EQUITY_MASTER,0,PASS
NSE_241E65AA24F6,RAMCOIND,2014-08-28,2015-09-28,1996-11-06,CURRENT_NSE_EQUITY_MASTER,0,PASS
NSE_244EC4566860,MONNETISPA,2014-08-28,2015-09-28,2013-01-01,FIRST_OBSERVED_PRICE_PROXY,0,PASS
NSE_24552B404E28,GVKPIL,2014-08-28,2019-03-29,2006-02-27,CURRENT_NSE_EQUITY_MASTER,0,PASS
NSE_253019276C6A,3MINDIA,2014-08-28,,2004-08-13,CURRENT_NSE_EQUITY_MASTER,0,PASS
NSE_2562C82A6AA3,DBCORP,2014-08-28,2021-03-31,2010-01-06,CURRENT_NSE_EQUITY_MASTER,0,PASS
NSE_256CD40487EB,IL&FSENGG,2014-08-28,2015-03-27,2007-10-25,CURRENT_NSE_EQUITY_MASTER,0,PASS
NSE_256CD40487EB,IL&FSENGG,2015-09-28,2016-04-01,2007-10-25,CURRENT_NSE_EQUITY_MASTER,0,PASS
NSE_25EEBCFD7004,IMFA,2014-08-28,2015-03-27,2010-07-23,CURRENT_NSE_EQUITY_MASTER,0,PASS
NSE_269D4C57C57C,BALMLAWRIE,2014-08-28,2021-09-30,1995-07-06,CURRENT_NSE_EQUITY_MASTER,0,PASS
NSE_27112CDD1653,MRPL,2014-08-28,,2005-01-07,CURRENT_NSE_EQUITY_MASTER,0,PASS
NSE_276B655CD1C9,SKSMICRO,2014-08-28,2018-12-28,2013-01-01,FIRST_OBSERVED_PRICE_PROXY,0,PASS
NSE_27ED7EAB3326,ASTRAL,2014-09-19,,2007-03-20,CURRENT_NSE_EQUITY_MASTER,0,PASS
NSE_28824E5CE2B2,METALFORGE,2015-09-28,2016-04-01,2013-01-01,FIRST_OBSERVED_PRICE_PROXY,0,PASS
NSE_297F6BD649A1,VIJAYABANK,2014-08-28,2019-01-28,2013-01-01,FIRST_OBSERVED_PRICE_PROXY,0,PASS
NSE_2A0ECB1CAF9E,ORIENTELEC,2019-03-29,,2018-05-14,CURRENT_NSE_EQUITY_MASTER,0,PASS
NSE_2AC56D269FBF,ALOKINDS,2020-09-25,2023-03-31,2020-02-19,CURRENT_NSE_EQUITY_MASTER,0,PASS
NSE_2B12B6998928,RELCAPITAL,2014-08-28,2017-09-05,2013-01-01,FIRST_OBSERVED_PRICE_PROXY,0,PASS
NSE_2B12B6998928,RELCAPITAL,2018-02-05,2020-06-26,2013-01-01,FIRST_OBSERVED_PRICE_PROXY,0,PASS
NSE_2BB23E58EEE2,SPARC,2014-08-28,,2007-07-18,CURRENT_NSE_EQUITY_MASTER,0,PASS
NSE_2C5F1FC0CC8C,VIPIND,2014-08-28,,2005-03-02,CURRENT_NSE_EQUITY_MASTER,0,PASS
NSE_2D9667E60569,POLYMED,2020-06-26,,2011-12-07,CURRENT_NSE_EQUITY_MASTER,0,PASS
NSE_2DA8AA828257,JPASSOCIAT,2014-08-28,2019-09-27,2013-01-01,FIRST_OBSERVED_PRICE_PROXY,0,PASS
NSE_2E6044362252,POLYCAB,2019-09-27,,2019-04-16,CURRENT_NSE_EQUITY_MASTER,0,PASS
NSE_2E60454DAC8D,BBTC,2014-08-28,,1996-04-03,CURRENT_NSE_EQUITY_MASTER,0,PASS
NSE_2E631416E138,ERAINFRA,2014-08-28,2014-09-19,2013-01-01,FIRST_OBSERVED_PRICE_PROXY,0,PASS
NSE_2E66C97CA5FA,RALLIS,2014-08-28,,1999-04-01,CURRENT_NSE_EQUITY_MASTER,0,PASS
NSE_2E67BF3F672C,INDIANB,2014-08-28,,2007-03-01,CURRENT_NSE_EQUITY_MASTER,0,PASS
NSE_2E6A9952322C,ORISSAMINE,2014-08-28,2017-09-29,2010-09-29,CURRENT_NSE_EQUITY_MASTER,0,PASS
NSE_2EAE81E9FD97,REPCOHOME,2014-09-19,2020-09-25,2013-04-01,CURRENT_NSE_EQUITY_MASTER,0,PASS
NSE_2EF4FF20DDD4,BIKAJI,2023-03-31,,2022-11-16,CURRENT_NSE_EQUITY_MASTER,0,PASS
NSE_2EF7833DA8D3,HEG,2014-08-28,2016-04-01,2013-01-01,FIRST_OBSERVED_PRICE_PROXY,0,PASS
NSE_2EF7833DA8D3,HEG,2018-04-02,,2013-01-01,FIRST_OBSERVED_PRICE_PROXY,0,PASS
NSE_2F2EB4A88F22,KARURVYSYA,2014-08-28,,2000-07-26,CURRENT_NSE_EQUITY_MASTER,0,PASS
NSE_2F5953912F7F,PFIZER,2014-08-28,,1999-04-28,CURRENT_NSE_EQUITY_MASTER,0,PASS
NSE_2F62FAA6E00D,ECLERX,2014-08-28,,2007-12-31,CURRENT_NSE_EQUITY_MASTER,0,PASS
NSE_305BA34187E0,EVEREADY,2015-09-28,2019-03-29,2005-04-27,CURRENT_NSE_EQUITY_MASTER,0,PASS
NSE_305DE6D13FA6,BOMDYEING,2014-08-28,2021-03-31,1995-04-26,CURRENT_NSE_EQUITY_MASTER,0,PASS
NSE_3066C4DD5B47,PFS,2014-08-28,2019-03-29,2011-03-30,CURRENT_NSE_EQUITY_MASTER,0,PASS
NSE_3087CF0E8810,TDPOWERSYS,2014-08-28,2016-04-01,2013-01-01,FIRST_OBSERVED_PRICE_PROXY,0,PASS
NSE_30B63CA17706,SHREECEM,2014-08-28,,1995-04-26,CURRENT_NSE_EQUITY_MASTER,0,PASS
NSE_30E8FCA5619B,TI,2014-11-28,2015-03-27,2010-07-16,CURRENT_NSE_EQUITY_MASTER,0,PASS
NSE_312A70D05395,MMTC,2014-08-28,,2012-04-09,CURRENT_NSE_EQUITY_MASTER,0,PASS
NSE_314CB242F7B1,HEROMOTOCO,2014-08-28,,2003-04-11,CURRENT_NSE_EQUITY_MASTER,0,PASS
NSE_31B20A2BAC7A,TRENT,2014-08-28,,2004-06-07,CURRENT_NSE_EQUITY_MASTER,0,PASS
NSE_31BF757C2F9E,BATAINDIA,2014-08-28,,2003-06-18,CURRENT_NSE_EQUITY_MASTER,0,PASS
NSE_31E61AFCD7A5,TATAGLOBAL,2014-08-28,,1998-11-18,CURRENT_NSE_EQUITY_MASTER,0,PASS
NSE_321E52290F1B,FSL,2014-08-28,,2007-02-22,CURRENT_NSE_EQUITY_MASTER,0,PASS
NSE_325DD296C68D,BLUESTARCO,2014-08-28,,2000-06-15,CURRENT_NSE_EQUITY_MASTER,0,PASS
NSE_328A23F1543C,ZENSARTECH,2014-08-28,2018-04-02,2003-07-09,CURRENT_NSE_EQUITY_MASTER,0,PASS
NSE_328A23F1543C,ZENSARTECH,2018-09-28,,2003-07-09,CURRENT_NSE_EQUITY_MASTER,0,PASS
NSE_329ABD1F5CCD,JSL,2014-08-28,2015-06-15,2003-11-17,CURRENT_NSE_EQUITY_MASTER,0,PASS
NSE_329ABD1F5CCD,JSL,2017-09-29,,2003-11-17,CURRENT_NSE_EQUITY_MASTER,0,PASS
NSE_3365743DE28C,IBREALEST,2014-08-28,,2007-03-23,CURRENT_NSE_EQUITY_MASTER,0,PASS
NSE_338E517DA7BB,BALAMINES,2021-03-31,,2007-04-05,CURRENT_NSE_EQUITY_MASTER,0,PASS
NSE_34A8B558044E,KFINTECH,2023-03-31,,2022-12-29,CURRENT_NSE_EQUITY_MASTER,0,PASS
NSE_351109872146,BHARATRAS,2020-06-26,2022-03-31,2013-01-02,FIRST_OBSERVED_PRICE_PROXY,0,PASS
NSE_351109872146,BHARATRAS,2022-09-30,2023-03-31,2013-01-02,FIRST_OBSERVED_PRICE_PROXY,0,PASS
NSE_351E280578AE,NIITTECH,2014-08-28,,2013-01-01,FIRST_OBSERVED_PRICE_PROXY,0,PASS
NSE_355BD0212158,SAIL,2014-08-28,,1995-07-06,CURRENT_NSE_EQUITY_MASTER,0,PASS
NSE_3561AE065616,KANSAINER,2014-08-28,,2003-09-15,CURRENT_NSE_EQUITY_MASTER,0,PASS
NSE_3604A340ECD7,KSK,2014-08-28,2016-09-30,2013-01-01,FIRST_OBSERVED_PRICE_PROXY,0,PASS
NSE_364A9E7B44C1,GTOFFSHORE,2014-08-28,2014-09-19,2013-01-01,FIRST_OBSERVED_PRICE_PROXY,0,PASS
NSE_364D63478B99,GATI,2014-08-28,2018-09-28,2013-01-01,FIRST_OBSERVED_PRICE_PROXY,0,PASS
NSE_3677464F31DF,GAMMONIND,2014-08-28,2015-09-28,2013-01-01,FIRST_OBSERVED_PRICE_PROXY,0,PASS
NSE_36900DE5AB5C,DLF,2014-08-28,,2007-07-05,CURRENT_NSE_EQUITY_MASTER,0,PASS
NSE_37C0ED065CD5,EDELWEISS,2014-08-28,,2007-12-12,CURRENT_NSE_EQUITY_MASTER,0,PASS
NSE_38B591471B4F,ISEC,2018-09-28,,2018-04-04,FIRST_OBSERVED_PRICE_PROXY,0,PASS
NSE_38BB2C517032,POLICYBZR,2022-03-31,,2021-11-15,CURRENT_NSE_EQUITY_MASTER,0,PASS
NSE_38CADF4DAE15,VARROC,2018-12-28,,2018-07-06,CURRENT_NSE_EQUITY_MASTER,0,PASS
NSE_38D041A935C4,GREENPANEL,2022-09-30,,2019-10-23,CURRENT_NSE_EQUITY_MASTER,0,PASS
NSE_39600F11BB9A,WABCOINDIA,2014-08-28,,2008-10-01,CURRENT_NSE_EQUITY_MASTER,0,PASS
NSE_396C5E0A148B,JKPAPER,2019-03-29,,2005-06-16,CURRENT_NSE_EQUITY_MASTER,0,PASS
NSE_39E0D7EE6CD1,ROSSARI,2021-03-31,,2020-07-23,CURRENT_NSE_EQUITY_MASTER,0,PASS
NSE_3A0DDDDAEB27,UNITECH,2014-08-28,2018-09-28,1999-09-08,CURRENT_NSE_EQUITY_MASTER,0,PASS
NSE_3A49C1557F52,AIAENG,2014-08-28,,2005-12-14,CURRENT_NSE_EQUITY_MASTER,0,PASS
NSE_3A5699DD10E6,RBLBANK,2017-01-23,,2016-08-31,CURRENT_NSE_EQUITY_MASTER,0,PASS
NSE_3A59D4375DE3,CDSL,2018-04-02,,2017-06-30,CURRENT_NSE_EQUITY_MASTER,0,PASS
NSE_3AF2F9101694,KALYANKJIL,2021-09-30,,2021-03-26,CURRENT_NSE_EQUITY_MASTER,0,PASS
NSE_3AFC08334F23,ORBITCORP,2014-08-28,2014-09-19,2013-01-01,FIRST_OBSERVED_PRICE_PROXY,0,PASS
NSE_3B3D41C8CF5F,ICICIPRULI,2017-03-31,,2016-09-29,CURRENT_NSE_EQUITY_MASTER,0,PASS
NSE_3B598B9F02C0,SUPRAJIT,2016-09-30,2017-03-31,2005-02-18,CURRENT_NSE_EQUITY_MASTER,0,PASS
NSE_3B598B9F02C0,SUPRAJIT,2017-09-29,2018-04-02,2005-02-18,CURRENT_NSE_EQUITY_MASTER,0,PASS
NSE_3B598B9F02C0,SUPRAJIT,2019-03-29,,2005-02-18,CURRENT_NSE_EQUITY_MASTER,0,PASS
NSE_3B67FE1904B0,NITINFIRE,2014-09-19,2017-09-29,2013-01-01,FIRST_OBSERVED_PRICE_PROXY,0,PASS
NSE_3BA10F0A3FEB,DBREALTY,2014-08-28,2018-09-28,2010-02-24,CURRENT_NSE_EQUITY_MASTER,0,PASS
NSE_3BA87308039E,GSPL,2014-08-28,,2013-01-01,FIRST_OBSERVED_PRICE_PROXY,0,PASS
NSE_3BC23EE3CDD9,SUVEN,2015-03-27,2020-01-16,2003-10-23,CURRENT_NSE_EQUITY_MASTER,0,PASS
NSE_3C7096E039C1,MHRIL,2014-08-28,,2009-07-16,CURRENT_NSE_EQUITY_MASTER,0,PASS
NSE_3C830EF00D9B,MONSANTO,2014-08-28,2018-04-02,2013-01-01,FIRST_OBSERVED_PRICE_PROXY,0,PASS
NSE_3C830EF00D9B,MONSANTO,2018-09-28,2019-06-28,2013-01-01,FIRST_OBSERVED_PRICE_PROXY,0,PASS
NSE_3CC9204EE206,GEOMETRIC,2014-08-28,2016-04-01,2013-01-01,FIRST_OBSERVED_PRICE_PROXY,0,PASS
NSE_3CD1CF512D16,AHLUCONT,2016-04-01,2018-04-02,2009-12-14,CURRENT_NSE_EQUITY_MASTER,0,PASS
NSE_3CFB46E142F9,SCHNEIDER,2016-01-18,2018-04-02,2012-03-20,CURRENT_NSE_EQUITY_MASTER,0,PASS
NSE_3CFB46E142F9,SCHNEIDER,2020-06-26,2022-03-31,2012-03-20,CURRENT_NSE_EQUITY_MASTER,0,PASS
NSE_3D6C785A9060,TECHNO,2014-08-28,2018-08-08,2013-01-01,FIRST_OBSERVED_PRICE_PROXY,0,PASS
NSE_3D974B209599,HINDUNILVR,2014-08-28,,1995-07-06,CURRENT_NSE_EQUITY_MASTER,0,PASS
NSE_3E4C170F0F10,RAYMOND,2014-08-28,2021-09-30,1995-10-18,CURRENT_NSE_EQUITY_MASTER,0,PASS
NSE_3E4C170F0F10,RAYMOND,2022-09-30,,1995-10-18,CURRENT_NSE_EQUITY_MASTER,0,PASS
NSE_3E5680388E4E,JINDALPOLY,2016-04-01,2018-09-28,2002-01-21,CURRENT_NSE_EQUITY_MASTER,0,PASS
NSE_3E94CB7D547E,ANANTRAJ,2014-08-28,2017-09-29,2006-09-27,CURRENT_NSE_EQUITY_MASTER,0,PASS
NSE_3F1961BC2E0E,CHENNPETRO,2014-08-28,2021-03-31,2000-06-07,CURRENT_NSE_EQUITY_MASTER,0,PASS
NSE_3F39E4C95613,FLFL,2015-09-28,2017-03-31,2013-10-01,CURRENT_NSE_EQUITY_MASTER,0,PASS
NSE_3F39E4C95613,FLFL,2017-09-29,2020-06-26,2013-10-01,CURRENT_NSE_EQUITY_MASTER,0,PASS
NSE_3F3FCC28A216,WOCKPHARMA,2014-08-28,2023-03-31,2000-02-23,CURRENT_NSE_EQUITY_MASTER,0,PASS
NSE_3F703015A8A4,ICICIGI,2018-04-02,,2017-09-27,CURRENT_NSE_EQUITY_MASTER,0,PASS
NSE_3F905739D72F,IRCON,2019-03-29,2022-09-30,2018-09-28,CURRENT_NSE_EQUITY_MASTER,0,PASS
NSE_3FA872F937F6,MARICO,2014-08-28,,1996-05-01,CURRENT_NSE_EQUITY_MASTER,0,PASS
NSE_3FEBC275AA7F,JBCHEPHARM,2014-08-28,,2013-01-01,FIRST_OBSERVED_PRICE_PROXY,0,PASS
NSE_400E6C0FE473,PRAKASH,2014-08-28,2016-04-01,1995-05-10,CURRENT_NSE_EQUITY_MASTER,0,PASS
NSE_403ED77BEF36,TREEHOUSE,2014-08-28,2016-09-30,2011-08-26,CURRENT_NSE_EQUITY_MASTER,0,PASS
NSE_406ADDA47C2B,GLS,2022-03-31,2022-09-30,2021-08-06,CURRENT_NSE_EQUITY_MASTER,0,PASS
NSE_40AA7F3995D1,INDIGO,2016-09-30,,2015-11-10,CURRENT_NSE_EQUITY_MASTER,0,PASS
NSE_40D69010D57B,JKLAKSHMI,2014-08-28,,2006-06-19,CURRENT_NSE_EQUITY_MASTER,0,PASS
NSE_40F417DAB497,MBLINFRA,2015-02-02,2016-04-01,2010-01-11,CURRENT_NSE_EQUITY_MASTER,0,PASS
NSE_418B7FB30526,TATASPONGE,2014-08-28,2019-03-29,2013-01-01,FIRST_OBSERVED_PRICE_PROXY,0,PASS
NSE_418B7FB30526,TATASTLLP,2021-09-30,2022-09-30,2013-01-01,FIRST_OBSERVED_PRICE_PROXY,0,PASS
NSE_41D6658A86E3,ICIL,2016-04-01,2019-03-29,2005-09-12,CURRENT_NSE_EQUITY_MASTER,0,PASS
NSE_41D6658A86E3,ICIL,2021-03-31,2022-09-30,2005-09-12,CURRENT_NSE_EQUITY_MASTER,0,PASS
NSE_421D2CAC1A97,BSE,2017-09-29,,2017-02-03,CURRENT_NSE_EQUITY_MASTER,0,PASS
NSE_42389EFA283C,RHFL,2018-04-02,2019-09-27,2017-09-22,CURRENT_NSE_EQUITY_MASTER,0,PASS
NSE_42CD50DCCBD6,ADANIENT,2014-08-28,2015-05-29,1997-06-04,CURRENT_NSE_EQUITY_MASTER,0,PASS
NSE_42CD50DCCBD6,ADANIENT,2016-04-01,2018-04-02,1997-06-04,CURRENT_NSE_EQUITY_MASTER,0,PASS
NSE_42CD50DCCBD6,ADANIENT,2020-09-25,,1997-06-04,CURRENT_NSE_EQUITY_MASTER,0,PASS
NSE_42FEBF5D9ADF,CERA,2016-04-01,,2007-11-02,CURRENT_NSE_EQUITY_MASTER,0,PASS
NSE_4343189A6F18,RAILTEL,2021-09-30,2022-09-30,2021-02-26,CURRENT_NSE_EQUITY_MASTER,0,PASS
NSE_435FD71DA02A,TIMETECHNO,2017-09-29,2020-09-25,2007-06-13,CURRENT_NSE_EQUITY_MASTER,0,PASS
NSE_436838D37F74,GUJRATGAS,2014-08-28,2015-02-02,2013-01-01,FIRST_OBSERVED_PRICE_PROXY,0,PASS
NSE_43B066CA6C77,CONCOR,2014-08-28,,1997-05-07,CURRENT_NSE_EQUITY_MASTER,0,PASS
NSE_444C594AB9B7,BRITANNIA,2014-08-28,,1998-11-05,CURRENT_NSE_EQUITY_MASTER,0,PASS
NSE_4495A778EB6C,GALAXYSURF,2018-09-28,,2018-02-08,CURRENT_NSE_EQUITY_MASTER,0,PASS
NSE_454B05422EF3,GPPL,2014-08-28,,2010-09-09,CURRENT_NSE_EQUITY_MASTER,0,PASS
NSE_469926D3FD6A,TIMKEN,2016-04-01,,2007-02-06,CURRENT_NSE_EQUITY_MASTER,0,PASS
NSE_469BDD916F8C,TECHM,2014-08-28,,2006-08-28,CURRENT_NSE_EQUITY_MASTER,0,PASS
NSE_46A3EC428CE2,GUJGASLTD,2016-04-01,,2015-09-15,CURRENT_NSE_EQUITY_MASTER,0,PASS
NSE_46A4593AF05A,AMBER,2019-09-27,,2018-01-30,CURRENT_NSE_EQUITY_MASTER,0,PASS
NSE_46F638E1FDD9,CSBBANK,2020-06-26,,2019-12-04,CURRENT_NSE_EQUITY_MASTER,0,PASS
NSE_46FD1DEB761F,CARBORUNIV,2014-08-28,2016-04-01,1996-04-03,CURRENT_NSE_EQUITY_MASTER,0,PASS
NSE_46FD1DEB761F,CARBORUNIV,2016-09-30,,1996-04-03,CURRENT_NSE_EQUITY_MASTER,0,PASS
NSE_4723627B4BA6,KESORAMIND,2014-08-28,2015-09-28,1995-09-06,CURRENT_NSE_EQUITY_MASTER,0,PASS
NSE_4723627B4BA6,KESORAMIND,2016-04-01,2018-09-28,1995-09-06,CURRENT_NSE_EQUITY_MASTER,0,PASS
NSE_474C5DED9C63,BCG,2022-03-31,,2015-05-08,CURRENT_NSE_EQUITY_MASTER,0,PASS
NSE_48390A9F12CC,MINDAIND,2017-03-31,,2007-02-02,CURRENT_NSE_EQUITY_MASTER,0,PASS
NSE_4885044E479D,NIACL,2018-09-28,,2017-11-13,CURRENT_NSE_EQUITY_MASTER,0,PASS
NSE_49220DD0F0D1,MANGCHEFER,2014-08-28,2015-09-28,2013-01-01,FIRST_OBSERVED_PRICE_PROXY,0,PASS
NSE_49538A6C1520,GMMPFAUDLR,2020-06-26,,2018-03-05,CURRENT_NSE_EQUITY_MASTER,0,PASS
NSE_499FFD70F55B,CANFINHOME,2014-08-28,,1995-05-10,CURRENT_NSE_EQUITY_MASTER,0,PASS
NSE_4ADB73672A72,DEVYANI,2022-03-31,,2021-08-16,CURRENT_NSE_EQUITY_MASTER,0,PASS
NSE_4AE28DB56B68,SHILPI,2017-03-31,2017-11-13,2013-01-01,FIRST_OBSERVED_PRICE_PROXY,0,PASS
NSE_4AFBC5E81D2E,LEMONTREE,2018-09-28,2022-03-31,2018-04-09,CURRENT_NSE_EQUITY_MASTER,0,PASS
NSE_4AFBC5E81D2E,LEMONTREE,2022-12-30,,2018-04-09,CURRENT_NSE_EQUITY_MASTER,0,PASS
NSE_4B14EC12037B,PERSISTENT,2014-08-28,,2013-01-01,FIRST_OBSERVED_PRICE_PROXY,0,PASS
NSE_4B53EB5E333F,SYNGENE,2016-04-01,,2015-08-11,CURRENT_NSE_EQUITY_MASTER,0,PASS
NSE_4BAE2C6D9653,JBFIND,2014-08-28,2018-09-28,2013-01-01,FIRST_OBSERVED_PRICE_PROXY,0,PASS
NSE_4BB20422BB5F,CORPBANK,2014-08-28,2018-04-02,2013-01-01,FIRST_OBSERVED_PRICE_PROXY,0,PASS
NSE_4BB20422BB5F,CORPBANK,2019-01-28,2019-12-27,2013-01-01,FIRST_OBSERVED_PRICE_PROXY,0,PASS
NSE_4BCDA2331B3B,EDUCOMP,2014-08-28,2015-03-27,2013-01-01,FIRST_OBSERVED_PRICE_PROXY,0,PASS
NSE_4C0AC873F083,VRLLOG,2015-09-28,2021-03-31,2015-04-30,CURRENT_NSE_EQUITY_MASTER,0,PASS
NSE_4C12111E25F6,WONDERLA,2016-04-01,2017-09-29,2014-05-09,CURRENT_NSE_EQUITY_MASTER,0,PASS
NSE_4C7DD340FFE0,OPTOCIRCUI,2014-08-28,2016-04-01,2013-01-01,FIRST_OBSERVED_PRICE_PROXY,0,PASS
NSE_4CBB5F1B54B4,ADLABS,2015-09-28,2016-04-01,2015-04-06,CURRENT_NSE_EQUITY_MASTER,0,PASS
NSE_4CD9919938EF,CCL,2016-04-01,,2004-06-07,CURRENT_NSE_EQUITY_MASTER,0,PASS
NSE_4D6B580AA864,APLLTD,2014-09-19,,2011-09-20,CURRENT_NSE_EQUITY_MASTER,0,PASS
NSE_4E27A558622E,8KMILES,2016-04-01,2019-03-29,2014-01-29,CURRENT_NSE_EQUITY_MASTER,0,PASS
NSE_4E64EBA18B02,REDINGTON,2014-08-28,,2007-02-15,CURRENT_NSE_EQUITY_MASTER,0,PASS
NSE_4E77BECACEC5,OBEROIRLTY,2014-08-28,,2010-10-20,CURRENT_NSE_EQUITY_MASTER,0,PASS
NSE_4F03492E4C4E,SSLT,2014-08-28,2020-07-31,1998-05-13,CURRENT_NSE_EQUITY_MASTER,0,PASS
NSE_4F03492E4C4E,VEDL,2021-03-31,,1998-05-13,CURRENT_NSE_EQUITY_MASTER,0,PASS
NSE_4F096D93F0F3,EASEMYTRIP,2022-03-31,,2021-03-19,CURRENT_NSE_EQUITY_MASTER,0,PASS
NSE_4F2FFAFFC4C4,IFCI,2014-08-28,2020-09-25,1995-04-26,CURRENT_NSE_EQUITY_MASTER,0,PASS
NSE_4F668EBBDC55,UNITEDBNK,2017-09-29,2018-04-02,2013-01-01,FIRST_OBSERVED_PRICE_PROXY,0,PASS
NSE_4FB8019524D0,NTPC,2014-08-28,,2004-11-05,CURRENT_NSE_EQUITY_MASTER,0,PASS
NSE_4FD30BCE01EE,TVSMOTOR,2014-08-28,,2000-08-02,CURRENT_NSE_EQUITY_MASTER,0,PASS
NSE_502982CDBAAD,ASAHIINDIA,2014-08-28,2016-04-01,1998-03-18,CURRENT_NSE_EQUITY_MASTER,0,PASS
NSE_502982CDBAAD,ASAHIINDIA,2017-01-23,2017-09-29,1998-03-18,CURRENT_NSE_EQUITY_MASTER,0,PASS
NSE_502982CDBAAD,ASAHIINDIA,2018-04-02,2018-09-28,1998-03-18,CURRENT_NSE_EQUITY_MASTER,0,PASS
NSE_502982CDBAAD,ASAHIINDIA,2019-12-27,2020-09-14,1998-03-18,CURRENT_NSE_EQUITY_MASTER,0,PASS
NSE_502982CDBAAD,ASAHIINDIA,2021-03-31,,1998-03-18,CURRENT_NSE_EQUITY_MASTER,0,PASS
NSE_50647847C4A3,LGBBROSLTD,2015-03-27,2016-04-01,2010-03-30,CURRENT_NSE_EQUITY_MASTER,0,PASS
NSE_509E811DE5D8,BAJFINANCE,2014-08-28,,2013-01-01,FIRST_OBSERVED_PRICE_PROXY,0,PASS
NSE_50BAFA3326BE,ENDURANCE,2017-03-31,,2016-10-19,CURRENT_NSE_EQUITY_MASTER,0,PASS
NSE_50C6EFC6FCC4,TCIEXP,2019-09-27,,2016-12-15,CURRENT_NSE_EQUITY_MASTER,0,PASS
NSE_50ECD2EB14F1,HFCL,2014-08-28,,2011-03-09,CURRENT_NSE_EQUITY_MASTER,0,PASS
NSE_5115B10A6732,ALBK,2014-08-28,2019-12-27,2013-01-01,FIRST_OBSERVED_PRICE_PROXY,0,PASS
NSE_5148BFCB96FF,POLYPLEX,2020-09-25,,2003-04-11,CURRENT_NSE_EQUITY_MASTER,0,PASS
NSE_51509B72C100,HUBTOWN,2014-08-28,2015-03-27,2007-02-07,CURRENT_NSE_EQUITY_MASTER,0,PASS
NSE_5150A3790D49,OLECTRA,2022-09-30,,2002-03-20,CURRENT_NSE_EQUITY_MASTER,0,PASS
NSE_5150BE098E03,MAGMA,2014-08-28,2020-06-26,2004-04-27,CURRENT_NSE_EQUITY_MASTER,0,PASS
NSE_5150BE098E03,POONAWALLA,2021-09-30,,2004-04-27,CURRENT_NSE_EQUITY_MASTER,0,PASS
NSE_519BAA4E7230,COCHINSHIP,2018-02-05,,2017-08-11,FIRST_OBSERVED_PRICE_PROXY,0,PASS
NSE_51A975E4F5EC,CAMLINFINE,2015-09-28,2016-04-01,2015-01-20,CURRENT_NSE_EQUITY_MASTER,0,PASS
NSE_52038FB4C8D8,FACT,2021-09-30,,1995-04-12,CURRENT_NSE_EQUITY_MASTER,0,PASS
NSE_52C720CDD175,GSFC,2014-08-28,,1995-09-06,CURRENT_NSE_EQUITY_MASTER,0,PASS
NSE_52D80E55D653,MRF,2014-08-28,,1996-09-18,CURRENT_NSE_EQUITY_MASTER,0,PASS
NSE_53A37C11E6D9,TATAPOWER,2014-08-28,,1996-04-03,CURRENT_NSE_EQUITY_MASTER,0,PASS
NSE_5405849154DD,GRINDWELL,2016-04-01,2017-09-29,2006-09-11,CURRENT_NSE_EQUITY_MASTER,0,PASS
NSE_5405849154DD,GRINDWELL,2018-09-28,,2006-09-11,CURRENT_NSE_EQUITY_MASTER,0,PASS
NSE_54AEFF95FAC0,ASHOKLEY,2014-08-28,,1995-05-25,CURRENT_NSE_EQUITY_MASTER,0,PASS
NSE_5584AA4A2119,CAPF,2014-08-28,2018-12-28,2013-01-01,FIRST_OBSERVED_PRICE_PROXY,0,PASS
NSE_55FFE606B7E2,RATNAMANI,2014-09-19,2016-09-30,2006-05-09,CURRENT_NSE_EQUITY_MASTER,0,PASS
NSE_55FFE606B7E2,RATNAMANI,2017-03-31,2017-09-29,2006-05-09,CURRENT_NSE_EQUITY_MASTER,0,PASS
NSE_55FFE606B7E2,RATNAMANI,2019-09-27,,2006-05-09,CURRENT_NSE_EQUITY_MASTER,0,PASS
NSE_5602EE99E050,CENTENKA,2014-08-28,2016-04-01,1995-05-10,CURRENT_NSE_EQUITY_MASTER,0,PASS
NSE_568BEFC20200,BFUTILITIE,2014-08-28,2018-09-28,2007-05-03,CURRENT_NSE_EQUITY_MASTER,0,PASS
NSE_5700B54677A9,GICRE,2018-04-02,,2017-10-25,CURRENT_NSE_EQUITY_MASTER,0,PASS
NSE_57304F91501D,MAHLIFE,2014-08-28,2017-03-31,2000-05-10,CURRENT_NSE_EQUITY_MASTER,0,PASS
NSE_57304F91501D,MAHLIFE,2022-09-30,,2000-05-10,CURRENT_NSE_EQUITY_MASTER,0,PASS
NSE_5746654C1D62,EROSMEDIA,2014-08-28,2019-03-29,2013-01-01,FIRST_OBSERVED_PRICE_PROXY,0,PASS
NSE_57BC5308EED3,GREAVESCOT,2014-08-28,2022-03-31,2004-09-09,CURRENT_NSE_EQUITY_MASTER,0,PASS
NSE_57BCD151AF77,M&MFIN,2014-08-28,,2006-03-17,CURRENT_NSE_EQUITY_MASTER,0,PASS
NSE_5813C47C6758,HEXAWARE,2014-08-28,2020-09-25,2013-01-01,FIRST_OBSERVED_PRICE_PROXY,0,PASS
NSE_594968069C9C,DIXON,2018-04-02,,2017-09-18,CURRENT_NSE_EQUITY_MASTER,0,PASS
NSE_5A7F81BD0EAE,ATUL,2014-08-28,,1998-05-06,CURRENT_NSE_EQUITY_MASTER,0,PASS
NSE_5BF7C734A16F,WSTCSTPAPR,2014-08-28,2014-09-19,2001-01-17,CURRENT_NSE_EQUITY_MASTER,0,PASS
NSE_5C11B50967B3,LAOPALA,2015-02-02,2017-03-31,2007-03-16,CURRENT_NSE_EQUITY_MASTER,0,PASS
NSE_5C11B50967B3,LAOPALA,2020-06-26,2022-03-31,2007-03-16,CURRENT_NSE_EQUITY_MASTER,0,PASS
NSE_5C9D4FE8FB14,BAJAJHIND,2014-08-28,2018-09-28,1995-05-10,CURRENT_NSE_EQUITY_MASTER,0,PASS
NSE_5CBAF7C90A41,GLENMARK,2014-08-28,,2000-02-07,CURRENT_NSE_EQUITY_MASTER,0,PASS
NSE_5D0160460CD9,GHCL,2014-08-28,2016-04-01,2003-07-31,CURRENT_NSE_EQUITY_MASTER,0,PASS
NSE_5D0160460CD9,GHCL,2017-03-31,2021-04-29,2003-07-31,CURRENT_NSE_EQUITY_MASTER,0,PASS
NSE_5D9BA58A585C,GODFRYPHLP,2014-08-28,,1996-07-24,CURRENT_NSE_EQUITY_MASTER,0,PASS
NSE_5E0EA36A1031,VTL,2014-08-28,,2003-01-14,CURRENT_NSE_EQUITY_MASTER,0,PASS
NSE_5E3364EF921A,NESTLEIND,2019-09-27,,2013-01-01,FIRST_OBSERVED_PRICE_PROXY,0,PASS
NSE_5E4B839E941A,JAGRAN,2014-08-28,2021-03-31,2006-02-22,CURRENT_NSE_EQUITY_MASTER,0,PASS
NSE_5E4BFA7651A2,GAMMNINFRA,2014-08-28,2016-04-01,2013-01-01,FIRST_OBSERVED_PRICE_PROXY,0,PASS
NSE_5FC304B0807C,HONAUT,2014-08-28,2017-09-29,2003-07-18,CURRENT_NSE_EQUITY_MASTER,0,PASS
NSE_5FC304B0807C,HONAUT,2018-04-02,,2003-07-18,CURRENT_NSE_EQUITY_MASTER,0,PASS
NSE_6139CAE11930,IOC,2014-08-28,,1996-07-24,CURRENT_NSE_EQUITY_MASTER,0,PASS
NSE_617F173B98ED,ADVENZYMES,2017-01-23,2022-09-30,2016-08-01,CURRENT_NSE_EQUITY_MASTER,0,PASS
NSE_62370E1BA80E,ORIENTREF,2019-09-27,,2012-03-12,CURRENT_NSE_EQUITY_MASTER,0,PASS
NSE_6246AD197B0E,SHANKARA,2018-04-02,2019-09-27,2017-04-05,CURRENT_NSE_EQUITY_MASTER,0,PASS
NSE_62907813BC36,TIDEWATER,2016-04-01,2017-09-29,2007-01-16,CURRENT_NSE_EQUITY_MASTER,0,PASS
NSE_6309D9A8CFF2,JINDALSTEL,2014-08-28,,1999-12-29,CURRENT_NSE_EQUITY_MASTER,0,PASS
NSE_633BD53DAEC1,SBT,2014-08-28,2016-04-01,2013-01-01,FIRST_OBSERVED_PRICE_PROXY,0,PASS
NSE_633BD53DAEC1,SBT,2016-09-30,2017-03-16,2013-01-01,FIRST_OBSERVED_PRICE_PROXY,0,PASS
NSE_639260FA287A,EXIDEIND,2014-08-28,,2003-06-17,CURRENT_NSE_EQUITY_MASTER,0,PASS
NSE_63A4328EDA2F,IOB,2014-08-28,,2000-12-07,CURRENT_NSE_EQUITY_MASTER,0,PASS
NSE_63AB3F8FE7C5,MERCATOR,2014-08-28,2016-04-01,2013-01-01,FIRST_OBSERVED_PRICE_PROXY,0,PASS
NSE_63BFA94D0485,ICICIBANK,2014-08-28,,1997-09-17,CURRENT_NSE_EQUITY_MASTER,0,PASS
NSE_63D6527C95C7,ANSALAPI,2014-08-28,2015-09-28,2006-01-27,CURRENT_NSE_EQUITY_MASTER,0,PASS
NSE_63EB9280D90F,TEXRAIL,2016-04-01,2019-03-29,2011-03-03,CURRENT_NSE_EQUITY_MASTER,0,PASS
NSE_63EF66037F73,DABUR,2014-08-28,,1999-04-28,CURRENT_NSE_EQUITY_MASTER,0,PASS
NSE_6486648C9FB1,ESSDEE,2014-08-28,2016-09-30,2013-01-01,FIRST_OBSERVED_PRICE_PROXY,0,PASS
NSE_64BF9F3DBA41,KPIT,2014-08-28,2018-09-28,1999-11-24,CURRENT_NSE_EQUITY_MASTER,0,PASS
NSE_64BF9F3DBA41,BSOFT,2019-09-27,,1999-11-24,CURRENT_NSE_EQUITY_MASTER,0,PASS
NSE_64F9D3F9FC06,BEL,2014-08-28,,2000-07-19,CURRENT_NSE_EQUITY_MASTER,0,PASS
NSE_64FA5F3DB129,SBILIFE,2018-04-02,,2017-10-03,CURRENT_NSE_EQUITY_MASTER,0,PASS
NSE_652D0FF5C575,INDIAGLYCO,2014-08-28,2014-09-19,2013-01-01,FIRST_OBSERVED_PRICE_PROXY,0,PASS
NSE_655E7477BB5E,BPCL,2014-08-28,,1995-09-13,CURRENT_NSE_EQUITY_MASTER,0,PASS
NSE_659E411DCE22,NH,2016-09-30,,2016-01-06,CURRENT_NSE_EQUITY_MASTER,0,PASS
NSE_65DD43BDBE2D,AMTEKINDIA,2014-08-28,2016-09-30,2013-01-01,FIRST_OBSERVED_PRICE_PROXY,0,PASS
NSE_65E465B618B4,HINDCOPPER,2014-08-28,,2010-09-15,CURRENT_NSE_EQUITY_MASTER,0,PASS
NSE_65EC163FC41A,JPPOWER,2014-08-28,2017-03-31,2005-04-18,CURRENT_NSE_EQUITY_MASTER,0,PASS
NSE_65EC163FC41A,JPPOWER,2017-09-29,2019-03-29,2005-04-18,CURRENT_NSE_EQUITY_MASTER,0,PASS
NSE_662663CCD5A1,WHIRLPOOL,2014-08-28,,2010-04-06,CURRENT_NSE_EQUITY_MASTER,0,PASS
NSE_66717A9BCB34,NETWORK18,2014-08-28,2020-06-26,2007-02-02,CURRENT_NSE_EQUITY_MASTER,0,PASS
NSE_66717A9BCB34,NETWORK18,2020-11-02,,2007-02-02,CURRENT_NSE_EQUITY_MASTER,0,PASS
NSE_6693136E8F8D,NMDC,2014-08-28,2022-08-08,2008-03-03,CURRENT_NSE_EQUITY_MASTER,0,PASS
NSE_6693136E8F8D,NMDC,2023-03-31,,2008-03-03,CURRENT_NSE_EQUITY_MASTER,0,PASS
NSE_669FD3BA064F,BHARATFORG,2014-08-28,,2003-04-04,CURRENT_NSE_EQUITY_MASTER,0,PASS
NSE_66EF9E74F5E3,SHILPAMED,2016-04-01,2018-04-02,2009-12-03,CURRENT_NSE_EQUITY_MASTER,0,PASS
NSE_66EF9E74F5E3,SHILPAMED,2018-09-28,2020-06-26,2009-12-03,CURRENT_NSE_EQUITY_MASTER,0,PASS
NSE_66EF9E74F5E3,SHILPAMED,2020-09-25,2023-03-31,2009-12-03,CURRENT_NSE_EQUITY_MASTER,0,PASS
NSE_675CFCEE5D02,GABRIEL,2014-08-28,2016-04-01,2005-04-20,CURRENT_NSE_EQUITY_MASTER,0,PASS
NSE_680430C14CBF,GDL,2014-08-28,2019-09-27,2013-01-01,FIRST_OBSERVED_PRICE_PROXY,0,PASS
NSE_68320B29C9C6,EQUITASBNK,2021-09-30,,2020-11-02,CURRENT_NSE_EQUITY_MASTER,0,PASS
NSE_6835A4E7227D,GUJFLUORO,2014-08-28,2019-06-28,1995-05-25,CURRENT_NSE_EQUITY_MASTER,0,PASS
NSE_68382625CD29,PFC,2014-08-28,,2007-02-23,CURRENT_NSE_EQUITY_MASTER,0,PASS
NSE_684233BD76FF,ANDHRABANK,2014-08-28,2019-12-27,2013-01-01,FIRST_OBSERVED_PRICE_PROXY,0,PASS
NSE_6868DC7450A6,PSPPROJECT,2020-09-25,2021-03-31,2017-05-29,CURRENT_NSE_EQUITY_MASTER,0,PASS
NSE_68E3F7F5879F,IPAPPM,2016-04-01,2017-03-31,2013-01-01,FIRST_OBSERVED_PRICE_PROXY,0,PASS
NSE_68FE82B93EA1,PGHH,2014-08-28,,2004-07-07,CURRENT_NSE_EQUITY_MASTER,0,PASS
NSE_693A363A5FF4,DISHMAN,2014-08-28,2017-01-23,2013-01-01,FIRST_OBSERVED_PRICE_PROXY,0,PASS
NSE_694F8FC81FFD,ORIENTBANK,2014-08-28,2019-12-27,2013-01-01,FIRST_OBSERVED_PRICE_PROXY,0,PASS
NSE_69654D8C1E99,CLEAN,2022-03-31,,2021-07-19,CURRENT_NSE_EQUITY_MASTER,0,PASS
NSE_697267629832,IFBIND,2015-03-27,2015-09-28,1995-03-29,CURRENT_NSE_EQUITY_MASTER,0,PASS
NSE_697267629832,IFBIND,2016-04-01,2016-09-30,1995-03-29,CURRENT_NSE_EQUITY_MASTER,0,PASS
NSE_697267629832,IFBIND,2017-09-29,,1995-03-29,CURRENT_NSE_EQUITY_MASTER,0,PASS
NSE_69D8A25A8131,ALKEM,2016-09-30,,2015-12-23,CURRENT_NSE_EQUITY_MASTER,0,PASS
NSE_69E0B868E91B,MFL,2023-03-31,,2021-08-18,CURRENT_NSE_EQUITY_MASTER,0,PASS
NSE_6A28838A7863,JINDWORLD,2023-03-31,,2010-11-25,CURRENT_NSE_EQUITY_MASTER,0,PASS
NSE_6A68B38036FB,INFY,2014-08-28,,1995-02-08,CURRENT_NSE_EQUITY_MASTER,0,PASS
NSE_6ADCE5AAF1F7,MIDHANI,2019-12-26,2022-03-31,2018-04-04,CURRENT_NSE_EQUITY_MASTER,0,PASS
NSE_6B14B0471978,AARTIDRUGS,2016-04-01,2016-09-30,2003-09-19,CURRENT_NSE_EQUITY_MASTER,0,PASS
NSE_6B14B0471978,AARTIDRUGS,2020-09-25,,2003-09-19,CURRENT_NSE_EQUITY_MASTER,0,PASS
NSE_6BCEC6E04CC0,KPITTECH,2019-09-27,2020-09-25,2019-04-22,CURRENT_NSE_EQUITY_MASTER,0,PASS
NSE_6BCEC6E04CC0,KPITTECH,2021-03-31,,2019-04-22,CURRENT_NSE_EQUITY_MASTER,0,PASS
NSE_6C4CBD6F12EE,RELAXO,2016-04-01,2017-09-29,2011-06-17,CURRENT_NSE_EQUITY_MASTER,0,PASS
NSE_6C4CBD6F12EE,RELAXO,2017-11-13,,2011-06-17,CURRENT_NSE_EQUITY_MASTER,0,PASS
NSE_6E05591D6516,THERMAX,2014-08-28,,1995-08-30,CURRENT_NSE_EQUITY_MASTER,0,PASS
NSE_6E0CB7353991,LALPATHLAB,2016-09-30,,2015-12-23,CURRENT_NSE_EQUITY_MASTER,0,PASS
NSE_6E385AB3FF62,SIEMENS,2014-08-28,,1995-09-06,CURRENT_NSE_EQUITY_MASTER,0,PASS
NSE_6E5D69F7F69D,NYKAA,2022-03-31,,2021-11-10,CURRENT_NSE_EQUITY_MASTER,0,PASS
NSE_6E6D5B2EA704,NAUKRI,2014-08-28,,2013-01-01,FIRST_OBSERVED_PRICE_PROXY,0,PASS
NSE_6E8A4A1EA4BA,ALLCARGO,2014-08-28,2020-11-02,2006-06-23,CURRENT_NSE_EQUITY_MASTER,0,PASS
NSE_6E8A4A1EA4BA,ALLCARGO,2022-03-31,2022-12-30,2006-06-23,CURRENT_NSE_EQUITY_MASTER,0,PASS
NSE_6ED25D40CAF7,CAMS,2021-03-31,,2020-10-05,FIRST_OBSERVED_PRICE_PROXY,0,PASS
NSE_6F0680684ED9,PATANJALI,2022-09-30,,2020-01-24,CURRENT_NSE_EQUITY_MASTER,0,PASS
NSE_6F61D6CF659B,UJJIVAN,2017-01-23,2022-03-31,2016-05-10,FIRST_OBSERVED_PRICE_PROXY,0,PASS
NSE_6F9A1FD4047C,SANOFI,2014-08-28,,2003-05-19,CURRENT_NSE_EQUITY_MASTER,0,PASS
NSE_6FAC06CB1C73,FAGBEARING,2014-08-28,,2000-11-29,CURRENT_NSE_EQUITY_MASTER,0,PASS
NSE_6FD1FA25B4D5,JSWHL,2014-08-28,2017-03-31,2005-06-21,CURRENT_NSE_EQUITY_MASTER,0,PASS
NSE_70031FDFB6EF,FLEXITUFF,2014-08-28,2016-04-01,2011-10-19,CURRENT_NSE_EQUITY_MASTER,0,PASS
NSE_700DCF5139DE,TITAN,2014-08-28,,2004-09-24,CURRENT_NSE_EQUITY_MASTER,0,PASS
NSE_702CAC2EC1DE,UJJIVANSFB,2020-06-26,2022-03-31,2019-12-12,CURRENT_NSE_EQUITY_MASTER,0,PASS
NSE_702EB7CF8434,OFSS,2014-08-28,,2002-06-28,CURRENT_NSE_EQUITY_MASTER,0,PASS
NSE_70B7FE697D9F,BRIGADE,2014-08-28,2017-03-31,2007-12-31,CURRENT_NSE_EQUITY_MASTER,0,PASS
NSE_70B7FE697D9F,BRIGADE,2017-09-29,,2007-12-31,CURRENT_NSE_EQUITY_MASTER,0,PASS
NSE_70BDB629EB71,RICOAUTO,2015-09-28,2016-04-01,2003-05-12,CURRENT_NSE_EQUITY_MASTER,0,PASS
NSE_70CEEC6EEF1C,MYSOREBANK,2016-09-30,2017-03-16,2013-01-01,FIRST_OBSERVED_PRICE_PROXY,0,PASS
NSE_7110B3E95EA1,RASOYPR,2014-08-28,2015-09-28,2013-01-01,FIRST_OBSERVED_PRICE_PROXY,0,PASS
NSE_7127DE38999E,SJVN,2016-04-01,,2010-05-20,CURRENT_NSE_EQUITY_MASTER,0,PASS
NSE_7155254152AB,APOLLOHOSP,2014-08-28,,1996-01-10,CURRENT_NSE_EQUITY_MASTER,0,PASS
NSE_7175E22198C4,DRREDDY,2014-08-28,,2013-01-01,FIRST_OBSERVED_PRICE_PROXY,0,PASS
NSE_71C08F9DEEE2,POWERINDIA,2020-09-25,,2020-03-30,CURRENT_NSE_EQUITY_MASTER,0,PASS
NSE_71E0266D5F31,MASTEK,2014-08-28,2015-03-27,1995-05-10,CURRENT_NSE_EQUITY_MASTER,0,PASS
NSE_71E0266D5F31,MASTEK,2021-09-30,,1995-05-10,CURRENT_NSE_EQUITY_MASTER,0,PASS
NSE_72140149E6B1,PAGEIND,2014-08-28,,2007-03-16,CURRENT_NSE_EQUITY_MASTER,0,PASS
NSE_72441487C6F0,SBIN,2014-08-28,,1995-03-01,CURRENT_NSE_EQUITY_MASTER,0,PASS
NSE_7271BD099C26,ASHOKA,2014-09-19,2022-03-31,2010-10-14,CURRENT_NSE_EQUITY_MASTER,0,PASS
NSE_72A66325D884,HAVELLS,2014-08-28,,2001-03-21,CURRENT_NSE_EQUITY_MASTER,0,PASS
NSE_72AFBEE07E5D,STAR,2014-08-28,2018-02-05,2000-02-02,CURRENT_NSE_EQUITY_MASTER,0,PASS
NSE_72AFBEE07E5D,STAR,2018-09-28,2022-09-30,2000-02-02,CURRENT_NSE_EQUITY_MASTER,0,PASS
NSE_72BEDE1400BF,AKZOINDIA,2014-08-28,2021-09-30,2001-06-28,CURRENT_NSE_EQUITY_MASTER,0,PASS
NSE_72C836734F97,SUNCLAYLTD,2019-04-15,2020-06-26,2012-10-23,CURRENT_NSE_EQUITY_MASTER,0,PASS
NSE_72C836734F97,SUNCLAYLTD,2021-03-31,2021-09-30,2012-10-23,CURRENT_NSE_EQUITY_MASTER,0,PASS
NSE_72F0963BC75F,CIPLA,2014-08-28,,1995-02-08,CURRENT_NSE_EQUITY_MASTER,0,PASS
NSE_7336A438D402,ELECTCAST,2014-08-28,2016-09-30,2003-06-20,CURRENT_NSE_EQUITY_MASTER,0,PASS
NSE_73D805F2042F,HDFC,2014-08-28,,2013-01-01,FIRST_OBSERVED_PRICE_PROXY,0,PASS
NSE_740B7EE9CB08,SOLARINDS,2016-04-01,,2006-04-03,CURRENT_NSE_EQUITY_MASTER,0,PASS
NSE_7451BDA5B83F,AEGISCHEM,2016-04-01,,1996-04-03,CURRENT_NSE_EQUITY_MASTER,0,PASS
NSE_74560139A228,MAXHEALTH,2021-03-31,,2020-08-21,CURRENT_NSE_EQUITY_MASTER,0,PASS
NSE_74623765623B,SYNDIBANK,2014-08-28,2019-12-27,2013-01-01,FIRST_OBSERVED_PRICE_PROXY,0,PASS
NSE_74672BDAB0C4,TINPLATE,2014-08-28,2014-09-19,2013-01-01,FIRST_OBSERVED_PRICE_PROXY,0,PASS
NSE_7468CCFC85B1,ENGINERSIN,2014-08-28,,1997-08-20,CURRENT_NSE_EQUITY_MASTER,0,PASS
NSE_75554DD3FC15,GRSE,2020-06-26,2021-09-30,2018-10-10,CURRENT_NSE_EQUITY_MASTER,0,PASS
NSE_75590993F4D0,OMAXE,2014-08-28,2021-03-31,2007-08-09,CURRENT_NSE_EQUITY_MASTER,0,PASS
NSE_755A5F4A31A8,PIDILITIND,2014-08-28,,1995-03-29,CURRENT_NSE_EQUITY_MASTER,0,PASS
NSE_759F0BD4CDE1,SADBHIN,2016-04-01,2016-09-30,2015-09-16,CURRENT_NSE_EQUITY_MASTER,0,PASS
NSE_759F0BD4CDE1,SADBHIN,2018-04-02,2019-03-29,2015-09-16,CURRENT_NSE_EQUITY_MASTER,0,PASS
NSE_75A1EC6089B7,NILKAMAL,2016-09-30,2022-03-31,1995-11-01,CURRENT_NSE_EQUITY_MASTER,0,PASS
NSE_75C877F93A95,LXCHEM,2021-09-30,,2021-03-25,CURRENT_NSE_EQUITY_MASTER,0,PASS
NSE_761D2E63ACC0,KOTAKBANK,2014-08-28,,2013-01-01,FIRST_OBSERVED_PRICE_PROXY,0,PASS
NSE_7663F81C7334,HDFCLIFE,2018-09-28,,2017-11-17,CURRENT_NSE_EQUITY_MASTER,0,PASS
NSE_76C1B622359D,DCW,2014-08-28,2015-03-27,1995-05-25,CURRENT_NSE_EQUITY_MASTER,0,PASS
NSE_77034359872C,MAHABANK,2019-03-29,,2004-04-12,CURRENT_NSE_EQUITY_MASTER,0,PASS
NSE_770696720F08,CENTRALBK,2014-08-28,,2007-08-21,CURRENT_NSE_EQUITY_MASTER,0,PASS
NSE_77B10DEB942C,MAPMYINDIA,2022-03-31,,2021-12-21,CURRENT_NSE_EQUITY_MASTER,0,PASS
NSE_77D1AF649A35,MCX,2019-09-27,,2013-01-01,FIRST_OBSERVED_PRICE_PROXY,0,PASS
NSE_77D3BA4F489C,DHFL,2014-08-28,2020-06-26,2013-01-01,FIRST_OBSERVED_PRICE_PROXY,0,PASS
NSE_7837C48D3CC6,CHAMBLFERT,2014-08-28,,1995-06-14,CURRENT_NSE_EQUITY_MASTER,0,PASS
NSE_784515CC1BE6,JISLJALEQS,2014-08-28,2020-06-26,2001-08-13,CURRENT_NSE_EQUITY_MASTER,0,PASS
NSE_78493707FA85,ENIL,2014-08-28,2016-04-01,2006-02-15,CURRENT_NSE_EQUITY_MASTER,0,PASS
NSE_78930426173B,RCF,2014-08-28,,1998-01-07,CURRENT_NSE_EQUITY_MASTER,0,PASS
NSE_78D31F8AF004,BOSCHLTD,2014-08-28,,2003-05-12,CURRENT_NSE_EQUITY_MASTER,0,PASS
NSE_78E18EB5DA28,MGL,2017-03-16,,2016-07-01,CURRENT_NSE_EQUITY_MASTER,0,PASS
NSE_790EA781FCF2,AJANTPHARM,2014-09-19,,2000-05-29,CURRENT_NSE_EQUITY_MASTER,0,PASS
NSE_795647D3BCB5,PUNJLLOYD,2014-08-28,2017-09-29,2013-01-01,FIRST_OBSERVED_PRICE_PROXY,0,PASS
NSE_79E6C5F02193,MANINFRA,2014-08-28,2014-09-19,2010-03-11,CURRENT_NSE_EQUITY_MASTER,0,PASS
NSE_7A24E610012A,SWARAJENG,2014-08-28,2016-04-01,1995-12-06,CURRENT_NSE_EQUITY_MASTER,0,PASS
NSE_7A24E610012A,SWARAJENG,2020-09-25,2021-03-31,1995-12-06,CURRENT_NSE_EQUITY_MASTER,0,PASS
NSE_7A5F58E72CA0,AMBUJACEM,2014-08-28,,1998-02-18,CURRENT_NSE_EQUITY_MASTER,0,PASS
NSE_7AD0C8434979,NFL,2017-09-29,2022-03-31,2006-12-28,CURRENT_NSE_EQUITY_MASTER,0,PASS
NSE_7ADB1BE970F4,KSBPUMPS,2014-08-28,2016-04-01,2013-01-01,FIRST_OBSERVED_PRICE_PROXY,0,PASS
NSE_7ADB1BE970F4,KSBPUMPS,2016-09-30,2017-03-31,2013-01-01,FIRST_OBSERVED_PRICE_PROXY,0,PASS
NSE_7ADB1BE970F4,KSB,2020-06-26,2022-03-31,2013-01-01,FIRST_OBSERVED_PRICE_PROXY,0,PASS
NSE_7ADB1BE970F4,KSB,2023-03-31,,2013-01-01,FIRST_OBSERVED_PRICE_PROXY,0,PASS
NSE_7BD208D47A49,MCDOWELL-N,2014-08-28,2014-09-19,2001-09-27,CURRENT_NSE_EQUITY_MASTER,0,PASS
NSE_7BD208D47A49,MCDOWELL-N,2015-03-27,,2001-09-27,CURRENT_NSE_EQUITY_MASTER,0,PASS
NSE_7C0DF1AA648B,VALIANTORG,2021-03-31,2022-03-31,2020-10-05,FIRST_OBSERVED_PRICE_PROXY,0,PASS
NSE_7C3715E512A4,VMART,2018-09-28,,2013-02-20,CURRENT_NSE_EQUITY_MASTER,0,PASS
NSE_7C4FEA1D8913,ACI,2023-03-31,,2022-11-21,CURRENT_NSE_EQUITY_MASTER,0,PASS
NSE_7C88EBE4B68A,SONACOMS,2021-10-29,,2021-06-24,CURRENT_NSE_EQUITY_MASTER,0,PASS
NSE_7CDA5DAD8C0C,LOVABLE,2014-08-28,2015-03-27,2011-03-24,CURRENT_NSE_EQUITY_MASTER,0,PASS
NSE_7D44EE89941C,BLISSGVS,2016-04-01,2021-09-30,2010-07-26,CURRENT_NSE_EQUITY_MASTER,0,PASS
NSE_7E6BEA8882F4,MUNJALSHOW,2015-03-27,2016-04-01,2003-05-12,CURRENT_NSE_EQUITY_MASTER,0,PASS
NSE_7E9F9084BD7D,JUBILANT,2014-08-28,2020-09-25,2003-06-16,CURRENT_NSE_EQUITY_MASTER,0,PASS
NSE_7E9F9084BD7D,JUBLPHARMA,2021-09-30,,2003-06-16,CURRENT_NSE_EQUITY_MASTER,0,PASS
NSE_7ED501BBAD4A,UBL,2014-08-28,,2008-07-28,CURRENT_NSE_EQUITY_MASTER,0,PASS
NSE_7EEBEDF17992,ALSTOMT&D,2014-08-28,2020-09-25,2008-06-30,CURRENT_NSE_EQUITY_MASTER,0,PASS
NSE_7F1FE9599769,SINTEX,2014-08-28,2017-03-31,2013-01-01,FIRST_OBSERVED_PRICE_PROXY,0,PASS
NSE_7F648FED7CF8,VAKRANGEE,2014-08-28,2022-09-30,2006-04-03,CURRENT_NSE_EQUITY_MASTER,0,PASS
NSE_7F8B1EBDE62B,PATELENG,2014-08-28,2016-04-01,2005-02-24,CURRENT_NSE_EQUITY_MASTER,0,PASS
NSE_7F8DECDBEDC8,ITDCEM,2015-03-24,2016-04-01,1999-02-10,CURRENT_NSE_EQUITY_MASTER,0,PASS
NSE_7F8DECDBEDC8,ITDCEM,2016-09-30,2020-06-26,1999-02-10,CURRENT_NSE_EQUITY_MASTER,0,PASS
NSE_8049A5479EB1,HINDZINC,2014-08-28,,2006-11-21,CURRENT_NSE_EQUITY_MASTER,0,PASS
NSE_806A916D3197,ARVINDFASN,2019-09-27,2020-09-25,2019-03-08,CURRENT_NSE_EQUITY_MASTER,0,PASS
NSE_806E57D11FFC,TATACHEM,2014-08-28,2019-12-27,1999-04-01,CURRENT_NSE_EQUITY_MASTER,0,PASS
NSE_806E57D11FFC,TATACHEM,2020-09-25,,1999-04-01,CURRENT_NSE_EQUITY_MASTER,0,PASS
NSE_80AB9D46A211,IDEA,2014-08-28,,2007-03-09,CURRENT_NSE_EQUITY_MASTER,0,PASS
NSE_80C803A57277,EIHOTEL,2014-08-28,,1995-02-08,CURRENT_NSE_EQUITY_MASTER,0,PASS
NSE_80CC5FD61589,DENABANK,2014-08-28,2019-01-28,2013-01-01,FIRST_OBSERVED_PRICE_PROXY,0,PASS
NSE_80E6BAAF27E1,HEMIPROP,2021-03-31,2022-09-30,2020-10-22,CURRENT_NSE_EQUITY_MASTER,0,PASS
NSE_812A4A064978,CROMPGREAV,2014-08-28,2015-09-28,1995-03-01,CURRENT_NSE_EQUITY_MASTER,0,PASS
NSE_812A4A064978,CROMPGREAV,2016-09-30,2019-12-26,1995-03-01,CURRENT_NSE_EQUITY_MASTER,0,PASS
NSE_812A4A064978,CGPOWER,2021-09-30,,1995-03-01,CURRENT_NSE_EQUITY_MASTER,0,PASS
NSE_814CFF18D3B4,LAXMIMACH,2014-08-28,,1995-03-29,CURRENT_NSE_EQUITY_MASTER,0,PASS
NSE_819804B1DB7D,PPLPHARMA,2023-02-17,,2022-10-19,CURRENT_NSE_EQUITY_MASTER,0,PASS
NSE_81E1BA306A07,AARTIIND,2014-08-28,2019-03-29,1995-02-08,CURRENT_NSE_EQUITY_MASTER,0,PASS
NSE_81E1BA306A07,AARTIIND,2019-12-27,2022-05-04,1995-02-08,CURRENT_NSE_EQUITY_MASTER,0,PASS
NSE_81E1BA306A07,AARTIIND,2023-03-31,,1995-02-08,CURRENT_NSE_EQUITY_MASTER,0,PASS
NSE_81E6A1C5A552,VESUVIUS,2014-08-28,2016-04-01,2013-01-01,FIRST_OBSERVED_PRICE_PROXY,0,PASS
NSE_81E6A1C5A552,VESUVIUS,2017-09-29,2018-04-02,2013-01-01,FIRST_OBSERVED_PRICE_PROXY,0,PASS
NSE_81E6A1C5A552,VESUVIUS,2020-06-26,2020-09-25,2013-01-01,FIRST_OBSERVED_PRICE_PROXY,0,PASS
NSE_82022647EC12,GUJNRECOKE,2014-08-28,2015-09-28,2013-01-01,FIRST_OBSERVED_PRICE_PROXY,0,PASS
NSE_8212B1829EDC,BHUSANSTL,2014-08-28,2018-09-28,2013-01-01,FIRST_OBSERVED_PRICE_PROXY,0,PASS
NSE_8212B1829EDC,TATASTLBSL,2020-01-16,2021-04-29,2013-01-01,FIRST_OBSERVED_PRICE_PROXY,0,PASS
NSE_824143CEF952,RIIL,2014-08-28,2017-09-29,1995-11-29,CURRENT_NSE_EQUITY_MASTER,0,PASS
NSE_824DBB53889B,SKUMARSYNF,2014-08-28,2014-09-19,2013-01-01,FIRST_OBSERVED_PRICE_PROXY,0,PASS
NSE_82E1D1C5880E,ORCHIDCHEM,2014-08-28,2015-09-28,2013-01-01,FIRST_OBSERVED_PRICE_PROXY,0,PASS
NSE_82EB3C3636F3,LAURUSLABS,2017-05-26,,2016-12-19,CURRENT_NSE_EQUITY_MASTER,0,PASS
NSE_833D2F2B9358,KTKBANK,2014-08-28,2021-03-31,2000-05-10,CURRENT_NSE_EQUITY_MASTER,0,PASS
NSE_83619AFD46DA,IRB,2014-08-28,,2008-02-25,CURRENT_NSE_EQUITY_MASTER,0,PASS
NSE_83A9DF85F983,ABBOTINDIA,2019-09-27,,2010-01-08,CURRENT_NSE_EQUITY_MASTER,0,PASS
NSE_83E296865792,ATFL,2014-08-28,2016-04-01,2002-12-06,CURRENT_NSE_EQUITY_MASTER,0,PASS
NSE_8407496D15F8,SUDARSCHEM,2017-03-31,2023-03-31,1995-05-25,CURRENT_NSE_EQUITY_MASTER,0,PASS
NSE_8493E8962DCF,MAZDOCK,2021-03-31,,2020-10-12,FIRST_OBSERVED_PRICE_PROXY,0,PASS
NSE_851A827BCF83,NAVNETEDUL,2014-08-28,2016-04-01,1995-02-08,CURRENT_NSE_EQUITY_MASTER,0,PASS
NSE_851A827BCF83,NAVNETEDUL,2017-03-31,2018-04-02,1995-02-08,CURRENT_NSE_EQUITY_MASTER,0,PASS
NSE_851A827BCF83,NAVNETEDUL,2020-09-25,2021-03-31,1995-02-08,CURRENT_NSE_EQUITY_MASTER,0,PASS
NSE_852A23390A56,DELTACORP,2014-08-28,,2007-11-02,CURRENT_NSE_EQUITY_MASTER,0,PASS
NSE_855E4F920F23,JUSTDIAL,2014-08-28,,2013-06-05,CURRENT_NSE_EQUITY_MASTER,0,PASS
NSE_85A771F24921,HITACHIHOM,2016-04-01,2019-03-29,2000-01-03,CURRENT_NSE_EQUITY_MASTER,0,PASS
NSE_85A771F24921,JCHAC,2019-09-27,2022-03-31,2000-01-03,CURRENT_NSE_EQUITY_MASTER,0,PASS
NSE_85D928902B89,SUNDRMFAST,2014-08-28,,2000-06-07,CURRENT_NSE_EQUITY_MASTER,0,PASS
NSE_8669D581A541,RAMCOCEM,2014-08-28,,1997-04-09,CURRENT_NSE_EQUITY_MASTER,0,PASS
NSE_86A0724D9861,SUMICHEM,2020-06-26,,2020-01-27,CURRENT_NSE_EQUITY_MASTER,0,PASS
NSE_86BBF1CA90A8,RAJESHEXPO,2014-08-28,,2000-02-09,CURRENT_NSE_EQUITY_MASTER,0,PASS
NSE_86E36E8E07A0,SHASUNPHAR,2014-08-28,2015-03-27,2013-01-01,FIRST_OBSERVED_PRICE_PROXY,0,PASS
NSE_870926D02A20,HSCL,2018-04-02,2021-09-30,2007-03-02,CURRENT_NSE_EQUITY_MASTER,0,PASS
NSE_873E06A5291B,BEML,2014-08-28,2022-04-12,2013-01-01,FIRST_OBSERVED_PRICE_PROXY,0,PASS
NSE_873E06A5291B,BEML,2022-12-30,,2013-01-01,FIRST_OBSERVED_PRICE_PROXY,0,PASS
NSE_87489588C163,SPICEJET,2019-12-27,2022-09-30,2019-08-19,FIRST_OBSERVED_PRICE_PROXY,0,PASS
NSE_87A3B8CF43DE,RAINBOW,2022-12-30,,2022-05-10,CURRENT_NSE_EQUITY_MASTER,0,PASS
NSE_87F5D0D8658E,HOMEFIRST,2021-09-30,,2021-02-03,CURRENT_NSE_EQUITY_MASTER,0,PASS
NSE_87FFF2928495,AUBANK,2017-11-13,,2017-07-10,CURRENT_NSE_EQUITY_MASTER,0,PASS
NSE_88F316E09646,RITES,2018-12-28,,2018-07-02,CURRENT_NSE_EQUITY_MASTER,0,PASS
NSE_892691D726B4,CREDITACC,2019-01-28,,2018-08-23,CURRENT_NSE_EQUITY_MASTER,0,PASS
NSE_896195354D53,ESSELPACK,2014-08-28,2018-04-02,2002-02-11,CURRENT_NSE_EQUITY_MASTER,0,PASS
NSE_896195354D53,ESSELPACK,2019-03-29,,2002-02-11,CURRENT_NSE_EQUITY_MASTER,0,PASS
NSE_896B828BC329,METROBRAND,2022-03-31,,2021-12-22,CURRENT_NSE_EQUITY_MASTER,0,PASS
NSE_89A9E52A0919,RADICO,2014-08-28,,2003-06-18,CURRENT_NSE_EQUITY_MASTER,0,PASS
NSE_8A358CA8F00D,DEEPAKNTR,2019-03-29,,2010-09-29,CURRENT_NSE_EQUITY_MASTER,0,PASS
NSE_8A58397586E6,GRINFRA,2022-03-31,,2021-07-19,CURRENT_NSE_EQUITY_MASTER,0,PASS
NSE_8ADC58AB4A5B,JPINFRATEC,2014-08-28,2017-03-31,2013-01-01,FIRST_OBSERVED_PRICE_PROXY,0,PASS
NSE_8B1A9BBDE5E6,PRISMCEM,2014-08-28,,2003-08-20,CURRENT_NSE_EQUITY_MASTER,0,PASS
NSE_8B27DC002544,KSCL,2014-08-28,2022-03-31,2007-10-04,CURRENT_NSE_EQUITY_MASTER,0,PASS
NSE_8BBC0680BDBA,NBVENTURES,2014-08-28,2016-04-01,2013-01-01,FIRST_OBSERVED_PRICE_PROXY,0,PASS
NSE_8BBC0680BDBA,NBVENTURES,2017-03-31,2020-09-25,2013-01-01,FIRST_OBSERVED_PRICE_PROXY,0,PASS
NSE_8BF6891072D1,JKTYRE,2014-08-28,2022-03-31,2007-03-19,CURRENT_NSE_EQUITY_MASTER,0,PASS
NSE_8CDF4E326200,ERIS,2018-03-13,2022-09-30,2017-06-29,CURRENT_NSE_EQUITY_MASTER,0,PASS
NSE_8D39D27D1A12,TATASTEEL,2014-08-28,,1998-11-18,CURRENT_NSE_EQUITY_MASTER,0,PASS
NSE_8D41A8008DA2,RKFORGE,2016-04-01,2019-09-27,2004-05-05,CURRENT_NSE_EQUITY_MASTER,0,PASS
NSE_8D712C1A2B42,BASF,2014-08-28,,1995-05-17,CURRENT_NSE_EQUITY_MASTER,0,PASS
NSE_8D903D63E255,ABCAPITAL,2018-04-02,,2017-09-01,CURRENT_NSE_EQUITY_MASTER,0,PASS
NSE_8E2A665067A2,PENINLAND,2014-08-28,2016-04-01,1995-02-08,CURRENT_NSE_EQUITY_MASTER,0,PASS
NSE_8E6BA07D1F0E,PRINCEPIPE,2021-03-31,,2019-12-30,CURRENT_NSE_EQUITY_MASTER,0,PASS
NSE_8EB3CD5CB5AD,VIJAYA,2022-03-31,,2021-09-14,CURRENT_NSE_EQUITY_MASTER,0,PASS
NSE_8EB4140F9B6D,ZOMATO,2022-03-31,,2021-07-23,CURRENT_NSE_EQUITY_MASTER,0,PASS
NSE_8EE3E878FAE5,SONATSOFTW,2014-08-28,,1999-07-28,CURRENT_NSE_EQUITY_MASTER,0,PASS
NSE_8FD1C183DE7B,APTUS,2022-03-31,,2021-08-24,CURRENT_NSE_EQUITY_MASTER,0,PASS
NSE_9050AA71D782,PIPAVAVDOC,2014-08-28,2019-03-29,2013-01-01,FIRST_OBSERVED_PRICE_PROXY,0,PASS
NSE_914B18D01343,HMVL,2016-04-01,2017-09-29,2010-07-21,CURRENT_NSE_EQUITY_MASTER,0,PASS
NSE_91BD03BB23F6,RENUKA,2014-08-28,2020-09-25,2005-10-31,CURRENT_NSE_EQUITY_MASTER,0,PASS
NSE_91BD03BB23F6,RENUKA,2022-03-31,,2005-10-31,CURRENT_NSE_EQUITY_MASTER,0,PASS
NSE_91CA1F1DFE78,ALKYLAMINE,2020-06-26,,2007-11-26,CURRENT_NSE_EQUITY_MASTER,0,PASS
NSE_938AB0376CFC,IL&FSTRANS,2014-08-28,2019-03-29,2010-03-30,CURRENT_NSE_EQUITY_MASTER,0,PASS
NSE_93EDFD9CD697,INDIGOPNTS,2021-09-30,,2021-02-02,CURRENT_NSE_EQUITY_MASTER,0,PASS
NSE_94DBF4CE7AC2,MTEDUCARE,2014-08-28,2016-04-01,2012-04-12,CURRENT_NSE_EQUITY_MASTER,0,PASS
NSE_951F0DE091F9,GRASIM,2014-08-28,2017-05-26,1995-05-10,CURRENT_NSE_EQUITY_MASTER,0,PASS
NSE_951F0DE091F9,GRASIM,2018-04-02,,1995-05-10,CURRENT_NSE_EQUITY_MASTER,0,PASS
NSE_955CB9307A3C,TASTYBITE,2019-12-27,2022-03-31,2017-03-23,CURRENT_NSE_EQUITY_MASTER,0,PASS
NSE_9600713819EE,JUBLINGREA,2021-09-30,,2021-03-19,CURRENT_NSE_EQUITY_MASTER,0,PASS
NSE_9604A80AB7B1,KEC,2014-08-28,,2006-03-10,CURRENT_NSE_EQUITY_MASTER,0,PASS
NSE_961E02880D58,ADANIPOWER,2014-08-28,2014-09-19,2013-01-01,FIRST_OBSERVED_PRICE_PROXY,0,PASS
NSE_961E02880D58,ADANIPOWER,2015-09-28,2020-09-25,2013-01-01,FIRST_OBSERVED_PRICE_PROXY,0,PASS
NSE_961E02880D58,ADANIPOWER,2023-03-31,,2013-01-01,FIRST_OBSERVED_PRICE_PROXY,0,PASS
NSE_96586AD2DEEB,TBZ,2014-08-28,2016-09-30,2012-05-09,CURRENT_NSE_EQUITY_MASTER,0,PASS
NSE_967CA74C4479,J&KBANK,2014-08-28,2021-03-31,1998-07-22,CURRENT_NSE_EQUITY_MASTER,0,PASS
NSE_969AA315029E,ADANIGAS,2019-09-27,,2018-11-05,CURRENT_NSE_EQUITY_MASTER,0,PASS
NSE_96E91CE539E6,DMART,2017-09-29,,2017-03-21,CURRENT_NSE_EQUITY_MASTER,0,PASS
NSE_97220E5E8C0A,PHOENIXLTD,2014-08-28,,2007-04-23,CURRENT_NSE_EQUITY_MASTER,0,PASS
NSE_974D64708E19,AUROPHARMA,2014-08-28,,2000-07-19,CURRENT_NSE_EQUITY_MASTER,0,PASS
NSE_978A4180C4F3,SUPREMEINF,2014-08-28,2016-04-01,2007-10-18,CURRENT_NSE_EQUITY_MASTER,0,PASS
NSE_981D18E0A068,INDHOTEL,2014-08-28,,1996-07-03,CURRENT_NSE_EQUITY_MASTER,0,PASS
NSE_9832B5E11081,SYMPHONY,2015-09-28,2023-03-31,2011-06-15,CURRENT_NSE_EQUITY_MASTER,0,PASS
NSE_984031314A32,SRF,2014-08-28,,2003-08-18,CURRENT_NSE_EQUITY_MASTER,0,PASS
NSE_985104D9ABBA,AVANTIFEED,2016-04-01,,2013-01-01,FIRST_OBSERVED_PRICE_PROXY,0,PASS
NSE_9891A0739E64,DHANUKA,2016-04-01,2018-04-02,2011-06-29,CURRENT_NSE_EQUITY_MASTER,0,PASS
NSE_9891A0739E64,DHANUKA,2020-06-26,2022-03-31,2011-06-29,CURRENT_NSE_EQUITY_MASTER,0,PASS
NSE_989FE84D8C37,HAL,2018-09-28,,2018-03-28,FIRST_OBSERVED_PRICE_PROXY,0,PASS
NSE_98B5AF24A80B,INOXWIND,2015-09-28,2019-09-27,2015-04-09,CURRENT_NSE_EQUITY_MASTER,0,PASS
NSE_98B70630B94C,LINDEINDIA,2014-08-28,2016-04-01,1999-06-16,CURRENT_NSE_EQUITY_MASTER,0,PASS
NSE_98B70630B94C,LINDEINDIA,2016-09-30,2017-03-31,1999-06-16,CURRENT_NSE_EQUITY_MASTER,0,PASS
NSE_98B70630B94C,LINDEINDIA,2017-09-29,2018-04-02,1999-06-16,CURRENT_NSE_EQUITY_MASTER,0,PASS
NSE_98B70630B94C,LINDEINDIA,2018-09-28,,1999-06-16,CURRENT_NSE_EQUITY_MASTER,0,PASS
NSE_98CBA18954BD,MAX,2014-08-28,2015-09-28,2000-05-17,CURRENT_NSE_EQUITY_MASTER,0,PASS
NSE_98CBA18954BD,MFSL,2016-09-30,2017-01-23,2000-05-17,CURRENT_NSE_EQUITY_MASTER,0,PASS
NSE_98CBA18954BD,MFSL,2017-09-05,,2000-05-17,CURRENT_NSE_EQUITY_MASTER,0,PASS
NSE_9967D614421D,GLOBOFFS,2016-04-01,2016-09-30,2013-01-01,FIRST_OBSERVED_PRICE_PROXY,0,PASS
NSE_9A051282CA4A,KITEX,2014-09-19,2018-09-28,2012-09-25,CURRENT_NSE_EQUITY_MASTER,0,PASS
NSE_9A2A839DC6BD,TANLA,2021-03-31,,2007-01-05,CURRENT_NSE_EQUITY_MASTER,0,PASS
NSE_9A67203EFED3,USHAMART,2014-08-28,2016-04-01,2000-10-11,CURRENT_NSE_EQUITY_MASTER,0,PASS
NSE_9A7AED6E5E33,IRFC,2021-09-30,,2021-01-29,CURRENT_NSE_EQUITY_MASTER,0,PASS
NSE_9ABAD18182CF,STARCEMENT,2017-11-20,2022-03-31,2017-06-16,CURRENT_NSE_EQUITY_MASTER,0,PASS
NSE_9AD9F6D272D7,LICI,2022-08-08,,2022-05-17,CURRENT_NSE_EQUITY_MASTER,0,PASS
NSE_9AE82A200CBD,NIITLTD,2014-08-28,2016-04-01,2004-08-16,CURRENT_NSE_EQUITY_MASTER,0,PASS
NSE_9AE82A200CBD,NIITLTD,2022-09-30,2022-12-30,2004-08-16,CURRENT_NSE_EQUITY_MASTER,0,PASS
NSE_9B0B508C6670,TORNTPHARM,2014-08-28,,2002-11-25,CURRENT_NSE_EQUITY_MASTER,0,PASS
NSE_9B0BB2C2D564,TIINDIA,2018-06-29,,2017-11-02,CURRENT_NSE_EQUITY_MASTER,0,PASS
NSE_9B4AC7DEFB0B,RUPA,2017-09-29,2019-09-27,2011-12-07,CURRENT_NSE_EQUITY_MASTER,0,PASS
NSE_9B813D17D74B,SHRENUJ,2014-08-28,2016-04-01,2013-01-01,FIRST_OBSERVED_PRICE_PROXY,0,PASS
NSE_9B9A5379FE9C,KIRLOSENG,2016-04-01,2016-09-30,2010-12-24,CURRENT_NSE_EQUITY_MASTER,0,PASS
NSE_9B9A5379FE9C,KIRLOSENG,2019-03-29,2020-06-26,2010-12-24,CURRENT_NSE_EQUITY_MASTER,0,PASS
NSE_9BCCFC53AEB0,TTKPRESTIG,2014-08-28,,1999-12-22,CURRENT_NSE_EQUITY_MASTER,0,PASS
NSE_9BE1DE6AAF18,TTML,2016-04-01,2016-09-30,2000-10-20,CURRENT_NSE_EQUITY_MASTER,0,PASS
NSE_9BE1DE6AAF18,TTML,2021-09-30,,2000-10-20,CURRENT_NSE_EQUITY_MASTER,0,PASS
NSE_9CB97949D5FC,IOLCP,2020-09-25,2022-03-31,2013-01-01,FIRST_OBSERVED_PRICE_PROXY,0,PASS
NSE_9CD0408E0E4C,TRITURBINE,2016-04-01,2017-09-29,2011-10-28,CURRENT_NSE_EQUITY_MASTER,0,PASS
NSE_9CD0408E0E4C,TRITURBINE,2019-03-29,2019-09-27,2011-10-28,CURRENT_NSE_EQUITY_MASTER,0,PASS
NSE_9CD0408E0E4C,TRITURBINE,2019-12-27,2020-06-26,2011-10-28,CURRENT_NSE_EQUITY_MASTER,0,PASS
NSE_9CD0408E0E4C,TRITURBINE,2021-03-31,,2011-10-28,CURRENT_NSE_EQUITY_MASTER,0,PASS
NSE_9D7CF58927D5,BANKINDIA,2014-08-28,,1997-04-30,CURRENT_NSE_EQUITY_MASTER,0,PASS
NSE_9D8A71CA7906,RUCHISOYA,2014-08-28,2017-09-29,2013-01-01,FIRST_OBSERVED_PRICE_PROXY,0,PASS
NSE_9DA2E7FA6B2C,BIOCON,2014-08-28,,2004-04-07,CURRENT_NSE_EQUITY_MASTER,0,PASS
NSE_9E3BB2CB962F,TIFIN,2018-02-05,,2017-09-25,CURRENT_NSE_EQUITY_MASTER,0,PASS
NSE_9E4C0423BFF8,GUJALKALI,2014-08-28,2016-04-01,1997-08-07,CURRENT_NSE_EQUITY_MASTER,0,PASS
NSE_9E4C0423BFF8,GUJALKALI,2017-03-31,,1997-08-07,CURRENT_NSE_EQUITY_MASTER,0,PASS
NSE_9E788BED7AEF,KALPATPOWR,2014-08-28,,2000-12-15,CURRENT_NSE_EQUITY_MASTER,0,PASS
NSE_9E9C47A8D1E8,LUXIND,2018-09-28,,2015-11-30,CURRENT_NSE_EQUITY_MASTER,0,PASS
NSE_9EF7F390DA4E,DEEPAKFERT,2014-08-28,2019-09-27,2003-01-17,CURRENT_NSE_EQUITY_MASTER,0,PASS
NSE_9EF7F390DA4E,DEEPAKFERT,2022-09-30,,2003-01-17,CURRENT_NSE_EQUITY_MASTER,0,PASS
NSE_9F5985EF710B,GTLINFRA,2014-08-28,2016-04-01,2006-11-09,CURRENT_NSE_EQUITY_MASTER,0,PASS
NSE_9FB7052822E7,CESC,2014-08-28,2018-02-05,1995-02-08,CURRENT_NSE_EQUITY_MASTER,0,PASS
NSE_9FB7052822E7,CESC,2019-03-29,,1995-02-08,CURRENT_NSE_EQUITY_MASTER,0,PASS
NSE_A06CF0562665,SADBHAV,2014-08-28,2020-09-25,2006-03-01,CURRENT_NSE_EQUITY_MASTER,0,PASS
NSE_A06E3D43B46B,IRCTC,2020-06-26,,2019-10-14,CURRENT_NSE_EQUITY_MASTER,0,PASS
NSE_A08F17915A97,CANBK,2014-08-28,,2013-01-01,FIRST_OBSERVED_PRICE_PROXY,0,PASS
NSE_A0B6C42B481E,LTTS,2017-03-31,,2016-09-23,CURRENT_NSE_EQUITY_MASTER,0,PASS
NSE_A1266372E70C,HINDALCO,2014-08-28,,1997-01-08,CURRENT_NSE_EQUITY_MASTER,0,PASS
NSE_A1420584FE56,KOLTEPATIL,2014-08-28,2021-03-31,2007-12-13,CURRENT_NSE_EQUITY_MASTER,0,PASS
NSE_A1488DA9F95B,GLAND,2021-06-30,,2020-11-20,CURRENT_NSE_EQUITY_MASTER,0,PASS
NSE_A1916F6B767C,FIVESTAR,2023-03-31,,2022-11-21,CURRENT_NSE_EQUITY_MASTER,0,PASS
NSE_A1950E96A064,PURVA,2014-08-28,2016-09-30,2007-08-30,CURRENT_NSE_EQUITY_MASTER,0,PASS
NSE_A21D36A1385B,PENIND,2015-03-27,2016-04-01,2010-11-25,CURRENT_NSE_EQUITY_MASTER,0,PASS
NSE_A2FDD2855BD3,HDFCBANK,2014-08-28,,1995-11-08,CURRENT_NSE_EQUITY_MASTER,0,PASS
NSE_A3D7B6571FE8,ADANITRANS,2016-04-01,,2015-07-31,CURRENT_NSE_EQUITY_MASTER,0,PASS
NSE_A419303521D6,INFINITE,2014-08-28,2014-09-19,2013-01-01,FIRST_OBSERVED_PRICE_PROXY,0,PASS
NSE_A4A1DA6E345C,INOXLEISUR,2014-08-28,2023-02-17,2013-01-01,FIRST_OBSERVED_PRICE_PROXY,0,PASS
NSE_A4B76A210E61,PEL,2014-08-28,2022-08-08,2013-01-01,FIRST_OBSERVED_PRICE_PROXY,0,PASS
NSE_A4B76A210E61,PEL,2023-03-31,,2013-01-01,FIRST_OBSERVED_PRICE_PROXY,0,PASS
NSE_A4E2E02F6E83,SHRIRAMCIT,2014-08-28,2022-08-08,2013-01-01,FIRST_OBSERVED_PRICE_PROXY,0,PASS
NSE_A508378B12ED,CAPLIPOINT,2016-04-01,2023-03-31,2014-06-23,CURRENT_NSE_EQUITY_MASTER,0,PASS
NSE_A5EA8EAC7050,APLAPOLLO,2016-09-30,,2011-12-14,CURRENT_NSE_EQUITY_MASTER,0,PASS
NSE_A5F41D94549C,COROMANDEL,2014-08-28,,1995-05-31,CURRENT_NSE_EQUITY_MASTER,0,PASS
NSE_A707E895DC5D,UPL,2014-08-28,,2004-01-23,CURRENT_NSE_EQUITY_MASTER,0,PASS
NSE_A70C90104344,GODREJCP,2014-08-28,,2001-06-20,CURRENT_NSE_EQUITY_MASTER,0,PASS
NSE_A719D8A80060,AETHER,2022-09-30,,2022-06-03,CURRENT_NSE_EQUITY_MASTER,0,PASS
NSE_A787B7252904,POLARIS,2014-08-28,2014-09-19,2013-01-01,FIRST_OBSERVED_PRICE_PROXY,0,PASS
NSE_A787B7252904,POLARIS,2016-04-01,2018-02-05,2013-01-01,FIRST_OBSERVED_PRICE_PROXY,0,PASS
NSE_A7A22C73AF33,JETAIRWAYS,2016-04-01,2019-09-24,2013-01-01,FIRST_OBSERVED_PRICE_PROXY,0,PASS
NSE_A80DD1EFE223,SOUTHBANK,2014-08-28,2021-03-31,1998-12-08,CURRENT_NSE_EQUITY_MASTER,0,PASS
NSE_A8A9E5C75DCE,DCMSHRIRAM,2014-08-28,,1995-04-12,CURRENT_NSE_EQUITY_MASTER,0,PASS
NSE_A8C2AF338260,RELINFRA,2014-08-28,2020-06-26,1995-02-08,CURRENT_NSE_EQUITY_MASTER,0,PASS
NSE_A8C822E94F3E,KENNAMET,2019-12-27,2020-06-26,2019-08-19,FIRST_OBSERVED_PRICE_PROXY,0,PASS
NSE_A8C822E94F3E,KENNAMET,2023-03-31,,2019-08-19,FIRST_OBSERVED_PRICE_PROXY,0,PASS
NSE_A935B8CC4714,RCOM,2014-08-28,2019-09-27,2006-03-06,CURRENT_NSE_EQUITY_MASTER,0,PASS
NSE_A99ADF364CB3,SUNTECK,2014-08-28,,2009-11-13,CURRENT_NSE_EQUITY_MASTER,0,PASS
NSE_AA00EC8A4A3D,SUPPETRO,2014-08-28,2016-04-01,2013-01-01,FIRST_OBSERVED_PRICE_PROXY,0,PASS
NSE_AA00EC8A4A3D,SUPPETRO,2017-09-29,2018-04-02,2013-01-01,FIRST_OBSERVED_PRICE_PROXY,0,PASS
NSE_AA00EC8A4A3D,SUPPETRO,2020-09-25,2022-04-07,2013-01-01,FIRST_OBSERVED_PRICE_PROXY,0,PASS
NSE_AA256B638694,THOMASCOOK,2014-08-28,2019-09-27,2000-06-07,CURRENT_NSE_EQUITY_MASTER,0,PASS
NSE_AA76C16C46C5,BIRLACORPN,2014-08-28,,1995-04-12,CURRENT_NSE_EQUITY_MASTER,0,PASS
NSE_AA8359966309,DEN,2014-08-28,2019-03-29,2009-11-24,CURRENT_NSE_EQUITY_MASTER,0,PASS
NSE_AA8359966309,DEN,2019-09-27,2019-12-27,2009-11-24,CURRENT_NSE_EQUITY_MASTER,0,PASS
NSE_AB2CD07E1D43,SITICABLE,2015-09-28,2017-03-31,2007-01-10,CURRENT_NSE_EQUITY_MASTER,0,PASS
NSE_AB585951AF9C,HCL-INSYS,2014-08-28,2019-03-29,1997-01-01,CURRENT_NSE_EQUITY_MASTER,0,PASS
NSE_AC0D43FBAC0F,NBCC,2014-08-28,,2012-04-12,CURRENT_NSE_EQUITY_MASTER,0,PASS
NSE_AC3D2D310E00,CUB,2014-08-28,,1998-08-25,CURRENT_NSE_EQUITY_MASTER,0,PASS
NSE_AC850CBABC55,NCC,2014-08-28,,2003-10-14,CURRENT_NSE_EQUITY_MASTER,0,PASS
NSE_AD18A213DACB,KIMS,2022-03-31,,2021-06-28,FIRST_OBSERVED_PRICE_PROXY,0,PASS
NSE_AD2E7AA5247F,ABSLAMC,2022-03-31,2023-03-31,2021-10-11,CURRENT_NSE_EQUITY_MASTER,0,PASS
NSE_AD4461AE56EF,TVSSRICHAK,2016-04-01,2019-03-29,2007-02-13,CURRENT_NSE_EQUITY_MASTER,0,PASS
NSE_AD5A80C76970,FORTIS,2014-08-28,2018-02-05,2007-05-09,CURRENT_NSE_EQUITY_MASTER,0,PASS
NSE_AD5A80C76970,FORTIS,2018-12-28,,2007-05-09,CURRENT_NSE_EQUITY_MASTER,0,PASS
NSE_AE25FA292E6D,KNRCON,2015-03-27,2016-04-01,2008-02-18,CURRENT_NSE_EQUITY_MASTER,0,PASS
NSE_AE25FA292E6D,KNRCON,2017-03-31,2017-09-29,2008-02-18,CURRENT_NSE_EQUITY_MASTER,0,PASS
NSE_AE25FA292E6D,KNRCON,2018-04-02,,2008-02-18,CURRENT_NSE_EQUITY_MASTER,0,PASS
NSE_AE2862139B09,WHEELS,2014-09-19,2016-04-01,2000-04-07,CURRENT_NSE_EQUITY_MASTER,0,PASS
NSE_AE4994F757D1,KIOCL,2018-06-29,2019-09-27,2016-11-29,CURRENT_NSE_EQUITY_MASTER,0,PASS
NSE_AE697C87E3F3,SHARDACROP,2016-04-01,2018-04-02,2014-09-23,CURRENT_NSE_EQUITY_MASTER,0,PASS
NSE_AE697C87E3F3,SHARDACROP,2019-03-29,2019-09-27,2014-09-23,CURRENT_NSE_EQUITY_MASTER,0,PASS
NSE_AE697C87E3F3,SHARDACROP,2021-03-31,2022-03-31,2014-09-23,CURRENT_NSE_EQUITY_MASTER,0,PASS
NSE_AE697C87E3F3,SHARDACROP,2022-09-30,,2014-09-23,CURRENT_NSE_EQUITY_MASTER,0,PASS
NSE_AF1487EA4B1C,RAJTV,2014-08-28,2015-03-27,2007-03-16,CURRENT_NSE_EQUITY_MASTER,0,PASS
NSE_AF3172BFD228,EMAMILTD,2014-08-28,,2006-08-03,CURRENT_NSE_EQUITY_MASTER,0,PASS
NSE_AF3197470457,LATENTVIEW,2022-03-31,,2021-11-23,CURRENT_NSE_EQUITY_MASTER,0,PASS
NSE_AF4B789C4B78,HATSUN,2018-02-05,2023-03-31,2014-06-20,CURRENT_NSE_EQUITY_MASTER,0,PASS
NSE_AFFB9705212D,BANDHANBNK,2018-09-28,,2018-03-27,CURRENT_NSE_EQUITY_MASTER,0,PASS
NSE_B02D9BEB0D0A,NOCIL,2014-09-19,2016-04-01,1996-01-17,CURRENT_NSE_EQUITY_MASTER,0,PASS
NSE_B02D9BEB0D0A,NOCIL,2020-09-25,,1996-01-17,CURRENT_NSE_EQUITY_MASTER,0,PASS
NSE_B04856B88EED,CROMPTON,2016-11-15,,2016-05-13,CURRENT_NSE_EQUITY_MASTER,0,PASS
NSE_B048A6C4157A,LUPIN,2014-08-28,,2001-09-10,CURRENT_NSE_EQUITY_MASTER,0,PASS
NSE_B0B59A3FBF07,HINDPETRO,2014-08-28,,1998-06-17,CURRENT_NSE_EQUITY_MASTER,0,PASS
NSE_B0F020774F39,IBSEC,2014-08-28,2016-04-01,2013-01-01,FIRST_OBSERVED_PRICE_PROXY,0,PASS
NSE_B0F020774F39,IBVENTURES,2017-09-29,2023-03-31,2013-01-01,FIRST_OBSERVED_PRICE_PROXY,0,PASS
NSE_B1CE9DB32D9A,GESHIP,2014-08-28,,2006-11-27,CURRENT_NSE_EQUITY_MASTER,0,PASS
NSE_B1D2A8B04E95,FINEORG,2019-03-29,,2018-07-02,CURRENT_NSE_EQUITY_MASTER,0,PASS
NSE_B1E9367C5B99,APTECHT,2014-08-28,2014-09-19,2002-09-27,CURRENT_NSE_EQUITY_MASTER,0,PASS
NSE_B24D84EAEDA8,BURGERKING,2021-04-29,,2020-12-14,CURRENT_NSE_EQUITY_MASTER,0,PASS
NSE_B3012E7D6C4A,HCC,2014-08-28,2019-03-29,2003-04-01,CURRENT_NSE_EQUITY_MASTER,0,PASS
NSE_B314BB60ABB8,NESCO,2018-04-02,2022-09-30,2008-04-08,CURRENT_NSE_EQUITY_MASTER,0,PASS
NSE_B34554B04EA8,INGERRAND,2014-08-28,2017-03-31,1999-04-15,CURRENT_NSE_EQUITY_MASTER,0,PASS
NSE_B34554B04EA8,INGERRAND,2017-09-29,2018-04-02,1999-04-15,CURRENT_NSE_EQUITY_MASTER,0,PASS
NSE_B34554B04EA8,INGERRAND,2020-06-26,2022-03-31,1999-04-15,CURRENT_NSE_EQUITY_MASTER,0,PASS
NSE_B34554B04EA8,INGERRAND,2023-03-31,,1999-04-15,CURRENT_NSE_EQUITY_MASTER,0,PASS
NSE_B3968699E9E2,INTELLECT,2016-04-01,2020-09-25,2014-12-18,CURRENT_NSE_EQUITY_MASTER,0,PASS
NSE_B3968699E9E2,INTELLECT,2021-03-31,,2014-12-18,CURRENT_NSE_EQUITY_MASTER,0,PASS
NSE_B3E526664FC0,AMARAJABAT,2014-08-28,,2003-09-05,CURRENT_NSE_EQUITY_MASTER,0,PASS
NSE_B41F7AA07AC7,HDFCAMC,2019-03-29,,2018-08-06,CURRENT_NSE_EQUITY_MASTER,0,PASS
NSE_B46CD836B94A,AUTOAXLES,2014-08-28,2016-04-01,2003-05-29,CURRENT_NSE_EQUITY_MASTER,0,PASS
NSE_B585B7685364,IBULISL,2019-03-29,2020-06-26,2011-08-18,CURRENT_NSE_EQUITY_MASTER,0,PASS
NSE_B61709A06339,LTI,2017-03-31,,2016-07-21,CURRENT_NSE_EQUITY_MASTER,0,PASS
NSE_B6937CCD326A,ASTRAZEN,2014-08-28,2018-04-02,2001-05-04,CURRENT_NSE_EQUITY_MASTER,0,PASS
NSE_B6937CCD326A,ASTRAZEN,2019-03-29,2023-03-31,2001-05-04,CURRENT_NSE_EQUITY_MASTER,0,PASS
NSE_B7616A734F2C,TCI,2016-04-01,2016-04-29,2002-01-21,CURRENT_NSE_EQUITY_MASTER,0,PASS
NSE_B7616A734F2C,TCI,2022-09-30,,2002-01-21,CURRENT_NSE_EQUITY_MASTER,0,PASS
NSE_B773408C322B,PNB,2014-08-28,,2002-04-24,CURRENT_NSE_EQUITY_MASTER,0,PASS
NSE_B81E8F19FC12,RELIANCE,2014-08-28,,1995-11-29,CURRENT_NSE_EQUITY_MASTER,0,PASS
NSE_B821A8B7C241,ADVANTA,2014-08-28,2016-04-29,2013-01-01,FIRST_OBSERVED_PRICE_PROXY,0,PASS
NSE_B88435B10855,ELGIEQUIP,2014-08-28,2016-09-30,1995-11-22,CURRENT_NSE_EQUITY_MASTER,0,PASS
NSE_B88435B10855,ELGIEQUIP,2018-09-28,,1995-11-22,CURRENT_NSE_EQUITY_MASTER,0,PASS
NSE_B8C8A459A862,DHANBANK,2014-08-28,2016-04-01,2004-04-01,CURRENT_NSE_EQUITY_MASTER,0,PASS
NSE_B90722703E30,INDIACEM,2014-08-28,,2000-05-31,CURRENT_NSE_EQUITY_MASTER,0,PASS
NSE_BAEF1893624D,CUMMINSIND,2014-08-28,,1995-03-29,CURRENT_NSE_EQUITY_MASTER,0,PASS
NSE_BAF1627773E0,VIDEOIND,2014-08-28,2018-03-13,2013-01-01,FIRST_OBSERVED_PRICE_PROXY,0,PASS
NSE_BB53E120FC24,VSTIND,2014-08-28,2017-09-29,2003-09-05,CURRENT_NSE_EQUITY_MASTER,0,PASS
NSE_BB53E120FC24,VSTIND,2019-03-29,2021-09-30,2003-09-05,CURRENT_NSE_EQUITY_MASTER,0,PASS
NSE_BB7D75A98B81,NDTV,2015-03-27,2016-04-01,2004-05-19,CURRENT_NSE_EQUITY_MASTER,0,PASS
NSE_BBAFE94E6772,CHEMPLASTS,2022-03-31,,2021-08-24,CURRENT_NSE_EQUITY_MASTER,0,PASS
NSE_BBC622D344B2,VAIBHAVGBL,2014-08-28,2016-09-30,2004-04-05,CURRENT_NSE_EQUITY_MASTER,0,PASS
NSE_BBC622D344B2,VAIBHAVGBL,2019-09-24,,2004-04-05,CURRENT_NSE_EQUITY_MASTER,0,PASS
NSE_BC781E1A1FE3,HATHWAY,2014-08-28,2019-12-27,2010-02-25,CURRENT_NSE_EQUITY_MASTER,0,PASS
NSE_BC781E1A1FE3,HATHWAY,2020-06-26,2021-03-31,2010-02-25,CURRENT_NSE_EQUITY_MASTER,0,PASS
NSE_BC781E1A1FE3,HATHWAY,2021-09-30,2022-09-30,2010-02-25,CURRENT_NSE_EQUITY_MASTER,0,PASS
NSE_BCFDB4A1DA40,MCLEODRUSS,2014-08-28,2019-03-29,2005-07-29,CURRENT_NSE_EQUITY_MASTER,0,PASS
NSE_BD367B35C4B6,MUTHOOTFIN,2014-08-28,,2011-05-06,CURRENT_NSE_EQUITY_MASTER,0,PASS
NSE_BD4742D366FC,BHARTIARTL,2014-08-28,,2002-02-15,CURRENT_NSE_EQUITY_MASTER,0,PASS
NSE_BD47FE0A54BC,LT,2014-08-28,,2004-06-23,CURRENT_NSE_EQUITY_MASTER,0,PASS
NSE_BDA35C5DEB61,SFL,2017-06-23,2018-09-28,2016-12-09,CURRENT_NSE_EQUITY_MASTER,0,PASS
NSE_BDA35C5DEB61,SFL,2018-12-28,2023-03-31,2016-12-09,CURRENT_NSE_EQUITY_MASTER,0,PASS
NSE_BDD195E0616C,SUVENPHAR,2020-09-25,,2020-03-09,CURRENT_NSE_EQUITY_MASTER,0,PASS
NSE_BDD4AB6745AE,ITC,2014-08-28,,1995-08-23,CURRENT_NSE_EQUITY_MASTER,0,PASS
NSE_BE2FF8182DD5,JAMNAAUTO,2019-03-29,,2010-12-10,CURRENT_NSE_EQUITY_MASTER,0,PASS
NSE_BE6B81B4D2AE,UTTAMSTL,2014-08-28,2016-04-01,2013-01-01,FIRST_OBSERVED_PRICE_PROXY,0,PASS
NSE_BE847AB99029,JYOTISTRUC,2014-08-28,2016-04-01,1995-07-19,CURRENT_NSE_EQUITY_MASTER,0,PASS
NSE_BF514F1F2D5F,YESBANK,2014-08-28,2020-03-19,2005-07-12,CURRENT_NSE_EQUITY_MASTER,0,PASS
NSE_BF514F1F2D5F,YESBANK,2020-09-25,,2005-07-12,CURRENT_NSE_EQUITY_MASTER,0,PASS
NSE_BF592878D9DA,JSWENERGY,2014-08-28,,2010-01-04,CURRENT_NSE_EQUITY_MASTER,0,PASS
NSE_BFBEFE6B6DB3,MANAPPURAM,2016-04-01,,2013-01-01,FIRST_OBSERVED_PRICE_PROXY,0,PASS
NSE_C018B89345AE,SUNTV,2014-08-28,,2006-04-24,CURRENT_NSE_EQUITY_MASTER,0,PASS
NSE_C0628B35007C,ESABINDIA,2014-08-28,2016-04-01,1995-11-01,CURRENT_NSE_EQUITY_MASTER,0,PASS
NSE_C0628B35007C,ESABINDIA,2020-06-26,2021-03-31,1995-11-01,CURRENT_NSE_EQUITY_MASTER,0,PASS
NSE_C07DB11DA201,SPTL,2018-04-02,2019-09-27,2017-08-08,FIRST_OBSERVED_PRICE_PROXY,0,PASS
NSE_C0979F2D6F8D,CRISIL,2014-08-28,,1995-06-28,CURRENT_NSE_EQUITY_MASTER,0,PASS
NSE_C1DAEF86162E,QUESS,2017-03-31,,2016-07-12,CURRENT_NSE_EQUITY_MASTER,0,PASS
NSE_C22A32F7BD26,TORNTPOWER,2014-08-28,,2006-11-28,CURRENT_NSE_EQUITY_MASTER,0,PASS
NSE_C23A48F8DAF4,SBBJ,2014-08-28,2017-03-16,2013-01-01,FIRST_OBSERVED_PRICE_PROXY,0,PASS
NSE_C27A7287553C,KEI,2019-03-29,,2006-03-23,CURRENT_NSE_EQUITY_MASTER,0,PASS
NSE_C2B697FEC9E7,GAEL,2020-09-25,,2000-10-11,CURRENT_NSE_EQUITY_MASTER,0,PASS
NSE_C2FFE122E26D,ONGC,2014-08-28,,1995-07-19,CURRENT_NSE_EQUITY_MASTER,0,PASS
NSE_C3B5E11EC34E,RUSTOMJEE,2023-03-31,,2022-11-24,CURRENT_NSE_EQUITY_MASTER,0,PASS
NSE_C43FB1E82A75,FINANTECH,2014-08-28,2016-09-30,2005-06-20,CURRENT_NSE_EQUITY_MASTER,0,PASS
NSE_C443D626D98E,JUBLFOOD,2014-08-28,,2010-02-08,CURRENT_NSE_EQUITY_MASTER,0,PASS
NSE_C449D23376D8,DYNAMATECH,2015-02-02,2017-03-31,2006-09-14,CURRENT_NSE_EQUITY_MASTER,0,PASS
NSE_C457B5E6B67B,SIS,2018-04-02,2023-03-31,2017-08-10,CURRENT_NSE_EQUITY_MASTER,0,PASS
NSE_C4988FC46272,CAIRN,2014-08-28,2016-11-15,2013-01-01,FIRST_OBSERVED_PRICE_PROXY,0,PASS
NSE_C5287A347B58,ESCORTS,2014-08-28,,1995-03-01,CURRENT_NSE_EQUITY_MASTER,0,PASS
NSE_C54F12602AF9,ACC,2014-08-28,,1996-11-20,CURRENT_NSE_EQUITY_MASTER,0,PASS
NSE_C558FE982959,CLNINDIA,2014-08-28,2016-09-30,1995-06-14,CURRENT_NSE_EQUITY_MASTER,0,PASS
NSE_C5E1346C906E,TRIVENI,2022-05-31,,2005-12-13,CURRENT_NSE_EQUITY_MASTER,0,PASS
NSE_C60D64EC58FE,ARVIND,2014-08-28,2015-02-02,1995-02-08,CURRENT_NSE_EQUITY_MASTER,0,PASS
NSE_C60D64EC58FE,ARVIND,2015-12-14,2018-06-29,1995-02-08,CURRENT_NSE_EQUITY_MASTER,0,PASS
NSE_C617F8AD6C46,CHALET,2019-06-28,2020-06-26,2019-02-07,CURRENT_NSE_EQUITY_MASTER,0,PASS
NSE_C617F8AD6C46,CHALET,2020-09-25,,2019-02-07,CURRENT_NSE_EQUITY_MASTER,0,PASS
NSE_C653EAD813FF,KRBL,2015-09-28,,2002-01-21,CURRENT_NSE_EQUITY_MASTER,0,PASS
NSE_C7F339E43E8B,CEATLTD,2015-06-15,,2008-02-01,CURRENT_NSE_EQUITY_MASTER,0,PASS
NSE_C900A7D9B807,CARERATING,2014-08-28,2021-03-31,2012-12-26,CURRENT_NSE_EQUITY_MASTER,0,PASS
NSE_C911E612925E,HMT,2016-04-01,2016-09-30,2003-08-29,CURRENT_NSE_EQUITY_MASTER,0,PASS
NSE_C91869243FA4,TECHNOE,2019-09-27,2020-06-26,2018-12-04,CURRENT_NSE_EQUITY_MASTER,0,PASS
NSE_C941893EE311,TATACOMM,2014-08-28,2018-06-29,1995-04-12,CURRENT_NSE_EQUITY_MASTER,0,PASS
NSE_C941893EE311,TATACOMM,2020-06-26,,1995-04-12,CURRENT_NSE_EQUITY_MASTER,0,PASS
NSE_C9730FDF32DB,ABGSHIP,2014-08-28,2016-09-30,2013-01-01,FIRST_OBSERVED_PRICE_PROXY,0,PASS
NSE_C9C5A501D2C2,ALEMBICLTD,2020-09-25,2022-03-31,1999-09-22,CURRENT_NSE_EQUITY_MASTER,0,PASS
NSE_C9E4C554809A,SAPPHIRE,2022-03-31,,2021-11-18,FIRST_OBSERVED_PRICE_PROXY,0,PASS
NSE_CA1A054ED475,ASTERDM,2018-06-29,,2018-02-26,CURRENT_NSE_EQUITY_MASTER,0,PASS
NSE_CA3DF13D56B2,BALLARPUR,2014-08-28,2018-09-28,2013-01-01,FIRST_OBSERVED_PRICE_PROXY,0,PASS
NSE_CA42918156CA,INFIBEAM,2016-09-30,2020-11-25,2016-04-04,CURRENT_NSE_EQUITY_MASTER,0,PASS
NSE_CA42918156CA,INFIBEAM,2021-04-29,,2016-04-04,CURRENT_NSE_EQUITY_MASTER,0,PASS
NSE_CB495D5D7660,MEDPLUS,2022-03-31,,2021-12-23,CURRENT_NSE_EQUITY_MASTER,0,PASS
NSE_CBDF2B22A73F,HSIL,2014-08-28,2018-12-28,2000-05-31,CURRENT_NSE_EQUITY_MASTER,0,PASS
NSE_CC0C56B55A2D,HIMATSEIDE,2014-08-28,2020-09-25,1995-02-08,CURRENT_NSE_EQUITY_MASTER,0,PASS
NSE_CC1A452E363C,TATAINVEST,2014-08-28,2016-04-01,2013-01-01,FIRST_OBSERVED_PRICE_PROXY,0,PASS
NSE_CC1A452E363C,TATAINVEST,2017-03-31,2021-09-30,2013-01-01,FIRST_OBSERVED_PRICE_PROXY,0,PASS
NSE_CC1A452E363C,TATAINVEST,2022-03-31,,2013-01-01,FIRST_OBSERVED_PRICE_PROXY,0,PASS
NSE_CD88130B9E52,PAYTM,2022-03-31,,2021-11-18,CURRENT_NSE_EQUITY_MASTER,0,PASS
NSE_CD8EB44B80FD,FLUOROCHEM,2020-06-26,,2019-10-16,CURRENT_NSE_EQUITY_MASTER,0,PASS
NSE_CDAA948370DB,HLEGLAS,2022-03-31,,2021-02-22,FIRST_OBSERVED_PRICE_PROXY,0,PASS
NSE_CE1B55B0FE79,DALBHARAT,2019-06-28,,2019-01-22,CURRENT_NSE_EQUITY_MASTER,0,PASS
NSE_CE21025CD02D,VGUARD,2016-04-01,,2008-03-13,CURRENT_NSE_EQUITY_MASTER,0,PASS
NSE_CEF9C41C45DE,SREINFRA,2014-08-28,2019-09-27,2013-01-01,FIRST_OBSERVED_PRICE_PROXY,0,PASS
NSE_CF7DBA3753F8,SHYAMMETL,2022-03-31,,2021-06-24,CURRENT_NSE_EQUITY_MASTER,0,PASS
NSE_D00C1130DAE7,SONASTEER,2014-08-28,2016-04-01,2004-01-12,CURRENT_NSE_EQUITY_MASTER,0,PASS
NSE_D00C1130DAE7,JTEKTINDIA,2020-09-14,2021-09-30,2004-01-12,CURRENT_NSE_EQUITY_MASTER,0,PASS
NSE_D0658C86F917,ZEELEARN,2016-04-01,2018-09-28,2010-12-20,CURRENT_NSE_EQUITY_MASTER,0,PASS
NSE_D0ABB9249124,BGRENERGY,2014-08-28,2015-09-28,2008-01-03,CURRENT_NSE_EQUITY_MASTER,0,PASS
NSE_D0ABB9249124,BGRENERGY,2016-04-01,2018-09-28,2008-01-03,CURRENT_NSE_EQUITY_MASTER,0,PASS
NSE_D105ECB9BB5E,INDRAMEDCO,2014-08-28,2014-09-19,1997-04-17,CURRENT_NSE_EQUITY_MASTER,0,PASS
NSE_D10A18C00D0B,MTNL,2016-04-01,2018-09-28,1999-02-17,CURRENT_NSE_EQUITY_MASTER,0,PASS
NSE_D12898B9CF83,SWANENERGY,2014-08-28,2021-09-30,2012-05-29,CURRENT_NSE_EQUITY_MASTER,0,PASS
NSE_D12898B9CF83,SWANENERGY,2022-09-30,,2012-05-29,CURRENT_NSE_EQUITY_MASTER,0,PASS
NSE_D1A2AB285CE4,GULFOILLUB,2015-03-27,2016-04-01,2014-07-31,CURRENT_NSE_EQUITY_MASTER,0,PASS
NSE_D1A2AB285CE4,GULFOILLUB,2016-04-29,2021-09-30,2014-07-31,CURRENT_NSE_EQUITY_MASTER,0,PASS
NSE_D1B8254AD933,DCBBANK,2014-08-28,2022-03-31,2006-10-27,CURRENT_NSE_EQUITY_MASTER,0,PASS
NSE_D3148EEB7BF0,IBULHSGFIN,2014-08-28,,2013-07-23,CURRENT_NSE_EQUITY_MASTER,0,PASS
NSE_D33E443DE34A,SUNDARMFIN,2014-08-28,2017-11-13,1998-01-07,CURRENT_NSE_EQUITY_MASTER,0,PASS
NSE_D33E443DE34A,SUNDARMFIN,2018-09-28,,1998-01-07,CURRENT_NSE_EQUITY_MASTER,0,PASS
NSE_D35374D82BA3,IDFCBANK,2016-09-30,,2015-11-06,CURRENT_NSE_EQUITY_MASTER,0,PASS
NSE_D376FF14ECD7,STCINDIA,2016-04-01,2017-09-29,2003-04-01,CURRENT_NSE_EQUITY_MASTER,0,PASS
NSE_D3E18AD37B1B,MPHASIS,2014-08-28,,2004-06-04,CURRENT_NSE_EQUITY_MASTER,0,PASS
NSE_D3F406024851,GIPCL,2014-08-28,2016-04-01,1995-02-08,CURRENT_NSE_EQUITY_MASTER,0,PASS
NSE_D40F53D9B283,IIFLWAM,2020-06-26,,2019-09-19,CURRENT_NSE_EQUITY_MASTER,0,PASS
NSE_D448CCCD5389,GNFC,2014-08-28,2016-04-01,1995-05-17,CURRENT_NSE_EQUITY_MASTER,0,PASS
NSE_D448CCCD5389,GNFC,2017-03-31,,1995-05-17,CURRENT_NSE_EQUITY_MASTER,0,PASS
NSE_D45E2178880F,MAHSEAMLES,2014-08-28,2016-04-01,2004-08-25,CURRENT_NSE_EQUITY_MASTER,0,PASS
NSE_D45E2178880F,MAHSEAMLES,2019-03-29,2021-09-30,2004-08-25,CURRENT_NSE_EQUITY_MASTER,0,PASS
NSE_D47F04514F84,RESPONIND,2019-12-26,2020-06-26,2010-10-29,CURRENT_NSE_EQUITY_MASTER,0,PASS
NSE_D47F04514F84,RESPONIND,2021-03-31,2021-09-30,2010-10-29,CURRENT_NSE_EQUITY_MASTER,0,PASS
NSE_D484E901E05E,RANBAXY,2014-08-28,2014-11-28,2013-01-01,FIRST_OBSERVED_PRICE_PROXY,0,PASS
NSE_D49044EAC01A,METROPOLIS,2019-09-27,,2019-04-15,CURRENT_NSE_EQUITY_MASTER,0,PASS
NSE_D4C1A1AFCB62,CAMPUS,2022-08-08,,2022-05-09,CURRENT_NSE_EQUITY_MASTER,0,PASS
NSE_D4F3ADAA19EE,MANPASAND,2016-04-01,2019-03-29,2015-07-09,FIRST_OBSERVED_PRICE_PROXY,0,PASS
NSE_D532036F191F,COALINDIA,2014-08-28,,2010-11-04,CURRENT_NSE_EQUITY_MASTER,0,PASS
NSE_D57CF4D8191A,SEINV,2014-08-28,2016-04-01,2011-10-17,CURRENT_NSE_EQUITY_MASTER,0,PASS
NSE_D5ACCFD1139D,HTMEDIA,2014-08-28,2018-06-29,2005-09-01,CURRENT_NSE_EQUITY_MASTER,0,PASS
NSE_D5AEC8D4EBC0,JINDALSAW,2014-08-28,2016-04-29,2013-01-01,FIRST_OBSERVED_PRICE_PROXY,0,PASS
NSE_D5AEC8D4EBC0,JINDALSAW,2017-09-29,2022-03-31,2013-01-01,FIRST_OBSERVED_PRICE_PROXY,0,PASS
NSE_D5D3F5346E0E,SWSOLAR,2020-03-19,,2019-08-20,CURRENT_NSE_EQUITY_MASTER,0,PASS
NSE_D63E80751915,PHILIPCARB,2018-09-28,,1995-03-29,CURRENT_NSE_EQUITY_MASTER,0,PASS
NSE_D67F47161F2D,SFCL,2016-09-30,2017-01-23,2013-10-24,FIRST_OBSERVED_PRICE_PROXY,0,PASS
NSE_D6EC0847F646,ABFRL,2016-04-01,,2013-07-17,CURRENT_NSE_EQUITY_MASTER,0,PASS
NSE_D701BCB8CF79,RAMCOSYS,2016-04-01,2018-09-28,2000-04-12,CURRENT_NSE_EQUITY_MASTER,0,PASS
NSE_D7198FEB3064,ADANIPORTS,2014-08-28,,2007-11-27,CURRENT_NSE_EQUITY_MASTER,0,PASS
NSE_D738174DF89D,HUDCO,2017-10-30,,2017-05-19,CURRENT_NSE_EQUITY_MASTER,0,PASS
NSE_D76472EF418A,LITL,2014-08-28,2017-03-31,2013-01-01,FIRST_OBSERVED_PRICE_PROXY,0,PASS
NSE_D7CAF5D174A7,BALRAMCHIN,2014-08-28,,1995-02-08,CURRENT_NSE_EQUITY_MASTER,0,PASS
NSE_D84D9BBEAF23,BORORENEW,2022-03-31,,2018-05-25,CURRENT_NSE_EQUITY_MASTER,0,PASS
NSE_D8A31493DD0A,TATAMTRDVR,2016-04-01,,2013-01-01,FIRST_OBSERVED_PRICE_PROXY,0,PASS
NSE_D8BF1C07E0AE,STRTECH,2014-08-28,2016-01-18,2000-12-08,CURRENT_NSE_EQUITY_MASTER,0,PASS
NSE_D8BF1C07E0AE,STRTECH,2017-03-31,,2000-12-08,CURRENT_NSE_EQUITY_MASTER,0,PASS
NSE_D8E4AC26C341,IBPOW,2014-08-28,2015-09-28,2009-10-30,CURRENT_NSE_EQUITY_MASTER,0,PASS
NSE_D8E4AC26C341,RTNPOWER,2016-04-01,2018-09-28,2009-10-30,CURRENT_NSE_EQUITY_MASTER,0,PASS
NSE_D92A46834C0F,MINDACORP,2016-04-01,2016-09-30,2013-01-01,FIRST_OBSERVED_PRICE_PROXY,0,PASS
NSE_D92A46834C0F,MINDACORP,2017-03-31,2022-03-31,2013-01-01,FIRST_OBSERVED_PRICE_PROXY,0,PASS
NSE_D9681303D25C,STYABS,2016-04-01,2016-09-30,1995-03-29,CURRENT_NSE_EQUITY_MASTER,0,PASS
NSE_D9A959B5F435,ABIRLANUVO,2014-08-28,2015-10-19,2013-01-01,FIRST_OBSERVED_PRICE_PROXY,0,PASS
NSE_D9A959B5F435,ABIRLANUVO,2016-09-30,2017-05-26,2013-01-01,FIRST_OBSERVED_PRICE_PROXY,0,PASS
NSE_D9F56642B79E,MOIL,2014-08-28,2023-03-31,2010-12-15,CURRENT_NSE_EQUITY_MASTER,0,PASS
NSE_DA8CD7DBA4AA,AMTEKAUTO,2014-08-28,2017-09-29,2013-01-01,FIRST_OBSERVED_PRICE_PROXY,0,PASS
NSE_DAE0D0015DDC,IGARASHI,2016-04-01,2018-04-02,2003-10-09,CURRENT_NSE_EQUITY_MASTER,0,PASS
NSE_DAED6D4EB0C4,PETRONET,2014-08-28,,2004-03-26,CURRENT_NSE_EQUITY_MASTER,0,PASS
NSE_DB2FD1378512,SRTRANSFIN,2014-08-28,,2013-01-01,FIRST_OBSERVED_PRICE_PROXY,0,PASS
NSE_DB429E3D7562,DALMIABHA,2016-04-01,2018-04-02,2013-01-01,FIRST_OBSERVED_PRICE_PROXY,0,PASS
NSE_DBD0EB2724E0,TCS,2014-08-28,,2004-08-25,CURRENT_NSE_EQUITY_MASTER,0,PASS
NSE_DC71E4171668,MTARTECH,2022-04-07,,2021-03-15,CURRENT_NSE_EQUITY_MASTER,0,PASS
NSE_DCA00C31EBFD,BALKRISIND,2014-08-28,2015-03-24,2006-01-27,CURRENT_NSE_EQUITY_MASTER,0,PASS
NSE_DCA00C31EBFD,BALKRISIND,2015-09-28,,2006-01-27,CURRENT_NSE_EQUITY_MASTER,0,PASS
NSE_DD6777CCA097,JAICORPLTD,2014-08-28,2021-03-31,1997-11-26,CURRENT_NSE_EQUITY_MASTER,0,PASS
NSE_DD6A0E2BA440,WELCORP,2014-09-19,,2005-05-24,CURRENT_NSE_EQUITY_MASTER,0,PASS
NSE_DDAD0193F2D5,RPOWER,2014-08-28,2020-06-26,2008-02-11,CURRENT_NSE_EQUITY_MASTER,0,PASS
NSE_DDBA544B3226,KAJARIACER,2014-08-28,,2004-06-01,CURRENT_NSE_EQUITY_MASTER,0,PASS
NSE_DDCC0F44FC44,ORIENTCEM,2015-09-28,2021-03-31,2013-07-12,CURRENT_NSE_EQUITY_MASTER,0,PASS
NSE_DE05FB2F7DD8,EICHERMOT,2014-08-28,,2004-09-07,CURRENT_NSE_EQUITY_MASTER,0,PASS
NSE_DE21F68BED21,RELIGARE,2014-08-28,2016-04-01,2007-11-21,CURRENT_NSE_EQUITY_MASTER,0,PASS
NSE_DE21F68BED21,RELIGARE,2016-09-30,2018-09-28,2007-11-21,CURRENT_NSE_EQUITY_MASTER,0,PASS
NSE_DE5DE93EB4E5,IEX,2018-04-02,,2017-10-23,CURRENT_NSE_EQUITY_MASTER,0,PASS
NSE_DED817305039,SOLARA,2020-09-25,2022-09-30,2018-06-27,CURRENT_NSE_EQUITY_MASTER,0,PASS
NSE_DEE4CBD1AD4C,BAJAJHLDNG,2014-08-28,,1995-03-15,CURRENT_NSE_EQUITY_MASTER,0,PASS
NSE_E0134A40D7AE,HAPPSTMNDS,2021-03-31,,2020-09-17,CURRENT_NSE_EQUITY_MASTER,0,PASS
NSE_E02C0941D910,GILLETTE,2014-08-28,2022-03-31,2003-07-30,CURRENT_NSE_EQUITY_MASTER,0,PASS
NSE_E058EC23D204,BAJAJELEC,2014-08-28,,2007-11-02,CURRENT_NSE_EQUITY_MASTER,0,PASS
NSE_E0C737A5E1C0,AXISBANK,2014-08-28,,1998-11-16,CURRENT_NSE_EQUITY_MASTER,0,PASS
NSE_E102D7DE4C2C,GRUH,2014-08-28,2019-09-27,2013-01-01,FIRST_OBSERVED_PRICE_PROXY,0,PASS
NSE_E17095DD806F,MAHLOG,2018-09-28,,2017-11-10,CURRENT_NSE_EQUITY_MASTER,0,PASS
NSE_E1897D16F276,MASFIN,2018-04-02,2021-09-30,2017-10-18,CURRENT_NSE_EQUITY_MASTER,0,PASS
NSE_E1969513A040,DIVISLAB,2014-08-28,,2003-03-12,CURRENT_NSE_EQUITY_MASTER,0,PASS
NSE_E26A501DCF72,JMTAUTOLTD,2016-04-01,2017-09-29,2013-01-01,FIRST_OBSERVED_PRICE_PROXY,0,PASS
NSE_E2CB5EC37279,PARSVNATH,2014-08-28,2016-09-30,2006-11-30,CURRENT_NSE_EQUITY_MASTER,0,PASS
NSE_E33BF28052EC,GREENPLY,2016-04-01,2019-03-29,1996-03-06,CURRENT_NSE_EQUITY_MASTER,0,PASS
NSE_E3E1AC8435EA,RVNL,2019-09-27,,2019-04-11,CURRENT_NSE_EQUITY_MASTER,0,PASS
NSE_E468930502B9,LICHSGFIN,2014-08-28,,1998-07-29,CURRENT_NSE_EQUITY_MASTER,0,PASS
NSE_E46FF265D32E,JSWSTEEL,2014-08-28,,2005-03-23,CURRENT_NSE_EQUITY_MASTER,0,PASS
NSE_E4C7D1FEF3D3,JKCEMENT,2015-03-27,,2006-03-14,CURRENT_NSE_EQUITY_MASTER,0,PASS
NSE_E50226C18398,HCLTECH,2014-08-28,,2000-01-06,CURRENT_NSE_EQUITY_MASTER,0,PASS
NSE_E591D40579BE,PRESTIGE,2014-08-28,,2010-10-27,CURRENT_NSE_EQUITY_MASTER,0,PASS
NSE_E5B9AB42956F,BINDALAGRO,2014-08-28,2016-04-01,1996-08-28,CURRENT_NSE_EQUITY_MASTER,0,PASS
NSE_E5CCB4E0101D,GODREJPROP,2014-08-28,,2010-01-05,CURRENT_NSE_EQUITY_MASTER,0,PASS
NSE_E5D99F510B64,ITI,2017-09-29,,2003-09-15,CURRENT_NSE_EQUITY_MASTER,0,PASS
NSE_E6BC41F4E8C3,KKCL,2014-08-28,2016-04-01,2006-04-13,CURRENT_NSE_EQUITY_MASTER,0,PASS
NSE_E6EF857CE112,EXCELCROP,2018-09-28,2019-04-15,2013-01-01,FIRST_OBSERVED_PRICE_PROXY,0,PASS
NSE_E6FA1070E643,JSLHISAR,2017-09-29,2022-05-31,2016-01-28,FIRST_OBSERVED_PRICE_PROXY,0,PASS
NSE_E7891F352261,CGCL,2019-09-27,2022-03-31,2013-01-01,FIRST_OBSERVED_PRICE_PROXY,0,PASS
NSE_E7891F352261,CGCL,2022-04-12,,2013-01-01,FIRST_OBSERVED_PRICE_PROXY,0,PASS
NSE_E79D1D741D70,RAIN,2014-08-28,,2008-03-03,CURRENT_NSE_EQUITY_MASTER,0,PASS
NSE_E7C0FAEE3336,NAVKARCORP,2016-04-01,2019-03-29,2015-09-09,CURRENT_NSE_EQUITY_MASTER,0,PASS
NSE_E7F329485D3D,TNPL,2014-08-28,2019-09-27,1996-02-14,CURRENT_NSE_EQUITY_MASTER,0,PASS
NSE_E8494F35C12B,MAYURUNIQ,2015-03-27,2017-03-31,2012-09-25,CURRENT_NSE_EQUITY_MASTER,0,PASS
NSE_E8595461AB42,BDL,2018-08-08,,2018-03-23,FIRST_OBSERVED_PRICE_PROXY,0,PASS
NSE_E87D6DAE68AE,TEJASNET,2022-09-30,,2017-06-27,CURRENT_NSE_EQUITY_MASTER,0,PASS
NSE_E8D23E6BAAFB,WESTLIFE,2019-12-27,,2019-08-19,FIRST_OBSERVED_PRICE_PROXY,0,PASS
NSE_E9019530042D,SHANTIGEAR,2014-08-28,2016-04-01,1996-01-17,CURRENT_NSE_EQUITY_MASTER,0,PASS
NSE_E987DDA51421,FRETAIL,2017-03-16,2017-10-30,2016-08-29,FIRST_OBSERVED_PRICE_PROXY,0,PASS
NSE_E987DDA51421,FRETAIL,2018-06-29,2022-03-31,2016-08-29,FIRST_OBSERVED_PRICE_PROXY,0,PASS
NSE_E9CD94ECB13B,MAHSCOOTER,2014-08-28,2016-04-01,1995-02-08,CURRENT_NSE_EQUITY_MASTER,0,PASS
NSE_E9CD94ECB13B,MAHSCOOTER,2019-03-29,2021-09-30,1995-02-08,CURRENT_NSE_EQUITY_MASTER,0,PASS
NSE_EA1AF0D86D36,OIL,2014-08-28,,2009-09-30,CURRENT_NSE_EQUITY_MASTER,0,PASS
NSE_EB29D1E33DD1,TEAMLEASE,2018-09-28,,2016-02-12,CURRENT_NSE_EQUITY_MASTER,0,PASS
NSE_EB5B1EE4D766,JKIL,2014-08-28,2019-03-29,2008-02-12,CURRENT_NSE_EQUITY_MASTER,0,PASS
NSE_EB6FFADD9772,SOBHA,2014-08-28,,2006-12-20,CURRENT_NSE_EQUITY_MASTER,0,PASS
NSE_EBAC40911065,KCP,2014-08-28,2016-04-01,1997-04-09,CURRENT_NSE_EQUITY_MASTER,0,PASS
NSE_EBB02BC0F381,COFFEEDAY,2016-09-30,2019-12-26,2015-11-02,CURRENT_NSE_EQUITY_MASTER,0,PASS
NSE_EBCA7C65B503,MOTILALOFS,2014-08-28,,2007-09-11,CURRENT_NSE_EQUITY_MASTER,0,PASS
NSE_EC183F69A7A2,GODREJIND,2014-08-28,,2003-02-25,CURRENT_NSE_EQUITY_MASTER,0,PASS
NSE_EC24712264F2,TUBEINVEST,2014-08-28,2017-05-26,2013-01-01,FIRST_OBSERVED_PRICE_PROXY,0,PASS
NSE_EC27C1265F27,BAYERCROP,2019-09-27,,2010-01-08,CURRENT_NSE_EQUITY_MASTER,0,PASS
NSE_EC4644B51BC9,INFRATEL,2014-08-28,,2012-12-28,CURRENT_NSE_EQUITY_MASTER,0,PASS
NSE_ED3DAAB833BE,SUPREMEIND,2014-08-28,,1995-07-19,CURRENT_NSE_EQUITY_MASTER,0,PASS
NSE_ED601A410747,MARKSANS,2015-03-27,2018-09-28,2002-01-21,CURRENT_NSE_EQUITY_MASTER,0,PASS
NSE_ED9F5F2D6407,AIL,2014-08-28,2021-09-30,2000-04-19,CURRENT_NSE_EQUITY_MASTER,0,PASS
NSE_EEAD76022193,HERITGFOOD,2014-08-28,2016-04-01,1996-11-27,CURRENT_NSE_EQUITY_MASTER,0,PASS
NSE_EEAD76022193,HERITGFOOD,2017-09-29,2021-03-31,1996-11-27,CURRENT_NSE_EQUITY_MASTER,0,PASS
NSE_EF0E9934D1DE,FRL,2014-08-28,2015-12-14,2001-11-05,CURRENT_NSE_EQUITY_MASTER,0,PASS
NSE_EF6D6D99A518,INDIAMART,2019-12-27,,2019-07-04,CURRENT_NSE_EQUITY_MASTER,0,PASS
NSE_EFA321C47A4C,SPANDANA,2019-12-27,2020-09-25,2019-08-19,CURRENT_NSE_EQUITY_MASTER,0,PASS
NSE_EFA321C47A4C,SPANDANA,2021-03-31,2022-03-31,2019-08-19,CURRENT_NSE_EQUITY_MASTER,0,PASS
NSE_EFCAC85BC356,ZYDUSWELL,2014-08-28,2017-09-29,2013-01-01,FIRST_OBSERVED_PRICE_PROXY,0,PASS
NSE_EFCAC85BC356,ZYDUSWELL,2018-09-28,,2013-01-01,FIRST_OBSERVED_PRICE_PROXY,0,PASS
NSE_EFD7B6E7FD96,FMGOETZE,2014-08-28,2016-04-01,1995-02-08,CURRENT_NSE_EQUITY_MASTER,0,PASS
NSE_EFD7B6E7FD96,FMGOETZE,2017-03-31,2017-09-29,1995-02-08,CURRENT_NSE_EQUITY_MASTER,0,PASS
NSE_EFD7B6E7FD96,FMGOETZE,2019-09-27,2020-06-26,1995-02-08,CURRENT_NSE_EQUITY_MASTER,0,PASS
NSE_EFEED9FE6AF2,IDBI,2014-08-28,,1995-09-20,CURRENT_NSE_EQUITY_MASTER,0,PASS
NSE_F07C9B82EB42,TCNSBRANDS,2019-03-29,,2018-07-30,FIRST_OBSERVED_PRICE_PROXY,0,PASS
NSE_F08DF88997C8,REIAGROLTD,2014-08-28,2015-03-27,2013-01-01,FIRST_OBSERVED_PRICE_PROXY,0,PASS
NSE_F0AC6C0DF830,CENTURYTEX,2014-08-28,2018-12-28,2003-06-27,CURRENT_NSE_EQUITY_MASTER,0,PASS
NSE_F0AC6C0DF830,CENTURYTEX,2020-06-26,,2003-06-27,CURRENT_NSE_EQUITY_MASTER,0,PASS
NSE_F0C8DB46A2B5,FDC,2014-08-28,2017-09-29,1997-08-07,CURRENT_NSE_EQUITY_MASTER,0,PASS
NSE_F0C8DB46A2B5,FDC,2018-09-28,,1997-08-07,CURRENT_NSE_EQUITY_MASTER,0,PASS
NSE_F0FD06753A0C,PCJEWELLER,2016-04-01,2020-06-26,2013-01-01,FIRST_OBSERVED_PRICE_PROXY,0,PASS
NSE_F10717A1FD65,COX&KINGS,2014-08-28,2018-06-29,2013-01-01,FIRST_OBSERVED_PRICE_PROXY,0,PASS
NSE_F10717A1FD65,COX&KINGS,2019-03-29,2019-12-26,2013-01-01,FIRST_OBSERVED_PRICE_PROXY,0,PASS
NSE_F10BDBDE333C,SUNPHARMA,2014-08-28,,1995-02-08,CURRENT_NSE_EQUITY_MASTER,0,PASS
NSE_F10F8CF228CE,HEIDELBERG,2016-04-01,2022-03-31,1995-03-15,CURRENT_NSE_EQUITY_MASTER,0,PASS
NSE_F111BB4114FB,FCEL,2015-03-27,2021-09-30,2013-07-04,FIRST_OBSERVED_PRICE_PROXY,0,PASS
NSE_F161C38951CE,SRIPIPES,2015-09-28,2016-04-01,2013-01-01,FIRST_OBSERVED_PRICE_PROXY,0,PASS
NSE_F174B12EB9D7,PNCINFRA,2015-10-19,,2015-05-26,CURRENT_NSE_EQUITY_MASTER,0,PASS
NSE_F1D328AB5B2A,UTIAMC,2021-03-31,,2020-10-12,CURRENT_NSE_EQUITY_MASTER,0,PASS
NSE_F210221D2F17,PAPERPROD,2020-09-25,2021-09-30,2004-10-01,CURRENT_NSE_EQUITY_MASTER,0,PASS
NSE_F24EF99FB1C3,BHEL,2014-08-28,,2003-11-11,CURRENT_NSE_EQUITY_MASTER,0,PASS
NSE_F25DF5546A52,FINPIPE,2014-08-28,,1995-02-08,CURRENT_NSE_EQUITY_MASTER,0,PASS
NSE_F2B25E44F3E5,SMLISUZU,2016-04-01,2018-09-28,2003-08-29,CURRENT_NSE_EQUITY_MASTER,0,PASS
NSE_F2F6AF4ED925,NATCOPHARM,2015-05-29,,1995-12-27,CURRENT_NSE_EQUITY_MASTER,0,PASS
NSE_F36C11989984,BAJAJ-AUTO,2014-08-28,,2008-05-26,CURRENT_NSE_EQUITY_MASTER,0,PASS
NSE_F44F530FA95B,EIDPARRY,2014-08-28,,1995-05-10,CURRENT_NSE_EQUITY_MASTER,0,PASS
NSE_F4683ACDECE7,GODREJAGRO,2018-04-02,,2017-10-16,CURRENT_NSE_EQUITY_MASTER,0,PASS
NSE_F4684F40FA77,ULTRACEMCO,2014-08-28,,2004-08-24,CURRENT_NSE_EQUITY_MASTER,0,PASS
NSE_F495F6B08158,BAJAJCORP,2014-08-28,2022-03-31,2010-08-18,CURRENT_NSE_EQUITY_MASTER,0,PASS
NSE_F5B3E0E44D10,PRIVISCL,2022-03-31,2023-03-31,2015-05-08,CURRENT_NSE_EQUITY_MASTER,0,PASS
NSE_F5B77D59A62C,L&TFH,2014-08-28,,2011-08-12,CURRENT_NSE_EQUITY_MASTER,0,PASS
NSE_F639A82E6848,AWL,2022-09-30,,2022-02-08,CURRENT_NSE_EQUITY_MASTER,0,PASS
NSE_F6C28C2DB744,SUZLON,2014-08-28,,2005-10-19,CURRENT_NSE_EQUITY_MASTER,0,PASS
NSE_F6D9EDF646AC,VENKEYS,2014-08-28,2015-03-27,2003-07-28,CURRENT_NSE_EQUITY_MASTER,0,PASS
NSE_F6D9EDF646AC,VENKEYS,2018-09-28,2022-09-30,2003-07-28,CURRENT_NSE_EQUITY_MASTER,0,PASS
NSE_F7764D2643B0,NATIONALUM,2014-08-28,,1999-04-28,CURRENT_NSE_EQUITY_MASTER,0,PASS
NSE_F7ADAF13B60C,POWERGRID,2014-08-28,,2007-10-05,CURRENT_NSE_EQUITY_MASTER,0,PASS
NSE_F7B46E5369C2,SEQUENT,2016-09-30,2017-03-31,2016-03-10,CURRENT_NSE_EQUITY_MASTER,0,PASS
NSE_F7B46E5369C2,SEQUENT,2020-06-26,2022-09-30,2016-03-10,CURRENT_NSE_EQUITY_MASTER,0,PASS
NSE_F7F0978600C5,RECLTD,2014-08-28,,2008-03-12,CURRENT_NSE_EQUITY_MASTER,0,PASS
NSE_F7FF721279AE,PVR,2014-08-28,,2006-01-04,CURRENT_NSE_EQUITY_MASTER,0,PASS
NSE_F8512C975E62,SHK,2016-04-29,2020-06-26,2015-11-16,CURRENT_NSE_EQUITY_MASTER,0,PASS
NSE_F8D058616E86,UCOBANK,2014-08-28,2022-09-30,2003-10-09,CURRENT_NSE_EQUITY_MASTER,0,PASS
NSE_F8D058616E86,UCOBANK,2022-12-30,,2003-10-09,CURRENT_NSE_EQUITY_MASTER,0,PASS
NSE_F96D3907BEE7,IIFL,2014-08-28,2017-06-23,2005-05-17,CURRENT_NSE_EQUITY_MASTER,0,PASS
NSE_F96D3907BEE7,IIFL,2018-04-02,2018-12-28,2005-05-17,CURRENT_NSE_EQUITY_MASTER,0,PASS
NSE_F96D3907BEE7,IIFL,2019-09-27,,2005-05-17,CURRENT_NSE_EQUITY_MASTER,0,PASS
NSE_F9C58E6F4C7D,ANURAS,2021-09-30,,2021-03-24,CURRENT_NSE_EQUITY_MASTER,0,PASS
NSE_F9F670EF6794,ALOKTEXT,2014-08-28,2017-03-31,2013-01-01,FIRST_OBSERVED_PRICE_PROXY,0,PASS
NSE_FA3A03D8F627,SHOPERSTOP,2014-08-28,2017-03-31,2005-05-23,CURRENT_NSE_EQUITY_MASTER,0,PASS
NSE_FA3A03D8F627,SHOPERSTOP,2017-09-29,2021-09-30,2005-05-23,CURRENT_NSE_EQUITY_MASTER,0,PASS
NSE_FA3A03D8F627,SHOPERSTOP,2022-09-30,,2005-05-23,CURRENT_NSE_EQUITY_MASTER,0,PASS
NSE_FA96276A2517,SOMANYCERA,2016-04-01,2018-04-02,1995-11-22,CURRENT_NSE_EQUITY_MASTER,0,PASS
NSE_FB65F4DE6E54,OCL,2016-09-30,2017-01-23,2013-01-01,FIRST_OBSERVED_PRICE_PROXY,0,PASS
NSE_FBA9C5E2CF53,BRFL,2016-04-01,2017-03-31,2013-01-01,FIRST_OBSERVED_PRICE_PROXY,0,PASS
NSE_FBA9C5E2CF53,BRFL,2017-09-29,2018-09-28,2013-01-01,FIRST_OBSERVED_PRICE_PROXY,0,PASS
NSE_FC570F474E2F,CMC,2014-08-28,2015-03-27,2013-01-01,FIRST_OBSERVED_PRICE_PROXY,0,PASS
NSE_FD4A93ADA75B,BAJAJFINSV,2014-08-28,,2008-05-26,CURRENT_NSE_EQUITY_MASTER,0,PASS
NSE_FD6C3BA21716,NAVINFLUOR,2016-09-30,,2007-06-01,CURRENT_NSE_EQUITY_MASTER,0,PASS
NSE_FD70F2989DA1,VINATIORGA,2015-03-27,,2009-07-28,CURRENT_NSE_EQUITY_MASTER,0,PASS
NSE_FD88B4145E09,GMDCLTD,2014-08-28,2021-03-31,1997-12-17,CURRENT_NSE_EQUITY_MASTER,0,PASS
NSE_FE09ECEA2A1B,LODHA,2021-09-30,,2021-04-19,CURRENT_NSE_EQUITY_MASTER,0,PASS
NSE_FE37750EBD83,ABB,2014-08-28,2019-09-27,1995-02-08,CURRENT_NSE_EQUITY_MASTER,0,PASS
NSE_FE37750EBD83,ABB,2020-06-26,,1995-02-08,CURRENT_NSE_EQUITY_MASTER,0,PASS
NSE_FE83FC167F99,BLS,2023-03-31,,2016-06-14,CURRENT_NSE_EQUITY_MASTER,0,PASS
NSE_FEC6EA46148B,ASHIANA,2016-04-01,2016-09-30,2011-06-29,CURRENT_NSE_EQUITY_MASTER,0,PASS
NSE_FECEC1EAA0A3,SCI,2014-08-28,2019-09-27,1997-08-13,CURRENT_NSE_EQUITY_MASTER,0,PASS
NSE_FECEC1EAA0A3,SCI,2020-06-26,2022-12-30,1997-08-13,CURRENT_NSE_EQUITY_MASTER,0,PASS
NSE_FED8B098DEA5,GSKCONS,2014-08-28,2019-09-27,2013-01-01,FIRST_OBSERVED_PRICE_PROXY,0,PASS
NSE_FF6FC74E85C1,MINDTREE,2014-08-28,2022-09-30,2013-01-01,FIRST_OBSERVED_PRICE_PROXY,0,PASS
