left_isin,right_isin,old_symbol,new_symbol,effective_date,evidence,joined
INE144J01019,INE144J01027,20MICRONS,20MICRONS,2013-01-29,CONTIGUOUS_SAME_SYMBOL_ISIN_TRANSITION,True
INE466L01020,INE466L01038,360ONE,360ONE,2023-03-02,CONTIGUOUS_SAME_SYMBOL_ISIN_TRANSITION,True
INE382T01022,INE382T01030,4THDIM,4THDIM,2023-01-23,CONTIGUOUS_SAME_SYMBOL_ISIN_TRANSITION,True
INE650K01013,INE650K01021,8KMILES,8KMILES,2016-10-13,CONTIGUOUS_SAME_SYMBOL_ISIN_TRANSITION,True
INE087Z01016,INE087Z01024,AAKASH,AAKASH,2022-02-04,CONTIGUOUS_SAME_SYMBOL_ISIN_TRANSITION,True
INF209KB1O58,INF209KB17D5,ABSLBANETF,ABSLBANETF,2021-11-26,CONTIGUOUS_SAME_SYMBOL_ISIN_TRANSITION,True
INF209KB1B87,INF209KB16D7,ABSLNN50ET,ABSLNN50ET,2021-11-26,CONTIGUOUS_SAME_SYMBOL_ISIN_TRANSITION,True
INE648Z01015,INE648Z01023,ACCURACY,ACCURACY,2023-02-15,CONTIGUOUS_SAME_SYMBOL_ISIN_TRANSITION,True
INE517H01010,INE517H01028,ADVANTA,ADVANTA,2013-07-08,CONTIGUOUS_SAME_SYMBOL_ISIN_TRANSITION,True
INE837H01012,INE837H01020,ADVENZYMES,ADVENZYMES,2017-05-26,CONTIGUOUS_SAME_SYMBOL_ISIN_TRANSITION,True
INE208C01017,INE208C01025,AEGISCHEM,AEGISCHEM,2015-09-18,CONTIGUOUS_SAME_SYMBOL_ISIN_TRANSITION,True
INE00WC01019,INE00WC01027,AFFLE,AFFLE,2021-10-08,CONTIGUOUS_SAME_SYMBOL_ISIN_TRANSITION,True
INE031B01031,INE031B01049,AJANTPHARM,AJANTPHARM,2015-03-23,CONTIGUOUS_SAME_SYMBOL_ISIN_TRANSITION,True
INE820Y01013,INE820Y01021,AJOONI,AJOONI,2022-10-07,CONTIGUOUS_SAME_SYMBOL_ISIN_TRANSITION,True
INE914E01024,INE914E01032,ALANKIT,ALANKIT,2015-09-24,CONTIGUOUS_SAME_SYMBOL_ISIN_TRANSITION,True
INE914E01032,INE914E01040,ALANKIT,ALANKIT,2016-12-16,CONTIGUOUS_SAME_SYMBOL_ISIN_TRANSITION,True
INE150B01013,INE150B01021,ALKYLAMINE,ALKYLAMINE,2014-09-09,CONTIGUOUS_SAME_SYMBOL_ISIN_TRANSITION,True
INE150B01021,INE150B01039,ALKYLAMINE,ALKYLAMINE,2021-05-12,CONTIGUOUS_SAME_SYMBOL_ISIN_TRANSITION,True
INE098F01023,INE098F01031,AMRUTANJAN,AMRUTANJAN,2018-04-16,CONTIGUOUS_SAME_SYMBOL_ISIN_TRANSITION,True
INE715B01013,INE715B01021,ANDHRSUGAR,ANDHRSUGAR,2021-12-31,CONTIGUOUS_SAME_SYMBOL_ISIN_TRANSITION,True
INE116A01016,INE116A01024,APCOTEXIND,APCOTEXIND,2013-08-16,CONTIGUOUS_SAME_SYMBOL_ISIN_TRANSITION,True
INE116A01024,INE116A01032,APCOTEXIND,APCOTEXIND,2019-07-05,CONTIGUOUS_SAME_SYMBOL_ISIN_TRANSITION,True
INE702C01019,INE702C01027,APLAPOLLO,APLAPOLLO,2020-12-16,CONTIGUOUS_SAME_SYMBOL_ISIN_TRANSITION,True
INE451F01016,INE451F01024,APOLSINHOT,APOLSINHOT,2018-10-15,CONTIGUOUS_SAME_SYMBOL_ISIN_TRANSITION,True
INE574I01027,INE574I01035,ARCOTECH,ARCOTECH,2017-06-23,CONTIGUOUS_SAME_SYMBOL_ISIN_TRANSITION,True
INE420B01028,INE420B01036,ARIHANTCAP,ARIHANTCAP,2022-04-13,CONTIGUOUS_SAME_SYMBOL_ISIN_TRANSITION,True
INE025R01013,INE025R01021,ARTEMISMED,ARTEMISMED,2021-09-24,CONTIGUOUS_SAME_SYMBOL_ISIN_TRANSITION,True
INE365D01013,INE365D01021,ASHIANA,ASHIANA,2013-10-25,CONTIGUOUS_SAME_SYMBOL_ISIN_TRANSITION,True
INE442H01011,INE442H01029,ASHOKA,ASHOKA,2013-07-04,CONTIGUOUS_SAME_SYMBOL_ISIN_TRANSITION,True
INE021A01018,INE021A01026,ASIANPAINT,ASIANPAINT,2013-07-31,CONTIGUOUS_SAME_SYMBOL_ISIN_TRANSITION,True
INE006I01020,INE006I01038,ASTRAL,ASTRAL,2013-09-06,CONTIGUOUS_SAME_SYMBOL_ISIN_TRANSITION,True
INE006I01038,INE006I01046,ASTRAL,ASTRAL,2014-09-26,CONTIGUOUS_SAME_SYMBOL_ISIN_TRANSITION,True
INE446A01017,INE446A01025,ATLASCYCLE,ATLASCYCLE,2017-10-31,CONTIGUOUS_SAME_SYMBOL_ISIN_TRANSITION,True
INE951D01010,INE951D01028,ATULAUTO,ATULAUTO,2014-09-15,CONTIGUOUS_SAME_SYMBOL_ISIN_TRANSITION,True
INE871C01012,INE871C01020,AVANTIFEED,AVANTIFEED,2015-11-27,CONTIGUOUS_SAME_SYMBOL_ISIN_TRANSITION,True
INE871C01020,INE871C01038,AVANTIFEED,AVANTIFEED,2018-06-27,CONTIGUOUS_SAME_SYMBOL_ISIN_TRANSITION,True
INE238A01026,INE238A01034,AXISBANK,AXISBANK,2014-07-30,CONTIGUOUS_SAME_SYMBOL_ISIN_TRANSITION,True
INF846K01347,INF846K01W80,AXISGOLD,AXISGOLD,2020-07-27,CONTIGUOUS_SAME_SYMBOL_ISIN_TRANSITION,True
INF846K01ZL0,INF846K01W98,AXISNIFTY,AXISNIFTY,2020-07-27,CONTIGUOUS_SAME_SYMBOL_ISIN_TRANSITION,True
INE02EZ01014,INE02EZ01022,AXITA,AXITA,2022-10-21,CONTIGUOUS_SAME_SYMBOL_ISIN_TRANSITION,True
INE918I01018,INE918I01026,BAJAJFINSV,BAJAJFINSV,2022-09-14,CONTIGUOUS_SAME_SYMBOL_ISIN_TRANSITION,True
INE296A01016,INE296A01024,BAJFINANCE,BAJFINANCE,2016-09-09,CONTIGUOUS_SAME_SYMBOL_ISIN_TRANSITION,True
INE028A01013,INE028A01039,BANKBARODA,BANKBARODA,2015-01-23,CONTIGUOUS_SAME_SYMBOL_ISIN_TRANSITION,True
INF732E01078,INF204KB15I9,BANKBEES,BANKBEES,2019-12-20,CONTIGUOUS_SAME_SYMBOL_ISIN_TRANSITION,True
INE629D01012,INE629D01020,BANSWRAS,BANSWRAS,2022-09-09,CONTIGUOUS_SAME_SYMBOL_ISIN_TRANSITION,True
INE186H01014,INE186H01022,BASML,BASML,2021-02-15,CONTIGUOUS_SAME_SYMBOL_ISIN_TRANSITION,True
INE176A01010,INE176A01028,BATAINDIA,BATAINDIA,2015-10-08,CONTIGUOUS_SAME_SYMBOL_ISIN_TRANSITION,True
INE676A01019,INE676A01027,BBOX,BBOX,2022-05-17,CONTIGUOUS_SAME_SYMBOL_ISIN_TRANSITION,True
INE520H01014,INE520H01022,BEARDSELL,BEARDSELL,2017-05-05,CONTIGUOUS_SAME_SYMBOL_ISIN_TRANSITION,True
INE263A01016,INE263A01024,BEL,BEL,2017-03-17,CONTIGUOUS_SAME_SYMBOL_ISIN_TRANSITION,True
INE463A01020,INE463A01038,BERGEPAINT,BERGEPAINT,2015-01-09,CONTIGUOUS_SAME_SYMBOL_ISIN_TRANSITION,True
INE354C01019,INE354C01027,BHAGERIA,BHAGERIA,2016-10-27,CONTIGUOUS_SAME_SYMBOL_ISIN_TRANSITION,True
INE412U01017,INE412U01025,BIGBLOC,BIGBLOC,2021-11-16,CONTIGUOUS_SAME_SYMBOL_ISIN_TRANSITION,True
INE607L01011,INE607L01029,BILENERGY,BILENERGY,2013-03-28,CONTIGUOUS_SAME_SYMBOL_ISIN_TRANSITION,True
INE153T01019,INE153T01027,BLS,BLS,2017-04-27,CONTIGUOUS_SAME_SYMBOL_ISIN_TRANSITION,True
INE216A01022,INE216A01030,BRITANNIA,BRITANNIA,2018-11-30,CONTIGUOUS_SAME_SYMBOL_ISIN_TRANSITION,True
INE032Z01012,INE032Z01020,BSHSL,BSHSL,2022-09-26,CONTIGUOUS_SAME_SYMBOL_ISIN_TRANSITION,True
INF209K01HT2,INF209KB18D3,BSLGOLDETF,BSLGOLDETF,2021-11-26,CONTIGUOUS_SAME_SYMBOL_ISIN_TRANSITION,True
INE043K01011,INE043K01029,BSLIMITED,BSLIMITED,2014-01-22,CONTIGUOUS_SAME_SYMBOL_ISIN_TRANSITION,True
INF209K01IR4,INF209KB19D1,BSLNIFTY,BSLNIFTY,2021-11-26,CONTIGUOUS_SAME_SYMBOL_ISIN_TRANSITION,True
INF209KB1119,INF209KB10E8,BSLSENETFG,BSLSENETFG,2021-11-26,CONTIGUOUS_SAME_SYMBOL_ISIN_TRANSITION,True
INE010B01019,INE010B01027,CADILAHC,CADILAHC,2015-10-07,CONTIGUOUS_SAME_SYMBOL_ISIN_TRANSITION,True
INE477A01012,INE477A01020,CANFINHOME,CANFINHOME,2017-10-13,CONTIGUOUS_SAME_SYMBOL_ISIN_TRANSITION,True
INE475E01018,INE475E01026,CAPLIPOINT,CAPLIPOINT,2016-10-20,CONTIGUOUS_SAME_SYMBOL_ISIN_TRANSITION,True
INE421D01014,INE421D01022,CCL,CCL,2013-08-20,CONTIGUOUS_SAME_SYMBOL_ISIN_TRANSITION,True
INE486A01013,INE486A01021,CESC,CESC,2021-09-20,CONTIGUOUS_SAME_SYMBOL_ISIN_TRANSITION,True
INE180C01018,INE180C01026,CGCL,CGCL,2016-11-24,CONTIGUOUS_SAME_SYMBOL_ISIN_TRANSITION,True
INE121A01016,INE121A01024,CHOLAFIN,CHOLAFIN,2019-06-17,CONTIGUOUS_SAME_SYMBOL_ISIN_TRANSITION,True
INE201M01011,INE201M01029,CLEDUCATE,CLEDUCATE,2021-10-01,CONTIGUOUS_SAME_SYMBOL_ISIN_TRANSITION,True
INE070C01029,INE070C01037,COMPINFO,COMPINFO,2017-02-17,CONTIGUOUS_SAME_SYMBOL_ISIN_TRANSITION,True
INE111A01017,INE111A01025,CONCOR,CONCOR,2018-06-27,CONTIGUOUS_SAME_SYMBOL_ISIN_TRANSITION,True
INE558D01013,INE558D01021,CORALFINAC,CORALFINAC,2017-08-04,CONTIGUOUS_SAME_SYMBOL_ISIN_TRANSITION,True
INE112A01015,INE112A01023,CORPBANK,CORPBANK,2015-01-23,CONTIGUOUS_SAME_SYMBOL_ISIN_TRANSITION,True
INE818H01012,INE818H01020,DAAWAT,DAAWAT,2017-02-08,CONTIGUOUS_SAME_SYMBOL_ISIN_TRANSITION,True
INE497D01014,INE497D01022,DAMODARIND,DAMODARIND,2018-10-26,CONTIGUOUS_SAME_SYMBOL_ISIN_TRANSITION,True
INE688Y01014,INE688Y01022,DANGEE,DANGEE,2022-09-07,CONTIGUOUS_SAME_SYMBOL_ISIN_TRANSITION,True
INE583C01013,INE583C01021,DECCANCE,DECCANCE,2017-09-12,CONTIGUOUS_SAME_SYMBOL_ISIN_TRANSITION,True
INE288B01011,INE288B01029,DEEPAKNTR,DEEPAKNTR,2014-06-23,CONTIGUOUS_SAME_SYMBOL_ISIN_TRANSITION,True
INE060X01018,INE060X01026,DEVIT,DEVIT,2022-11-25,CONTIGUOUS_SAME_SYMBOL_ISIN_TRANSITION,True
INE456C01012,INE456C01020,DFMFOODS,DFMFOODS,2018-11-02,CONTIGUOUS_SAME_SYMBOL_ISIN_TRANSITION,True
INE935N01012,INE935N01020,DIXON,DIXON,2021-03-19,CONTIGUOUS_SAME_SYMBOL_ISIN_TRANSITION,True
INE325C01027,INE325C01035,DOLLAR,DOLLAR,2017-09-01,CONTIGUOUS_SAME_SYMBOL_ISIN_TRANSITION,True
INE03RS01019,INE03RS01027,DRCSYSTEMS,DRCSYSTEMS,2022-03-21,CONTIGUOUS_SAME_SYMBOL_ISIN_TRANSITION,True
INE366A01033,INE366A01041,DWARKESH,DWARKESH,2017-08-11,CONTIGUOUS_SAME_SYMBOL_ISIN_TRANSITION,True
INE07O001018,INE07O001026,EASEMYTRIP,EASEMYTRIP,2022-11-22,CONTIGUOUS_SAME_SYMBOL_ISIN_TRANSITION,True
INE066A01013,INE066A01021,EICHERMOT,EICHERMOT,2020-08-25,CONTIGUOUS_SAME_SYMBOL_ISIN_TRANSITION,True
INE688J01015,INE688J01023,EXCEL,EXCEL,2022-09-28,CONTIGUOUS_SAME_SYMBOL_ISIN_TRANSITION,True
INE045J01018,INE045J01026,FCL,FCL,2015-06-12,CONTIGUOUS_SAME_SYMBOL_ISIN_TRANSITION,True
INE171A01011,INE171A01029,FEDERALBNK,FEDERALBNK,2013-10-18,CONTIGUOUS_SAME_SYMBOL_ISIN_TRANSITION,True
INE816B01019,INE816B01027,FILATEX,FILATEX,2018-06-28,CONTIGUOUS_SAME_SYMBOL_ISIN_TRANSITION,True
INE816B01027,INE816B01035,FILATEX,FILATEX,2022-12-28,CONTIGUOUS_SAME_SYMBOL_ISIN_TRANSITION,True
INE183A01016,INE183A01024,FINPIPE,FINPIPE,2021-04-19,CONTIGUOUS_SAME_SYMBOL_ISIN_TRANSITION,True
INE036B01022,INE036B01030,GAEL,GAEL,2020-10-05,CONTIGUOUS_SAME_SYMBOL_ISIN_TRANSITION,True
INE482J01013,INE482J01021,GAL,GAL,2016-10-14,CONTIGUOUS_SAME_SYMBOL_ISIN_TRANSITION,True
INE528K01011,INE528K01029,GALLISPAT,GALLISPAT,2018-08-08,CONTIGUOUS_SAME_SYMBOL_ISIN_TRANSITION,True
INE691Z01015,INE691Z01023,GANGAFORGE,GANGAFORGE,2021-09-14,CONTIGUOUS_SAME_SYMBOL_ISIN_TRANSITION,True
INE336H01015,INE336H01023,GAYAPROJ,GAYAPROJ,2017-02-13,CONTIGUOUS_SAME_SYMBOL_ISIN_TRANSITION,True
INE291W01011,INE291W01029,GLOBAL,GLOBAL,2022-10-19,CONTIGUOUS_SAME_SYMBOL_ISIN_TRANSITION,True
INE581X01013,INE581X01021,GLOBE,GLOBE,2021-08-05,CONTIGUOUS_SAME_SYMBOL_ISIN_TRANSITION,True
INE260B01010,INE260B01028,GODFRYPHLP,GODFRYPHLP,2014-12-01,CONTIGUOUS_SAME_SYMBOL_ISIN_TRANSITION,True
INE925Y01010,INE925Y01036,GODHA,GODHA,2022-03-25,CONTIGUOUS_SAME_SYMBOL_ISIN_TRANSITION,True
INE484J01019,INE484J01027,GODREJPROP,GODREJPROP,2013-11-22,CONTIGUOUS_SAME_SYMBOL_ISIN_TRANSITION,True
INF732E01102,INF204KB17I5,GOLDBEES,GOLDBEES,2019-12-20,CONTIGUOUS_SAME_SYMBOL_ISIN_TRANSITION,True
INE025B01017,INE025B01025,GOLDIAM,GOLDIAM,2022-03-29,CONTIGUOUS_SAME_SYMBOL_ISIN_TRANSITION,True
INF789F01059,INF789F1AUX7,GOLDSHARE,GOLDSHARE,2021-03-26,CONTIGUOUS_SAME_SYMBOL_ISIN_TRANSITION,True
INE177H01013,INE177H01021,GPIL,GPIL,2021-10-27,CONTIGUOUS_SAME_SYMBOL_ISIN_TRANSITION,True
INE101D01012,INE101D01020,GRANULES,GRANULES,2015-03-24,CONTIGUOUS_SAME_SYMBOL_ISIN_TRANSITION,True
INE047A01013,INE047A01021,GRASIM,GRASIM,2016-10-07,CONTIGUOUS_SAME_SYMBOL_ISIN_TRANSITION,True
INE544R01013,INE544R01021,GREENLAM,GREENLAM,2022-02-11,CONTIGUOUS_SAME_SYMBOL_ISIN_TRANSITION,True
INE461C01020,INE461C01038,GREENPLY,GREENPLY,2016-01-07,CONTIGUOUS_SAME_SYMBOL_ISIN_TRANSITION,True
INE844O01022,INE844O01030,GUJGASLTD,GUJGASLTD,2019-01-16,CONTIGUOUS_SAME_SYMBOL_ISIN_TRANSITION,True
INE255D01016,INE255D01024,GULPOLY,GULPOLY,2016-12-28,CONTIGUOUS_SAME_SYMBOL_ISIN_TRANSITION,True
INE982F01028,INE982F01036,HATHWAY,HATHWAY,2015-01-07,CONTIGUOUS_SAME_SYMBOL_ISIN_TRANSITION,True
INE176B01026,INE176B01034,HAVELLS,HAVELLS,2014-08-27,CONTIGUOUS_SAME_SYMBOL_ISIN_TRANSITION,True
INE040A01026,INE040A01034,HDFCBANK,HDFCBANK,2019-09-20,CONTIGUOUS_SAME_SYMBOL_ISIN_TRANSITION,True
INF179K01CN1,INF179KC1981,HDFCMFGETF,HDFCMFGETF,2021-02-19,CONTIGUOUS_SAME_SYMBOL_ISIN_TRANSITION,True
INF179KB1KP3,INF179KC1965,HDFCNIFETF,HDFCNIFETF,2021-02-19,CONTIGUOUS_SAME_SYMBOL_ISIN_TRANSITION,True
INF179KB1KQ1,INF179KC1973,HDFCSENETF,HDFCSENETF,2021-02-19,CONTIGUOUS_SAME_SYMBOL_ISIN_TRANSITION,True
INE978A01019,INE978A01027,HERITGFOOD,HERITGFOOD,2017-10-11,CONTIGUOUS_SAME_SYMBOL_ISIN_TRANSITION,True
INE475B01014,INE475B01022,HIKAL,HIKAL,2015-03-02,CONTIGUOUS_SAME_SYMBOL_ISIN_TRANSITION,True
INE310C01011,INE310C01029,HINDCOMPOS,HINDCOMPOS,2017-05-26,CONTIGUOUS_SAME_SYMBOL_ISIN_TRANSITION,True
INE106T01017,INE106T01025,HITECH,HITECH,2023-03-17,CONTIGUOUS_SAME_SYMBOL_ISIN_TRANSITION,True
INE461D01010,INE461D01028,HLEGLAS,HLEGLAS,2022-10-19,CONTIGUOUS_SAME_SYMBOL_ISIN_TRANSITION,True
INE254N01018,INE254N01026,HNDFDS,HNDFDS,2022-07-22,CONTIGUOUS_SAME_SYMBOL_ISIN_TRANSITION,True
INF732E01227,INF204KB19I1,HNGSNGBEES,HNGSNGBEES,2019-12-20,CONTIGUOUS_SAME_SYMBOL_ISIN_TRANSITION,True
INF109KC1CZ3,INF109KC1V59,ICICI500,ICICI500,2021-10-29,CONTIGUOUS_SAME_SYMBOL_ISIN_TRANSITION,True
INE090A01013,INE090A01021,ICICIBANK,ICICIBANK,2014-12-05,CONTIGUOUS_SAME_SYMBOL_ISIN_TRANSITION,True
INF109KC1E27,INF109KC15I8,ICICIBANKN,ICICIBANKN,2022-09-02,CONTIGUOUS_SAME_SYMBOL_ISIN_TRANSITION,True
INF109KB1WF4,INF109KC1NT3,ICICIGOLD,ICICIGOLD,2018-11-16,CONTIGUOUS_SAME_SYMBOL_ISIN_TRANSITION,True
INF109KC1JI4,INF109KC1NS5,ICICINXT50,ICICINXT50,2018-11-16,CONTIGUOUS_SAME_SYMBOL_ISIN_TRANSITION,True
INF109KC1N67,INF109KC16I6,ICICITECH,ICICITECH,2022-09-02,CONTIGUOUS_SAME_SYMBOL_ISIN_TRANSITION,True
INE483B01018,INE483B01026,ICIL,ICIL,2016-11-15,CONTIGUOUS_SAME_SYMBOL_ISIN_TRANSITION,True
INE022Q01012,INE022Q01020,IEX,IEX,2018-10-22,CONTIGUOUS_SAME_SYMBOL_ISIN_TRANSITION,True
INE203G01019,INE203G01027,IGL,IGL,2017-11-10,CONTIGUOUS_SAME_SYMBOL_ISIN_TRANSITION,True
INF109K01FV4,INF109KB1WF4,IGOLD,IGOLD,2016-06-10,CONTIGUOUS_SAME_SYMBOL_ISIN_TRANSITION,True
INE092B01017,INE092B01025,INDNIPPON,INDNIPPON,2018-03-22,CONTIGUOUS_SAME_SYMBOL_ISIN_TRANSITION,True
INE611L01013,INE611L01021,INDTERRAIN,INDTERRAIN,2015-12-22,CONTIGUOUS_SAME_SYMBOL_ISIN_TRANSITION,True
INE483S01012,INE483S01020,INFIBEAM,INFIBEAM,2017-09-01,CONTIGUOUS_SAME_SYMBOL_ISIN_TRANSITION,True
INE804D01011,INE804D01029,INFODRIVE,INFODRIVE,2014-12-26,CONTIGUOUS_SAME_SYMBOL_ISIN_TRANSITION,True
INE418N01027,INE418N01035,INTEGRA,INTEGRA,2022-02-07,CONTIGUOUS_SAME_SYMBOL_ISIN_TRANSITION,True
INE878H01016,INE878H01024,INVENTURE,INVENTURE,2021-06-25,CONTIGUOUS_SAME_SYMBOL_ISIN_TRANSITION,True
INE571A01020,INE571A01038,IPCALAB,IPCALAB,2022-01-11,CONTIGUOUS_SAME_SYMBOL_ISIN_TRANSITION,True
INE821I01014,INE821I01022,IRB,IRB,2023-02-22,CONTIGUOUS_SAME_SYMBOL_ISIN_TRANSITION,True
INE962Y01013,INE962Y01021,IRCON,IRCON,2020-04-08,CONTIGUOUS_SAME_SYMBOL_ISIN_TRANSITION,True
INE335Y01012,INE335Y01020,IRCTC,IRCTC,2021-10-29,CONTIGUOUS_SAME_SYMBOL_ISIN_TRANSITION,True
INE686A01018,INE686A01026,ITDCEM,ITDCEM,2015-08-24,CONTIGUOUS_SAME_SYMBOL_ISIN_TRANSITION,True
INE168A01017,INE168A01041,J&KBANK,J&KBANK,2014-09-05,CONTIGUOUS_SAME_SYMBOL_ISIN_TRANSITION,True
INE039C01016,INE039C01024,JAMNAAUTO,JAMNAAUTO,2015-12-04,CONTIGUOUS_SAME_SYMBOL_ISIN_TRANSITION,True
INE039C01024,INE039C01032,JAMNAAUTO,JAMNAAUTO,2017-10-06,CONTIGUOUS_SAME_SYMBOL_ISIN_TRANSITION,True
INE927D01010,INE927D01028,JBMA,JBMA,2014-10-09,CONTIGUOUS_SAME_SYMBOL_ISIN_TRANSITION,True
INE927D01028,INE927D01044,JBMA,JBMA,2022-02-22,CONTIGUOUS_SAME_SYMBOL_ISIN_TRANSITION,True
INE982V01017,INE982V01025,JETFREIGHT,JETFREIGHT,2022-05-20,CONTIGUOUS_SAME_SYMBOL_ISIN_TRANSITION,True
INE247D01013,INE247D01021,JINDWORLD,JINDWORLD,2017-12-27,CONTIGUOUS_SAME_SYMBOL_ISIN_TRANSITION,True
INE247D01021,INE247D01039,JINDWORLD,JINDWORLD,2018-11-01,CONTIGUOUS_SAME_SYMBOL_ISIN_TRANSITION,True
INE576I01014,INE576I01022,JKIL,JKIL,2015-12-11,CONTIGUOUS_SAME_SYMBOL_ISIN_TRANSITION,True
INE573A01034,INE573A01042,JKTYRE,JKTYRE,2014-12-19,CONTIGUOUS_SAME_SYMBOL_ISIN_TRANSITION,True
INE412C01015,INE412C01023,JMA,JMA,2019-05-15,CONTIGUOUS_SAME_SYMBOL_ISIN_TRANSITION,True
INE890A01016,INE890A01024,JMCPROJECT,JMCPROJECT,2018-10-05,CONTIGUOUS_SAME_SYMBOL_ISIN_TRANSITION,True
INE988E01010,INE988E01028,JMTAUTOLTD,JMTAUTOLTD,2015-06-26,CONTIGUOUS_SAME_SYMBOL_ISIN_TRANSITION,True
INE988E01028,INE988E01036,JMTAUTOLTD,JMTAUTOLTD,2016-09-22,CONTIGUOUS_SAME_SYMBOL_ISIN_TRANSITION,True
INE019A01020,INE019A01038,JSWSTEEL,JSWSTEEL,2017-01-05,CONTIGUOUS_SAME_SYMBOL_ISIN_TRANSITION,True
INE797F01012,INE797F01020,JUBLFOOD,JUBLFOOD,2022-04-20,CONTIGUOUS_SAME_SYMBOL_ISIN_TRANSITION,True
INE217B01028,INE217B01036,KAJARIACER,KAJARIACER,2016-10-05,CONTIGUOUS_SAME_SYMBOL_ISIN_TRANSITION,True
INE531A01016,INE531A01024,KANSAINER,KANSAINER,2015-03-27,CONTIGUOUS_SAME_SYMBOL_ISIN_TRANSITION,True
INE278R01018,INE278R01026,KARDA,KARDA,2020-07-03,CONTIGUOUS_SAME_SYMBOL_ISIN_TRANSITION,True
INE278R01026,INE278R01034,KARDA,KARDA,2021-08-13,CONTIGUOUS_SAME_SYMBOL_ISIN_TRANSITION,True
INE036D01010,INE036D01028,KARURVYSYA,KARURVYSYA,2016-11-18,CONTIGUOUS_SAME_SYMBOL_ISIN_TRANSITION,True
INE634I01011,INE634I01029,KNRCON,KNRCON,2016-12-14,CONTIGUOUS_SAME_SYMBOL_ISIN_TRANSITION,True
INF373I01015,INF373I01049,KOTAKGOLD,KOTAKGOLD,2015-04-15,CONTIGUOUS_SAME_SYMBOL_ISIN_TRANSITION,True
INF373I01049,INF174KA1HJ8,KOTAKGOLD,KOTAKGOLD,2021-07-23,CONTIGUOUS_SAME_SYMBOL_ISIN_TRANSITION,True
INF174K01518,INF174K014P6,KOTAKNIFTY,KOTAKNIFTY,2017-07-28,CONTIGUOUS_SAME_SYMBOL_ISIN_TRANSITION,True
INE930H01015,INE930H01023,KPRMILL,KPRMILL,2016-11-30,CONTIGUOUS_SAME_SYMBOL_ISIN_TRANSITION,True
INE930H01023,INE930H01031,KPRMILL,KPRMILL,2021-09-27,CONTIGUOUS_SAME_SYMBOL_ISIN_TRANSITION,True
INE00Z501011,INE00Z501029,KRITIKA,KRITIKA,2022-08-30,CONTIGUOUS_SAME_SYMBOL_ISIN_TRANSITION,True
INE455I01011,INE455I01029,KSCL,KSCL,2014-01-28,CONTIGUOUS_SAME_SYMBOL_ISIN_TRANSITION,True
INE216D01018,INE216D01026,KSERASERA,KSERASERA,2015-03-31,CONTIGUOUS_SAME_SYMBOL_ISIN_TRANSITION,True
INE013801019,INE013801027,KSHITIJPOL,KSHITIJPOL,2022-10-27,CONTIGUOUS_SAME_SYMBOL_ISIN_TRANSITION,True
INE096L01017,INE096L01025,KTIL,KTIL,2016-08-12,CONTIGUOUS_SAME_SYMBOL_ISIN_TRANSITION,True
INE529I01013,INE529I01021,KUANTUM,KUANTUM,2020-07-15,CONTIGUOUS_SAME_SYMBOL_ISIN_TRANSITION,True
INE112F01014,INE112F01022,LAMBODHARA,LAMBODHARA,2015-10-16,CONTIGUOUS_SAME_SYMBOL_ISIN_TRANSITION,True
INE359U01010,INE359U01028,LANCER,LANCER,2022-12-16,CONTIGUOUS_SAME_SYMBOL_ISIN_TRANSITION,True
INE059D01012,INE059D01020,LAOPALA,LAOPALA,2014-09-25,CONTIGUOUS_SAME_SYMBOL_ISIN_TRANSITION,True
INE947Q01010,INE947Q01028,LAURUSLABS,LAURUSLABS,2020-09-30,CONTIGUOUS_SAME_SYMBOL_ISIN_TRANSITION,True
INE060901019,INE060901027,LIKHITHA,LIKHITHA,2022-12-02,CONTIGUOUS_SAME_SYMBOL_ISIN_TRANSITION,True
INE872H01019,INE872H01027,LUMAXTECH,LUMAXTECH,2018-06-08,CONTIGUOUS_SAME_SYMBOL_ISIN_TRANSITION,True
INE150G01012,INE150G01020,LUXIND,LUXIND,2016-06-07,CONTIGUOUS_SAME_SYMBOL_ISIN_TRANSITION,True
INE774D01016,INE774D01024,M&MFIN,M&MFIN,2013-02-18,CONTIGUOUS_SAME_SYMBOL_ISIN_TRANSITION,True
INF247L01015,INF247L01536,M50,M50,2014-10-17,CONTIGUOUS_SAME_SYMBOL_ISIN_TRANSITION,True
INE949H01015,INE949H01023,MANINFRA,MANINFRA,2014-09-01,CONTIGUOUS_SAME_SYMBOL_ISIN_TRANSITION,True
INE182D01012,INE182D01020,MARATHON,MARATHON,2018-04-06,CONTIGUOUS_SAME_SYMBOL_ISIN_TRANSITION,True
INE01JE01010,INE01JE01028,MARINE,MARINE,2021-02-22,CONTIGUOUS_SAME_SYMBOL_ISIN_TRANSITION,True
INE040D01012,INE040D01038,MAYURUNIQ,MAYURUNIQ,2013-09-26,CONTIGUOUS_SAME_SYMBOL_ISIN_TRANSITION,True
INE854D01016,INE854D01024,MCDOWELL-N,MCDOWELL-N,2018-06-18,CONTIGUOUS_SAME_SYMBOL_ISIN_TRANSITION,True
INE630Y01016,INE630Y01024,MEDICO,MEDICO,2023-03-16,CONTIGUOUS_SAME_SYMBOL_ISIN_TRANSITION,True
INE071D01025,INE071D01033,MENONBE,MENONBE,2015-04-10,CONTIGUOUS_SAME_SYMBOL_ISIN_TRANSITION,True
INE0APB01016,INE0APB01024,MGEL,MGEL,2022-08-19,CONTIGUOUS_SAME_SYMBOL_ISIN_TRANSITION,True
INE842C01013,INE842C01021,MINDACORP,MINDACORP,2015-01-06,CONTIGUOUS_SAME_SYMBOL_ISIN_TRANSITION,True
INE405E01015,INE405E01023,MINDAIND,MINDAIND,2016-09-14,CONTIGUOUS_SAME_SYMBOL_ISIN_TRANSITION,True
INE514Y01012,INE514Y01020,MOKSH,MOKSH,2021-07-15,CONTIGUOUS_SAME_SYMBOL_ISIN_TRANSITION,True
INE893J01011,INE893J01029,MOLDTKPAC,MOLDTKPAC,2016-02-18,CONTIGUOUS_SAME_SYMBOL_ISIN_TRANSITION,True
INF247L01BA3,INF247L01BL0,MOLOWVOL,MOLOWVOL,2022-08-12,CONTIGUOUS_SAME_SYMBOL_ISIN_TRANSITION,True
INF247L01AX7,INF247L01BK2,MOMOMENTUM,MOMOMENTUM,2022-08-12,CONTIGUOUS_SAME_SYMBOL_ISIN_TRANSITION,True
INF247L01031,INF247L01AP3,MON100,MON100,2021-06-18,CONTIGUOUS_SAME_SYMBOL_ISIN_TRANSITION,True
INE861B01015,INE861B01023,MOTOGENFIN,MOTOGENFIN,2020-06-22,CONTIGUOUS_SAME_SYMBOL_ISIN_TRANSITION,True
INE987B01018,INE987B01026,NATCOPHARM,NATCOPHARM,2015-11-27,CONTIGUOUS_SAME_SYMBOL_ISIN_TRANSITION,True
INE048G01018,INE048G01026,NAVINFLUOR,NAVINFLUOR,2017-07-20,CONTIGUOUS_SAME_SYMBOL_ISIN_TRANSITION,True
INE095N01015,INE095N01023,NBCC,NBCC,2016-06-03,CONTIGUOUS_SAME_SYMBOL_ISIN_TRANSITION,True
INE095N01023,INE095N01031,NBCC,NBCC,2018-04-26,CONTIGUOUS_SAME_SYMBOL_ISIN_TRANSITION,True
INE365I01012,INE365I01020,NBIFIN,NBIFIN,2017-12-08,CONTIGUOUS_SAME_SYMBOL_ISIN_TRANSITION,True
INE317F01027,INE317F01035,NESCO,NESCO,2017-09-18,CONTIGUOUS_SAME_SYMBOL_ISIN_TRANSITION,True
INF204KA17D8,INF204KB18I3,NETFNV20,NETFNV20,2019-12-20,CONTIGUOUS_SAME_SYMBOL_ISIN_TRANSITION,True
INF732E01011,INF204KB14I2,NIFTYBEES,NIFTYBEES,2019-12-20,CONTIGUOUS_SAME_SYMBOL_ISIN_TRANSITION,True
INE567A01010,INE567A01028,NIPPOBATRY,NIPPOBATRY,2021-10-29,CONTIGUOUS_SAME_SYMBOL_ISIN_TRANSITION,True
INE840Y01011,INE840Y01029,ONEPOINT,ONEPOINT,2022-01-19,CONTIGUOUS_SAME_SYMBOL_ISIN_TRANSITION,True
INE06IR01013,INE06IR01021,OSIAHYPER,OSIAHYPER,2023-03-13,CONTIGUOUS_SAME_SYMBOL_ISIN_TRANSITION,True
INE420C01042,INE420C01059,PAISALO,PAISALO,2022-07-01,CONTIGUOUS_SAME_SYMBOL_ISIN_TRANSITION,True
INE305C01011,INE305C01029,PANAMAPET,PANAMAPET,2014-09-22,CONTIGUOUS_SAME_SYMBOL_ISIN_TRANSITION,True
INE602A01023,INE602A01031,PCBL,PCBL,2022-04-12,CONTIGUOUS_SAME_SYMBOL_ISIN_TRANSITION,True
INE111Q01013,INE111Q01021,PDSL,PDSL,2022-08-29,CONTIGUOUS_SAME_SYMBOL_ISIN_TRANSITION,True
INE602A01015,INE602A01023,PHILIPCARB,PHILIPCARB,2018-04-20,CONTIGUOUS_SAME_SYMBOL_ISIN_TRANSITION,True
INE603J01022,INE603J01030,PIIND,PIIND,2013-04-15,CONTIGUOUS_SAME_SYMBOL_ISIN_TRANSITION,True
INE600A01027,INE600A01035,PILITA,PILITA,2016-08-25,CONTIGUOUS_SAME_SYMBOL_ISIN_TRANSITION,True
INE450D01013,INE450D01021,PITTILAM,PITTILAM,2015-04-17,CONTIGUOUS_SAME_SYMBOL_ISIN_TRANSITION,True
INE160A01014,INE160A01022,PNB,PNB,2014-12-19,CONTIGUOUS_SAME_SYMBOL_ISIN_TRANSITION,True
INE195J01011,INE195J01029,PNCINFRA,PNCINFRA,2016-08-16,CONTIGUOUS_SAME_SYMBOL_ISIN_TRANSITION,True
INE637C01017,INE637C01025,POKARNA,POKARNA,2017-10-23,CONTIGUOUS_SAME_SYMBOL_ISIN_TRANSITION,True
INE205C01013,INE205C01021,POLYMED,POLYMED,2015-02-03,CONTIGUOUS_SAME_SYMBOL_ISIN_TRANSITION,True
INE696K01016,INE696K01024,PRAKASHSTL,PRAKASHSTL,2016-03-04,CONTIGUOUS_SAME_SYMBOL_ISIN_TRANSITION,True
INE372C01011,INE372C01029,PRECWIRE,PRECWIRE,2016-03-22,CONTIGUOUS_SAME_SYMBOL_ISIN_TRANSITION,True
INE372C01029,INE372C01037,PRECWIRE,PRECWIRE,2021-12-23,CONTIGUOUS_SAME_SYMBOL_ISIN_TRANSITION,True
INF732E01110,INF204KB16I7,PSUBNKBEES,PSUBNKBEES,2019-12-20,CONTIGUOUS_SAME_SYMBOL_ISIN_TRANSITION,True
INE034D01031,INE034D01049,PTL,PTL,2021-12-24,CONTIGUOUS_SAME_SYMBOL_ISIN_TRANSITION,True
INF082J01010,INF082J01408,QGOLDHALF,QGOLDHALF,2021-12-17,CONTIGUOUS_SAME_SYMBOL_ISIN_TRANSITION,True
INE919I01016,INE919I01024,RADIOCITY,RADIOCITY,2019-02-21,CONTIGUOUS_SAME_SYMBOL_ISIN_TRANSITION,True
INE00KV01014,INE00KV01022,RAJMET,RAJMET,2022-11-30,CONTIGUOUS_SAME_SYMBOL_ISIN_TRANSITION,True
INE451D01011,INE451D01029,RAJRATAN,RAJRATAN,2022-03-16,CONTIGUOUS_SAME_SYMBOL_ISIN_TRANSITION,True
INE533D01016,INE533D01024,RAJRAYON,RAJRAYON,2013-03-05,CONTIGUOUS_SAME_SYMBOL_ISIN_TRANSITION,True
INE952H01019,INE952H01027,RAJTV,RAJTV,2014-03-26,CONTIGUOUS_SAME_SYMBOL_ISIN_TRANSITION,True
INE230R01019,INE230R01027,RAMASTEEL,RAMASTEEL,2016-03-15,CONTIGUOUS_SAME_SYMBOL_ISIN_TRANSITION,True
INE230R01027,INE230R01035,RAMASTEEL,RAMASTEEL,2022-08-26,CONTIGUOUS_SAME_SYMBOL_ISIN_TRANSITION,True
INE904G01020,INE904G01038,RASOYPR,RASOYPR,2013-03-22,CONTIGUOUS_SAME_SYMBOL_ISIN_TRANSITION,True
INE131B01021,INE131B01039,RELAXO,RELAXO,2013-11-25,CONTIGUOUS_SAME_SYMBOL_ISIN_TRANSITION,True
INE722H01016,INE722H01024,RGL,RGL,2022-07-20,CONTIGUOUS_SAME_SYMBOL_ISIN_TRANSITION,True
INE399G01015,INE399G01023,RKFORGE,RKFORGE,2022-03-15,CONTIGUOUS_SAME_SYMBOL_ISIN_TRANSITION,True
INE165B01011,INE165B01029,RSSOFTWARE,RSSOFTWARE,2015-01-22,CONTIGUOUS_SAME_SYMBOL_ISIN_TRANSITION,True
INE411H01024,INE411H01032,RSYSTEMS,RSYSTEMS,2014-02-28,CONTIGUOUS_SAME_SYMBOL_ISIN_TRANSITION,True
INE229C01013,INE229C01021,SAGCEM,SAGCEM,2021-08-20,CONTIGUOUS_SAME_SYMBOL_ISIN_TRANSITION,True
INE667G01015,INE667G01023,SAKSOFT,SAKSOFT,2022-09-26,CONTIGUOUS_SAME_SYMBOL_ISIN_TRANSITION,True
INE190H01016,INE190H01024,SAKUMA,SAKUMA,2018-11-13,CONTIGUOUS_SAME_SYMBOL_ISIN_TRANSITION,True
INE170V01019,INE170V01027,SALASAR,SALASAR,2022-06-28,CONTIGUOUS_SAME_SYMBOL_ISIN_TRANSITION,True
INE979A01017,INE979A01025,SAREGAMA,SAREGAMA,2022-04-27,CONTIGUOUS_SAME_SYMBOL_ISIN_TRANSITION,True
INE453D01017,INE453D01025,SARLAPOLY,SARLAPOLY,2015-10-30,CONTIGUOUS_SAME_SYMBOL_ISIN_TRANSITION,True
INE170E01015,INE170E01023,SATIA,SATIA,2019-10-16,CONTIGUOUS_SAME_SYMBOL_ISIN_TRANSITION,True
INE04AK01010,INE04AK01028,SBC,SBC,2022-02-23,CONTIGUOUS_SAME_SYMBOL_ISIN_TRANSITION,True
INE062A01012,INE062A01020,SBIN,SBIN,2014-11-21,CONTIGUOUS_SAME_SYMBOL_ISIN_TRANSITION,True
INE513A01014,INE513A01022,SCHAEFFLER,SCHAEFFLER,2022-02-09,CONTIGUOUS_SAME_SYMBOL_ISIN_TRANSITION,True
INE480C01012,INE480C01020,SDBL,SDBL,2020-10-16,CONTIGUOUS_SAME_SYMBOL_ISIN_TRANSITION,True
INE782X01017,INE782X01025,SERVOTECH,SERVOTECH,2023-02-03,CONTIGUOUS_SAME_SYMBOL_ISIN_TRANSITION,True
INE630A01016,INE630A01024,SESHAPAPER,SESHAPAPER,2019-08-20,CONTIGUOUS_SAME_SYMBOL_ISIN_TRANSITION,True
INF200K01099,INF200KA16D8,SETFGOLD,SETFGOLD,2022-01-07,CONTIGUOUS_SAME_SYMBOL_ISIN_TRANSITION,True
INE597I01010,INE597I01028,SHARDAMOTR,SHARDAMOTR,2021-04-19,CONTIGUOUS_SAME_SYMBOL_ISIN_TRANSITION,True
INE028B01011,INE028B01029,SHARONBIO,SHARONBIO,2014-02-21,CONTIGUOUS_SAME_SYMBOL_ISIN_TRANSITION,True
INE790G01023,INE790G01031,SHILPAMED,SHILPAMED,2015-11-09,CONTIGUOUS_SAME_SYMBOL_ISIN_TRANSITION,True
INE637H01016,INE637H01024,SHIVAMAUTO,SHIVAMAUTO,2014-10-31,CONTIGUOUS_SAME_SYMBOL_ISIN_TRANSITION,True
INE715Y01015,INE715Y01023,SHRADHA,SHRADHA,2023-01-20,CONTIGUOUS_SAME_SYMBOL_ISIN_TRANSITION,True
INE632X01022,INE632X01030,SHRENIK,SHRENIK,2020-10-09,CONTIGUOUS_SAME_SYMBOL_ISIN_TRANSITION,True
INE529F01019,INE529F01027,SIGNET,SIGNET,2015-08-19,CONTIGUOUS_SAME_SYMBOL_ISIN_TRANSITION,True
INE285J01010,INE285J01028,SIS,SIS,2020-01-16,CONTIGUOUS_SAME_SYMBOL_ISIN_TRANSITION,True
INE076B01010,INE076B01028,SIYSIL,SIYSIL,2017-10-26,CONTIGUOUS_SAME_SYMBOL_ISIN_TRANSITION,True
INE812G01017,INE812G01025,SMSPHARMA,SMSPHARMA,2015-12-18,CONTIGUOUS_SAME_SYMBOL_ISIN_TRANSITION,True
INE343H01011,INE343H01029,SOLARINDS,SOLARINDS,2016-07-14,CONTIGUOUS_SAME_SYMBOL_ISIN_TRANSITION,True
INE035D01012,INE035D01020,SOTL,SOTL,2022-09-02,CONTIGUOUS_SAME_SYMBOL_ISIN_TRANSITION,True
INE943B01011,INE943B01029,SOUISPAT,SOUISPAT,2014-09-23,CONTIGUOUS_SAME_SYMBOL_ISIN_TRANSITION,True
INE663A01025,INE663A01033,SPLPETRO,SPLPETRO,2023-01-06,CONTIGUOUS_SAME_SYMBOL_ISIN_TRANSITION,True
INE268L01012,INE268L01020,SPYL,SPYL,2013-04-12,CONTIGUOUS_SAME_SYMBOL_ISIN_TRANSITION,True
INE802C01017,INE802C01025,SSWL,SSWL,2021-11-22,CONTIGUOUS_SAME_SYMBOL_ISIN_TRANSITION,True
INE802C01025,INE802C01033,SSWL,SSWL,2022-11-11,CONTIGUOUS_SAME_SYMBOL_ISIN_TRANSITION,True
INE503B01013,INE503B01021,STEELXIND,STEELXIND,2022-07-13,CONTIGUOUS_SAME_SYMBOL_ISIN_TRANSITION,True
INE334A01015,INE334A01023,STERTOOLS,STERTOOLS,2017-01-10,CONTIGUOUS_SAME_SYMBOL_ISIN_TRANSITION,True
INE659A01015,INE659A01023,SUDARSCHEM,SUDARSCHEM,2014-10-07,CONTIGUOUS_SAME_SYMBOL_ISIN_TRANSITION,True
INE305H01010,INE305H01028,SUNILHITEC,SUNILHITEC,2016-12-02,CONTIGUOUS_SAME_SYMBOL_ISIN_TRANSITION,True
INE805D01026,INE805D01034,SUNTECK,SUNTECK,2017-07-26,CONTIGUOUS_SAME_SYMBOL_ISIN_TRANSITION,True
INE319Z01013,INE319Z01021,SUPREMEENG,SUPREMEENG,2022-03-04,CONTIGUOUS_SAME_SYMBOL_ISIN_TRANSITION,True
INE272L01014,INE272L01022,SURANASOL,SURANASOL,2014-11-26,CONTIGUOUS_SAME_SYMBOL_ISIN_TRANSITION,True
INE130B01023,INE130B01031,SURANAT&P,SURANAT&P,2014-11-26,CONTIGUOUS_SAME_SYMBOL_ISIN_TRANSITION,True
INE645H01019,INE645H01027,SUTLEJTEX,SUTLEJTEX,2017-09-27,CONTIGUOUS_SAME_SYMBOL_ISIN_TRANSITION,True
INE665A01020,INE665A01038,SWANENERGY,SWANENERGY,2014-02-04,CONTIGUOUS_SAME_SYMBOL_ISIN_TRANSITION,True
INE493A01019,INE493A01027,TATACOFFEE,TATACOFFEE,2015-01-27,CONTIGUOUS_SAME_SYMBOL_ISIN_TRANSITION,True
INE081A01012,INE081A01020,TATASTEEL,TATASTEEL,2022-07-29,CONTIGUOUS_SAME_SYMBOL_ISIN_TRANSITION,True
INE419M01019,INE419M01027,TDPOWERSYS,TDPOWERSYS,2022-11-01,CONTIGUOUS_SAME_SYMBOL_ISIN_TRANSITION,True
INE669C01028,INE669C01036,TECHM,TECHM,2015-03-20,CONTIGUOUS_SAME_SYMBOL_ISIN_TRANSITION,True
INE484C01014,INE484C01022,TIDEWATER,TIDEWATER,2016-03-17,CONTIGUOUS_SAME_SYMBOL_ISIN_TRANSITION,True
INE484C01022,INE484C01030,TIDEWATER,TIDEWATER,2021-07-27,CONTIGUOUS_SAME_SYMBOL_ISIN_TRANSITION,True
INE338A01016,INE338A01024,TIRUMALCHM,TIRUMALCHM,2018-08-16,CONTIGUOUS_SAME_SYMBOL_ISIN_TRANSITION,True
INE319Y01016,INE319Y01024,TIRUPATIFL,TIRUPATIFL,2021-10-08,CONTIGUOUS_SAME_SYMBOL_ISIN_TRANSITION,True
INE413G01014,INE413G01022,TPLPLASTEH,TPLPLASTEH,2022-10-20,CONTIGUOUS_SAME_SYMBOL_ISIN_TRANSITION,True
INE849A01012,INE849A01020,TRENT,TRENT,2016-09-14,CONTIGUOUS_SAME_SYMBOL_ISIN_TRANSITION,True
INE064C01014,INE064C01022,TRIDENT,TRIDENT,2019-12-16,CONTIGUOUS_SAME_SYMBOL_ISIN_TRANSITION,True
INE763I01018,INE763I01026,TRIL,TRIL,2017-09-29,CONTIGUOUS_SAME_SYMBOL_ISIN_TRANSITION,True
INE690A01010,INE690A01028,TTKPRESTIG,TTKPRESTIG,2021-12-15,CONTIGUOUS_SAME_SYMBOL_ISIN_TRANSITION,True
INE615H01012,INE615H01020,TWL,TWL,2015-04-24,CONTIGUOUS_SAME_SYMBOL_ISIN_TRANSITION,True
INE950G01015,INE950G01023,UNIPLY,UNIPLY,2018-06-26,CONTIGUOUS_SAME_SYMBOL_ISIN_TRANSITION,True
INF789F1AUN8,INF789F1AUV1,UTIBANKETF,UTIBANKETF,2021-02-19,CONTIGUOUS_SAME_SYMBOL_ISIN_TRANSITION,True
INF789FC1N82,INF789F1AUW9,UTINEXT50,UTINEXT50,2021-03-26,CONTIGUOUS_SAME_SYMBOL_ISIN_TRANSITION,True
INF789F1AHR6,INF789F1AUU3,UTISXN50,UTISXN50,2021-02-19,CONTIGUOUS_SAME_SYMBOL_ISIN_TRANSITION,True
INE884A01019,INE884A01027,VAIBHAVGBL,VAIBHAVGBL,2021-05-10,CONTIGUOUS_SAME_SYMBOL_ISIN_TRANSITION,True
INE098201028,INE098201036,VCL,VCL,2023-02-15,CONTIGUOUS_SAME_SYMBOL_ISIN_TRANSITION,True
INE951I01019,INE951I01027,VGUARD,VGUARD,2016-08-31,CONTIGUOUS_SAME_SYMBOL_ISIN_TRANSITION,True
INE159N01019,INE159N01027,VIJIFIN,VIJIFIN,2016-10-26,CONTIGUOUS_SAME_SYMBOL_ISIN_TRANSITION,True
INE806A01012,INE806A01020,VIKASGLOB,VIKASGLOB,2014-03-31,CONTIGUOUS_SAME_SYMBOL_ISIN_TRANSITION,True
INE410B01029,INE410B01037,VINATIORGA,VINATIORGA,2020-02-06,CONTIGUOUS_SAME_SYMBOL_ISIN_TRANSITION,True
INE01KI01019,INE01KI01027,VINNY,VINNY,2023-02-27,CONTIGUOUS_SAME_SYMBOL_ISIN_TRANSITION,True
INE861A01017,INE861A01058,VISESHINFO,VISESHINFO,2013-01-04,CONTIGUOUS_SAME_SYMBOL_ISIN_TRANSITION,True
INE270I01014,INE270I01022,VISHNU,VISHNU,2023-01-13,CONTIGUOUS_SAME_SYMBOL_ISIN_TRANSITION,True
INE430N01014,INE430N01022,VISHWARAJ,VISHWARAJ,2021-10-22,CONTIGUOUS_SAME_SYMBOL_ISIN_TRANSITION,True
INE526G01013,INE526G01021,VIVIMEDLAB,VIVIMEDLAB,2016-04-07,CONTIGUOUS_SAME_SYMBOL_ISIN_TRANSITION,True
INE213M01016,INE213M01024,VKSPL,VKSPL,2013-02-28,CONTIGUOUS_SAME_SYMBOL_ISIN_TRANSITION,True
INE825A01012,INE825A01020,VTL,VTL,2022-03-25,CONTIGUOUS_SAME_SYMBOL_ISIN_TRANSITION,True
INE192B01023,INE192B01031,WELSPUNIND,WELSPUNIND,2016-03-22,CONTIGUOUS_SAME_SYMBOL_ISIN_TRANSITION,True
INE528G01019,INE528G01027,YESBANK,YESBANK,2017-09-22,CONTIGUOUS_SAME_SYMBOL_ISIN_TRANSITION,True
INE528G01027,INE528G01035,YESBANK,YESBANK,2020-03-16,CONTIGUOUS_SAME_SYMBOL_ISIN_TRANSITION,True
INE520A01019,INE520A01027,ZENSARTECH,ZENSARTECH,2018-09-10,CONTIGUOUS_SAME_SYMBOL_ISIN_TRANSITION,True
INE466L01020,INE466L01020,IIFLWAM,360ONE,2023-01-23,OFFICIAL_SYMBOL_CHANGE,False
INE105C01023,INE105C01023,PDUMJEIND,3PLAND,2018-05-04,OFFICIAL_SYMBOL_CHANGE,False
INE111B01023,INE111B01023,FINANTECH,63MOONS,2017-01-19,OFFICIAL_SYMBOL_CHANGE,False
INE619I01012,INE619I01012,A2ZMES,A2ZINFRA,2014-12-31,OFFICIAL_SYMBOL_CHANGE,False
INE181G01025,INE181G01025,GAMMNINFRA,AJRINFRA,2021-08-16,OFFICIAL_SYMBOL_CHANGE,False
INE435A01028,INE435A01028,IPAPPM,ANDPAPER,2020-01-22,OFFICIAL_SYMBOL_CHANGE,False
INE435A01028,INE435A01028,APPAPER,IPAPPM,2014-01-21,OFFICIAL_SYMBOL_CHANGE,False
INE435A01028,INE435A01028,ANDPAPER,ANDHRAPAP,2020-03-05,OFFICIAL_SYMBOL_CHANGE,False
INE555B01013,INE555B01013,AXIS-IT&T,AXISCADES,2014-10-08,OFFICIAL_SYMBOL_CHANGE,False
INE193B01039,INE193B01039,WELSYNTEX,AYMSYNTEX,2016-02-03,OFFICIAL_SYMBOL_CHANGE,False
INE399L01023,INE399L01023,ADANIGAS,ATGL,2021-01-13,OFFICIAL_SYMBOL_CHANGE,False
INE647O01011,INE647O01011,PFRL,ABFRL,2016-01-29,OFFICIAL_SYMBOL_CHANGE,False
INE737B01033,INE737B01033,SPHEREGSL,ADROITINFO,2018-04-19,OFFICIAL_SYMBOL_CHANGE,False
INE606A01024,INE606A01024,PDUMJEPULP,AMJLAND,2018-01-19,OFFICIAL_SYMBOL_CHANGE,False
INE732I01013,INE732I01013,ANGELBRKG,ANGELONE,2021-11-11,OFFICIAL_SYMBOL_CHANGE,False
INE570D01018,INE570D01018,ARROWCOAT,ARROWGREEN,2016-05-11,OFFICIAL_SYMBOL_CHANGE,False
INE034S01021,INE034S01021,ARVINFRA,ARVSMART,2016-12-05,OFFICIAL_SYMBOL_CHANGE,False
INE898S01029,INE898S01029,MAJESCO,AURUM,2021-10-22,OFFICIAL_SYMBOL_CHANGE,False
INE618N01014,INE618N01014,ANANDAMRUB,BALAXI,2017-09-27,OFFICIAL_SYMBOL_CHANGE,False
INE836A01035,INE836A01035,KPIT,BSOFT,2019-02-26,OFFICIAL_SYMBOL_CHANGE,False
INE666D01022,INE666D01022,BOROSIL,BORORENEW,2020-02-20,OFFICIAL_SYMBOL_CHANGE,False
INE933K01021,INE933K01021,BAJAJCORP,BAJAJCON,2019-01-15,OFFICIAL_SYMBOL_CHANGE,False
INE875R01011,INE875R01011,NIRVIKARA,BALKRISHNA,2016-09-06,OFFICIAL_SYMBOL_CHANGE,False
INE180K01011,INE180K01011,SKSMICRO,BHARATFIN,2016-07-01,OFFICIAL_SYMBOL_CHANGE,False
INE673G01013,INE673G01013,BHARTISHIP,BHARATIDIL,2016-02-26,OFFICIAL_SYMBOL_CHANGE,False
INE800A01015,INE800A01015,BIRLAERIC,BIRLACABLE,2016-09-26,OFFICIAL_SYMBOL_CHANGE,False
INE831Q01016,INE831Q01016,MANAKINDST,BKMINDST,2017-11-23,OFFICIAL_SYMBOL_CHANGE,False
INE676A01019,INE676A01019,AGCNET,BBOX,2021-12-03,OFFICIAL_SYMBOL_CHANGE,False
INE425B01027,INE425B01027,LYCOS,BCG,2018-10-08,OFFICIAL_SYMBOL_CHANGE,False
INE482D01024,INE482D01024,ACRYSIL,CARYSIL,2022-11-18,OFFICIAL_SYMBOL_CHANGE,False
INE067A01029,INE067A01029,CROMPGREAV,CGPOWER,2017-03-08,OFFICIAL_SYMBOL_CHANGE,False
INE757A01017,INE757A01017,COSMOFILMS,COSMOFIRST,2022-07-25,OFFICIAL_SYMBOL_CHANGE,False
INE180C01018,INE180C01018,MMFSL,CGCL,2013-08-05,OFFICIAL_SYMBOL_CHANGE,False
INE068D01021,INE068D01021,AMTEKINDIA,CASTEXTECH,2015-06-11,OFFICIAL_SYMBOL_CHANGE,False
INE149A01033,INE149A01033,TIFIN,CHOLAHLDNG,2019-04-09,OFFICIAL_SYMBOL_CHANGE,False
INE704H01022,INE704H01022,CINEPRO,CINELINE,2013-08-23,OFFICIAL_SYMBOL_CHANGE,False
INE591G01017,INE591G01017,NIITTECH,COFORGE,2020-08-20,OFFICIAL_SYMBOL_CHANGE,False
INE559D01011,INE559D01011,SHARRESLTD,CREST,2014-10-16,OFFICIAL_SYMBOL_CHANGE,False
INE136B01020,INE136B01020,INFOTECENT,CYIENT,2014-05-22,OFFICIAL_SYMBOL_CHANGE,False
INE503A01015,INE503A01015,DCB,DCBBANK,2014-01-15,OFFICIAL_SYMBOL_CHANGE,False
INE499A01024,INE499A01024,DCMSRMCONS,DCMSHRIRAM,2014-03-13,OFFICIAL_SYMBOL_CHANGE,False
INE677H01012,INE677H01012,DEEPIND,DEEPENR,2020-09-30,OFFICIAL_SYMBOL_CHANGE,False
INE726L01019,INE726L01019,WEIZFOREX,EBIXFOREX,2020-03-20,OFFICIAL_SYMBOL_CHANGE,False
INE726L01019,INE726L01019,EBIXFOREX,DELPHIFX,2021-09-01,OFFICIAL_SYMBOL_CHANGE,False
INE505A01010,INE505A01010,DHARAMSI,DMCC,2022-11-02,OFFICIAL_SYMBOL_CHANGE,False
INE439L01019,INE439L01019,DALMIABEL,DALMIABHA,2013-01-09,OFFICIAL_SYMBOL_CHANGE,False
INE200F01017,INE200F01017,SHRINATRAJ,DALMIAREF,2014-05-22,OFFICIAL_SYMBOL_CHANGE,False
INE274G01010,INE274G01010,IBVENTURES,DHANI,2020-10-28,OFFICIAL_SYMBOL_CHANGE,False
INE274G01010,INE274G01010,IBSEC,IBVENTURES,2015-04-01,OFFICIAL_SYMBOL_CHANGE,False
INE477B01010,INE477B01010,DPTL,DPL,2014-11-12,OFFICIAL_SYMBOL_CHANGE,False
INE477B01010,INE477B01010,DPL,DVL,2019-01-02,OFFICIAL_SYMBOL_CHANGE,False
INE927C01020,INE927C01020,SPICEMOBI,DIGISPICE,2019-08-28,OFFICIAL_SYMBOL_CHANGE,False
INE927C01020,INE927C01020,SMOBILITY,SPICEMOBI,2014-08-19,OFFICIAL_SYMBOL_CHANGE,False
INE966A01022,INE966A01022,DOLAT,DOLATALGO,2021-12-20,OFFICIAL_SYMBOL_CHANGE,False
INE928K01013,INE928K01013,AANJANEYA,DRDATSONS,2013-09-02,OFFICIAL_SYMBOL_CHANGE,False
INE741L01018,INE741L01018,DYNATECH,DUCON,2016-05-11,OFFICIAL_SYMBOL_CHANGE,False
INE311H01018,INE311H01018,MUDRA,ELAND,2015-03-13,OFFICIAL_SYMBOL_CHANGE,False
INE255A01020,INE255A01020,ESSELPACK,EPL,2020-10-19,OFFICIAL_SYMBOL_CHANGE,False
INE778K01012,INE778K01012,EMAMIINFRA,EMAMIREAL,2018-11-15,OFFICIAL_SYMBOL_CHANGE,False
INE217G01035,INE217G01035,PROINDIA,EQUIPPP,2021-11-30,OFFICIAL_SYMBOL_CHANGE,False
INE688J01015,INE688J01015,EXCELINFO,EXCEL,2015-05-05,OFFICIAL_SYMBOL_CHANGE,False
INE201K01015,INE201K01015,THINKSOFT,SQSBFSI,2014-09-30,OFFICIAL_SYMBOL_CHANGE,False
INE201K01015,INE201K01015,SQSBFSI,EXPLEOSOL,2019-05-02,OFFICIAL_SYMBOL_CHANGE,False
INE249C01011,INE249C01011,FEDDERLOYD,FEDDERELEC,2017-06-13,OFFICIAL_SYMBOL_CHANGE,False
INE220J01025,INE220J01025,FCEL,FCONSUMER,2016-10-25,OFFICIAL_SYMBOL_CHANGE,False
INE220J01025,INE220J01025,FVIL,FCEL,2013-10-17,OFFICIAL_SYMBOL_CHANGE,False
INE623B01027,INE623B01027,FRL,FEL,2016-05-13,OFFICIAL_SYMBOL_CHANGE,False
IN9623B01058,IN9623B01058,FRLDVR,FELDVR,2016-05-13,OFFICIAL_SYMBOL_CHANGE,False
INE623B01027,INE623B01027,PANTALOONR,FRL,2013-04-11,OFFICIAL_SYMBOL_CHANGE,False
IN9623B01058,IN9623B01058,PRETAILDVR,FRLDVR,2013-04-11,OFFICIAL_SYMBOL_CHANGE,False
INE087J01028,INE087J01028,MIL,GBGLOBAL,2019-09-09,OFFICIAL_SYMBOL_CHANGE,False
INE878A01011,INE878A01011,AIL,GEPIL,2016-09-14,OFFICIAL_SYMBOL_CHANGE,False
INE200A01026,INE200A01026,ALSTOMT&D,GET&D,2016-09-14,OFFICIAL_SYMBOL_CHANGE,False
INE538A01037,INE538A01037,GUJFLUORO,GFLLIMITED,2019-07-25,OFFICIAL_SYMBOL_CHANGE,False
INE077F01035,INE077F01035,GULFCORP,GOCLCORP,2015-11-10,OFFICIAL_SYMBOL_CHANGE,False
INE586G01017,INE586G01017,SAHPETRO,GULFPETRO,2015-05-06,OFFICIAL_SYMBOL_CHANGE,False
INE276A01018,INE276A01018,GARWALLROP,GARFIBRES,2018-08-13,OFFICIAL_SYMBOL_CHANGE,False
INE007B01023,INE007B01023,GEOJITBNPP,GEOJITFSL,2017-03-02,OFFICIAL_SYMBOL_CHANGE,False
INE102A01024,INE102A01024,HOTELEELA,HLVLTD,2020-01-08,OFFICIAL_SYMBOL_CHANGE,False
INE415A01038,INE415A01038,HSIL,AGI,2022-05-11,OFFICIAL_SYMBOL_CHANGE,False
INE759V01019,INE759V01019,TMRVL,HEADSUP,2022-07-18,OFFICIAL_SYMBOL_CHANGE,False
INE019C01026,INE019C01026,HCIL,HSCL,2016-08-16,OFFICIAL_SYMBOL_CHANGE,False
INE05AN01011,INE05AN01011,SHIL,HINDWAREAP,2022-06-21,OFFICIAL_SYMBOL_CHANGE,False
INE120D01012,INE120D01012,HITECHPLAS,HITECHCORP,2017-05-23,OFFICIAL_SYMBOL_CHANGE,False
INE275B01026,INE275B01026,PAPERPROD,HUHTAMAKI,2020-11-26,OFFICIAL_SYMBOL_CHANGE,False
INF109KC1E27,INF109KC1E27,IPRU5008,ICICIBANKN,2019-07-19,OFFICIAL_SYMBOL_CHANGE,False
INF109KB1WF4,INF109KB1WF4,IGOLD,GOLDIWIN,2016-07-25,OFFICIAL_SYMBOL_CHANGE,False
INF109KB1WF4,INF109KB1WF4,GOLDIWIN,ICICIGOLD,2018-04-10,OFFICIAL_SYMBOL_CHANGE,False
INF109K01FV4,INF109K01FV4,IPGETF,IGOLD,2014-05-05,OFFICIAL_SYMBOL_CHANGE,False
INF109KB1XT3,INF109KB1XT3,IMIDCAP,MIDCAPIWIN,2016-07-25,OFFICIAL_SYMBOL_CHANGE,False
INF109KB1XT3,INF109KB1XT3,MIDCAPIWIN,ICICIMCAP,2018-04-10,OFFICIAL_SYMBOL_CHANGE,False
INF109KB15Y7,INF109KB15Y7,BHARATIWIN,ICICIB22,2018-04-19,OFFICIAL_SYMBOL_CHANGE,False
INF109KB1WY5,INF109KB1WY5,INV20,NV20IWIN,2016-07-25,OFFICIAL_SYMBOL_CHANGE,False
INF109KB1WY5,INF109KB1WY5,NV20IWIN,ICICINV20,2018-04-10,OFFICIAL_SYMBOL_CHANGE,False
INF109KA1962,INF109KA1962,ICNX100,NIF100IWIN,2016-07-25,OFFICIAL_SYMBOL_CHANGE,False
INF109KA1962,INF109KA1962,NIF100IWIN,ICICINF100,2018-04-10,OFFICIAL_SYMBOL_CHANGE,False
INF109KA1962,INF109KA1962,ICCNX100,ICNX100,2014-05-05,OFFICIAL_SYMBOL_CHANGE,False
INF109K012R6,INF109K012R6,INIFTY,NIFTYIWIN,2016-07-25,OFFICIAL_SYMBOL_CHANGE,False
INF109K012R6,INF109K012R6,NIFTYIWIN,ICICINIFTY,2018-04-10,OFFICIAL_SYMBOL_CHANGE,False
INF109K012R6,INF109K012R6,NIFETF,INIFTY,2014-05-05,OFFICIAL_SYMBOL_CHANGE,False
INF109KB10T8,INF109KB10T8,LOWVOLIWIN,ICICILOVOL,2018-04-10,OFFICIAL_SYMBOL_CHANGE,False
INF346A01034,INF346A01034,ISENSEX,SENSEXIWIN,2016-07-25,OFFICIAL_SYMBOL_CHANGE,False
INF346A01034,INF346A01034,SPICE,ISENSEX,2014-08-18,OFFICIAL_SYMBOL_CHANGE,False
INF346A01034,INF346A01034,SENSEXIWIN,ICICISENSX,2018-04-10,OFFICIAL_SYMBOL_CHANGE,False
INE092T01019,INE092T01019,IDFCBANK,IDFCFIRSTB,2019-01-16,OFFICIAL_SYMBOL_CHANGE,False
INE530B01024,INE530B01024,INDIAINFO,IIFL,2014-03-13,OFFICIAL_SYMBOL_CHANGE,False
INE452L01012,INE452L01012,ADHUNIKIND,INCREDIBLE,2021-05-20,OFFICIAL_SYMBOL_CHANGE,False
INE189B01011,INE189B01011,STYABS,INEOSSTYRO,2016-04-04,OFFICIAL_SYMBOL_CHANGE,False
INE848A01014,INE848A01014,LOGIXMICRO,IZMO,2015-05-15,OFFICIAL_SYMBOL_CHANGE,False
INE172N01012,INE172N01012,ADLABS,IMAGICAA,2020-04-22,OFFICIAL_SYMBOL_CHANGE,False
INE121J01017,INE121J01017,INFRATEL,INDUSTOWER,2020-12-18,OFFICIAL_SYMBOL_CHANGE,False
INE020G01017,INE020G01017,AFL,INSPIRISYS,2018-10-12,OFFICIAL_SYMBOL_CHANGE,False
INF205K01361,INF205K01361,RELIGAREGO,IVZINGOLD,2016-06-23,OFFICIAL_SYMBOL_CHANGE,False
INF205K01DA9,INF205K01DA9,RELGRNIFTY,IVZINNIFTY,2016-06-23,OFFICIAL_SYMBOL_CHANGE,False
INE824G01012,INE824G01012,JINDALSWHL,JSWHL,2013-07-30,OFFICIAL_SYMBOL_CHANGE,False
INE743C01021,INE743C01021,AIONJSW,JSWISPL,2020-10-12,OFFICIAL_SYMBOL_CHANGE,False
INE391J01024,INE391J01024,JTLINFRA,JTLIND,2022-11-21,OFFICIAL_SYMBOL_CHANGE,False
INE782A01015,INE782A01015,HITACHIHOM,JCHAC,2016-09-12,OFFICIAL_SYMBOL_CHANGE,False
INE643A01035,INE643A01035,SONASTEER,JTEKTINDIA,2018-04-23,OFFICIAL_SYMBOL_CHANGE,False
INE700A01033,INE700A01033,JUBILANT,JUBLPHARMA,2021-02-12,OFFICIAL_SYMBOL_CHANGE,False
INE209L01016,INE209L01016,CEBBCO,JWL,2022-06-20,OFFICIAL_SYMBOL_CHANGE,False
INE278R01034,INE278R01034,KARDA,KBCGLOBAL,2021-12-16,OFFICIAL_SYMBOL_CHANGE,False
INE542W01017,INE542W01017,KPIGLOBAL,KPIGREEN,2022-04-27,OFFICIAL_SYMBOL_CHANGE,False
INE390H01012,INE390H01012,KIL,KAMDHENU,2016-03-18,OFFICIAL_SYMBOL_CHANGE,False
INE681C01015,INE681C01015,KEYCORPSER,KEYFINSERV,2019-05-03,OFFICIAL_SYMBOL_CHANGE,False
INF174K01Z71,INF174K01Z71,KTKNV20ETF,KOTAKNV20,2015-12-21,OFFICIAL_SYMBOL_CHANGE,False
INE999A01015,INE999A01015,KSBPUMPS,KSB,2018-10-23,OFFICIAL_SYMBOL_CHANGE,False
INE245C01019,INE245C01019,LLOYDELENG,LEEL,2017-06-19,OFFICIAL_SYMBOL_CHANGE,False
INF767K01OS7,INF767K01OS7,LICNFENGP,LICNETFN50,2015-12-30,OFFICIAL_SYMBOL_CHANGE,False
INF767K01MV5,INF767K01MV5,LICNMFET,LICNETFGSC,2015-12-30,OFFICIAL_SYMBOL_CHANGE,False
INE214T01019,INE214T01019,LTI,LTIM,2022-12-05,OFFICIAL_SYMBOL_CHANGE,False
INE802B01019,INE802B01019,LINCPEN,LINC,2021-12-20,OFFICIAL_SYMBOL_CHANGE,False
INE473A01011,INE473A01011,BOC,LINDEINDIA,2013-04-10,OFFICIAL_SYMBOL_CHANGE,False
INE737D01021,INE737D01021,MODISNME,MODISONLTD,2022-08-16,OFFICIAL_SYMBOL_CHANGE,False
INE536H01010,INE536H01010,MAHINDFORG,MAHINDCIE,2013-12-17,OFFICIAL_SYMBOL_CHANGE,False
INE180A01020,INE180A01020,MAX,MFSL,2016-02-26,OFFICIAL_SYMBOL_CHANGE,False
INE425A01011,INE425A01011,AHMEDFORGE,METALFORGE,2015-06-01,OFFICIAL_SYMBOL_CHANGE,False
INE313D01013,INE313D01013,MOHOTAMILL,MOHOTAIND,2017-12-26,OFFICIAL_SYMBOL_CHANGE,False
INE313D01013,INE313D01013,RAIREKMOH,MOHOTAMILL,2017-08-01,OFFICIAL_SYMBOL_CHANGE,False
INF247L01AK4,INF247L01AK4,G5,MOGSEC,2021-06-16,OFFICIAL_SYMBOL_CHANGE,False
INF247L01023,INF247L01023,M100,MOM100,2021-06-16,OFFICIAL_SYMBOL_CHANGE,False
INF247L01536,INF247L01536,M50,MOM50,2021-06-16,OFFICIAL_SYMBOL_CHANGE,False
INF247L01031,INF247L01031,N100,MON100,2021-06-16,OFFICIAL_SYMBOL_CHANGE,False
INE295D01020,INE295D01020,NAGAAGRI,NACLIND,2017-09-29,OFFICIAL_SYMBOL_CHANGE,False
INE725A01022,INE725A01022,NBVENTURES,NAVA,2022-07-29,OFFICIAL_SYMBOL_CHANGE,False
INF204KA1LD7,INF204KA1LD7,RELCONS,NETFCONSUM,2019-10-30,OFFICIAL_SYMBOL_CHANGE,False
INF204KA1LD7,INF204KA1LD7,NETFCONSUM,CONSUMBEES,2022-05-10,OFFICIAL_SYMBOL_CHANGE,False
INF204K014N5,INF204K014N5,RELCNX100,NETFNIF100,2019-10-30,OFFICIAL_SYMBOL_CHANGE,False
INF204K014N5,INF204K014N5,NETFNIF100,NIF100BEES,2022-05-10,OFFICIAL_SYMBOL_CHANGE,False
INF204KB1V68,INF204KB1V68,RETFMID150,NETFMID150,2019-10-30,OFFICIAL_SYMBOL_CHANGE,False
INF204KB1V68,INF204KB1V68,NETFMID150,MID150BEES,2022-05-10,OFFICIAL_SYMBOL_CHANGE,False
INF204KB18I3,INF204KB18I3,NETFNV20,NV20BEES,2022-05-10,OFFICIAL_SYMBOL_CHANGE,False
INE589A01014,INE589A01014,NEYVELILIG,NLCINDIA,2016-08-04,OFFICIAL_SYMBOL_CHANGE,False
INE353A01023,INE353A01023,HINDUJAVEN,NXTDIGITAL,2019-11-11,OFFICIAL_SYMBOL_CHANGE,False
INE875G01030,INE875G01030,NANDANEXIM,NDL,2013-11-21,OFFICIAL_SYMBOL_CHANGE,False
INE060A01024,INE060A01024,NAVNETPUBL,NAVNETEDUL,2013-09-19,OFFICIAL_SYMBOL_CHANGE,False
INE333I01036,INE333I01036,SUJANATWR,NTL,2017-02-17,OFFICIAL_SYMBOL_CHANGE,False
INF204KC1022,INF204KC1022,NETFSDL26,SDL26BEES,2022-05-10,OFFICIAL_SYMBOL_CHANGE,False
INF204KC1030,INF204KC1030,NETFGILT5Y,GILT5YBEES,2022-05-10,OFFICIAL_SYMBOL_CHANGE,False
INF204KC1337,INF204KC1337,NETFAUTO,AUTOBEES,2022-05-10,OFFICIAL_SYMBOL_CHANGE,False
INF204KC1089,INF204KC1089,NETFPHARMA,PHARMABEES,2022-05-10,OFFICIAL_SYMBOL_CHANGE,False
INF204KC1402,INF204KC1402,NETFSILVER,SILVERBEES,2022-05-10,OFFICIAL_SYMBOL_CHANGE,False
INF204KB18W4,INF204KB18W4,NCPSESDL24,SDL24BEES,2022-05-10,OFFICIAL_SYMBOL_CHANGE,False
INE298J01013,INE298J01013,RNAM,NAM-INDIA,2020-01-23,OFFICIAL_SYMBOL_CHANGE,False
INF204KB15V2,INF204KB15V2,NETFIT,ITBEES,2022-05-10,OFFICIAL_SYMBOL_CHANGE,False
INE141B01020,INE141B01020,MVLIND,NOESISIND,2014-06-04,OFFICIAL_SYMBOL_CHANGE,False
INE239D01028,INE239D01028,OMMETALS,OMINFRAL,2021-02-10,OFFICIAL_SYMBOL_CHANGE,False
INE260D01016,INE260D01016,GOLDINFRA,OLECTRA,2018-07-26,OFFICIAL_SYMBOL_CHANGE,False
INE191A01019,INE191A01019,ORCHIDCHEM,ORCHIDPHAR,2015-12-21,OFFICIAL_SYMBOL_CHANGE,False
INE600A01027,INE600A01027,PILIND,PILITA,2015-09-03,OFFICIAL_SYMBOL_CHANGE,False
INE420C01042,INE420C01042,SEINV,PAISALO,2018-01-24,OFFICIAL_SYMBOL_CHANGE,False
INE218G01017,INE218G01017,FOURSOFT,PALRED,2014-01-16,OFFICIAL_SYMBOL_CHANGE,False
INE455B01016,INE455B01016,HALONIX,PHOENIXLL,2013-10-30,OFFICIAL_SYMBOL_CHANGE,False
INE122J01015,INE122J01015,PIRLIFE,PIRPHYTO,2013-10-23,OFFICIAL_SYMBOL_CHANGE,False
INE450D01021,INE450D01021,PITTILAM,PITTIENG,2018-06-06,OFFICIAL_SYMBOL_CHANGE,False
INE511C01022,INE511C01022,MAGMA,POONAWALLA,2021-08-05,OFFICIAL_SYMBOL_CHANGE,False
INE980A01023,INE980A01023,NUCENT,PRESSMN,2013-09-11,OFFICIAL_SYMBOL_CHANGE,False
INE010A01011,INE010A01011,PRISMCEM,PRSMJOHNSN,2018-05-04,OFFICIAL_SYMBOL_CHANGE,False
INE959A01019,INE959A01019,ADI,FAIRCHEM,2017-01-19,OFFICIAL_SYMBOL_CHANGE,False
INE959A01019,INE959A01019,FAIRCHEM,PRIVISCL,2020-10-14,OFFICIAL_SYMBOL_CHANGE,False
INE199A01012,INE199A01012,MERCK,PGHL,2019-06-11,OFFICIAL_SYMBOL_CHANGE,False
INE217G01027,INE217G01027,GREENFIRE,PROSEED,2018-07-18,OFFICIAL_SYMBOL_CHANGE,False
INE195N01013,INE195N01013,PROZONECSC,PROZONINTU,2014-10-07,OFFICIAL_SYMBOL_CHANGE,False
INE743M01012,INE743M01012,ORIENTREF,RHIM,2021-07-22,OFFICIAL_SYMBOL_CHANGE,False
INE425Y01011,INE425Y01011,CESCVENT,RPSGVENT,2021-02-01,OFFICIAL_SYMBOL_CHANGE,False
INE855B01025,INE855B01025,RAINCOM,RAIN,2013-08-23,OFFICIAL_SYMBOL_CHANGE,False
INE834M01019,INE834M01019,IBIPL,RTNINFRA,2014-11-20,OFFICIAL_SYMBOL_CHANGE,False
INE834M01019,INE834M01019,RTNINFRA,RTNINDIA,2021-04-07,OFFICIAL_SYMBOL_CHANGE,False
INE399K01017,INE399K01017,IBPOW,RTNPOWER,2014-11-20,OFFICIAL_SYMBOL_CHANGE,False
INE542F01012,INE542F01012,RDEL,RNAVAL,2017-09-18,OFFICIAL_SYMBOL_CHANGE,False
INE542F01012,INE542F01012,PIPAVAVDOC,RDEL,2016-03-18,OFFICIAL_SYMBOL_CHANGE,False
INE722H01016,INE722H01016,RJL,RGL,2019-04-08,OFFICIAL_SYMBOL_CHANGE,False
INF200K01099,INF200K01099,SBIGETS,SETFGOLD,2015-11-24,OFFICIAL_SYMBOL_CHANGE,False
INF200KA1FS1,INF200KA1FS1,SETFNIFTY,SETFNIF50,2015-11-24,OFFICIAL_SYMBOL_CHANGE,False
INF200KA1580,INF200KA1580,SETFBANK,SETFNIFBK,2015-11-24,OFFICIAL_SYMBOL_CHANGE,False
INF200KA1598,INF200KA1598,SETFNIFJR,SETFNN50,2015-11-24,OFFICIAL_SYMBOL_CHANGE,False
INE650K01021,INE650K01021,8KMILES,SECURKLOUD,2021-01-20,OFFICIAL_SYMBOL_CHANGE,False
INE429F01012,INE429F01012,HORIZONINF,SKIL,2014-03-24,OFFICIAL_SYMBOL_CHANGE,False
INE034H01016,INE034H01016,STOREONE,SORILINFRA,2017-01-10,OFFICIAL_SYMBOL_CHANGE,False
INE756B01017,INE756B01017,SHIV-VANI,SVOGL,2015-10-23,OFFICIAL_SYMBOL_CHANGE,False
INE775A01035,INE775A01035,MOTHERSUMI,MOTHERSON,2022-06-09,OFFICIAL_SYMBOL_CHANGE,False
INE019J01013,INE019J01013,MICROSEC,SASTASUNDR,2016-11-22,OFFICIAL_SYMBOL_CHANGE,False
INE513A01014,INE513A01014,FAGBEARING,SCHAEFFLER,2017-08-01,OFFICIAL_SYMBOL_CHANGE,False
INE023M01027,INE023M01027,PRAKASHCON,SETUINFRA,2019-07-30,OFFICIAL_SYMBOL_CHANGE,False
INE900K01012,INE900K01012,ASTERSILI,SHRIASTER,2014-02-03,OFFICIAL_SYMBOL_CHANGE,False
INE721A01013,INE721A01013,SRTRANSFIN,SHRIRAMFIN,2022-12-20,OFFICIAL_SYMBOL_CHANGE,False
INE965H01011,INE965H01011,SITICABLE,SITINET,2016-08-17,OFFICIAL_SYMBOL_CHANGE,False
INE943C01027,INE943C01027,LANCOIN,SRIPIPES,2014-12-17,OFFICIAL_SYMBOL_CHANGE,False
INE089C01029,INE089C01029,STRTECH,STLTECH,2020-10-29,OFFICIAL_SYMBOL_CHANGE,False
INE189B01011,INE189B01011,INEOSSTYRO,STYRENIX,2023-01-20,OFFICIAL_SYMBOL_CHANGE,False
INE492A01029,INE492A01029,CLNINDIA,HEUBACHIND,2023-03-10,OFFICIAL_SYMBOL_CHANGE,False
INE272L01014,INE272L01014,SURANAVEL,SURANASOL,2014-11-19,OFFICIAL_SYMBOL_CHANGE,False
INE192A01025,INE192A01025,TATAGLOBAL,TATACONSUM,2020-02-27,OFFICIAL_SYMBOL_CHANGE,False
INE797H01018,INE797H01018,BHAGWATIHO,TGBHOTELS,2013-05-31,OFFICIAL_SYMBOL_CHANGE,False
INE824B01021,INE824B01021,BHUSANSTL,TATASTLBSL,2018-12-10,OFFICIAL_SYMBOL_CHANGE,False
INE674A01014,INE674A01014,TATASPONGE,TATASTLLP,2019-09-03,OFFICIAL_SYMBOL_CHANGE,False
INE778A01021,INE778A01021,NATHSEED,TECHIN,2014-10-31,OFFICIAL_SYMBOL_CHANGE,False
INE924D01017,INE924D01017,FORTUNEFIN,THEINVEST,2018-07-25,OFFICIAL_SYMBOL_CHANGE,False
INE331A01037,INE331A01037,MADRASCEM,RAMCOCEM,2013-09-30,OFFICIAL_SYMBOL_CHANGE,False
INE615R01029,INE615R01029,DHANVARSHA,TRU,2022-09-01,OFFICIAL_SYMBOL_CHANGE,False
INE405E01023,INE405E01023,MINDAIND,UNOMINDA,2022-08-05,OFFICIAL_SYMBOL_CHANGE,False
INE628A01036,INE628A01036,UNIPHOS,UPL,2013-10-23,OFFICIAL_SYMBOL_CHANGE,False
INE899L01022,INE899L01022,MBSWITCH,UJAAS,2013-09-23,OFFICIAL_SYMBOL_CHANGE,False
INE275F01019,INE275F01019,HOTELRUGBY,UNIVAFOODS,2022-11-23,OFFICIAL_SYMBOL_CHANGE,False
INE292A01015,INE292A01015,LLOYDSTEEL,UTTAMVALUE,2013-04-29,OFFICIAL_SYMBOL_CHANGE,False
INE450G01024,INE450G01024,MAXWELL,VIPCLOTHNG,2016-12-21,OFFICIAL_SYMBOL_CHANGE,False
INE051B01021,INE051B01021,VAKRANSOFT,VAKRANGEE,2013-11-27,OFFICIAL_SYMBOL_CHANGE,False
INE205A01025,INE205A01025,SSLT,VEDL,2015-05-07,OFFICIAL_SYMBOL_CHANGE,False
INE205A01025,INE205A01025,SESAGOA,SSLT,2013-10-04,OFFICIAL_SYMBOL_CHANGE,False
INE632C01026,INE632C01026,VIDHIDYE,VIDHIING,2017-03-01,OFFICIAL_SYMBOL_CHANGE,False
INE806A01020,INE806A01020,VIKASGLOB,VIKASECO,2015-12-21,OFFICIAL_SYMBOL_CHANGE,False
INE161L01027,INE161L01027,VIKASMCORP,VIKASLIFE,2021-05-06,OFFICIAL_SYMBOL_CHANGE,False
INE625G01013,INE625G01013,WELPROJ,WELENT,2015-06-24,OFFICIAL_SYMBOL_CHANGE,False
INE974C01022,INE974C01022,JUMPNET,WINPRO,2021-12-22,OFFICIAL_SYMBOL_CHANGE,False
INE02WG01016,INE02WG01016,WFL,WEL,2023-01-04,OFFICIAL_SYMBOL_CHANGE,False
INE126M01010,INE126M01010,IBWSL,SORILHOLD,2017-04-18,OFFICIAL_SYMBOL_CHANGE,False
INE126M01010,INE126M01010,YAARII,YAARI,2021-12-15,OFFICIAL_SYMBOL_CHANGE,False
INE126M01010,INE126M01010,SORILHOLD,IBULISL,2018-06-08,OFFICIAL_SYMBOL_CHANGE,False
INE126M01010,INE126M01010,IBULISL,YAARII,2020-12-08,OFFICIAL_SYMBOL_CHANGE,False
INE217A01012,INE217A01012,ZUARIGLOB,ZUARIIND,2022-07-04,OFFICIAL_SYMBOL_CHANGE,False
INE966H01019,INE966H01019,ZEENEWS,ZEEMEDIA,2013-07-30,OFFICIAL_SYMBOL_CHANGE,False
INE318D01020,INE318D01020,ZENITHBIR,ZENITHSTL,2020-08-19,OFFICIAL_SYMBOL_CHANGE,False
INE010B01027,INE010B01027,CADILAHC,ZYDUSLIFE,2022-03-07,OFFICIAL_SYMBOL_CHANGE,False
