symbol,company,series,face_value,purpose,ex_date,record_date,book_closure_start,book_closure_end,payment_date,remarks,source_file,source,purpose_normalized,is_dividend,is_bonus,is_split,is_consolidation,is_rights,is_structural,is_buyback,is_capital_reduction,is_meeting,is_interest,is_redemption,primary_class,dividend_amount,ratio_a,ratio_b,old_face_value_parsed,new_face_value_parsed,economic_event_count,multiple_event_types,needs_manual_review,repair_status,repair_reason,security_id_x,identity_match_method,is_nifty500_member_on_ex_date,event_id,effective_date_x,parent_event_class_x,treatment_status,cash_per_pre_event_share,share_multiplier,entitlement_value_per_pre_event_share,cash_unit_basis,valuation_date,valuation_method,is_mandatory,blocks_total_return,evidence_source,effective_date_y,security_id_y,parent_event_class_y,treatment_notes,event_mechanism,assumption_code,assumption_requires_approval,no_direct_adjustment_component,rights_new_shares_per_old_share,rights_subscription_price,previous_close,ex_date_close,market_symbol,market_isin,market_series,rights_entitlement_symbol,rights_entitlement_observed,rights_entitlement_first_seen,rights_entitlement_last_seen,treatment_row_id
JUSTDIAL,Just Dial Limited,EQ,10.0,Buyback Of Shares,2015-12-03,2015-12-04,,,,,corporate_actions_20151201_20151231.json,NSE corporate actions API,BUYBACK OF SHARES,False,False,False,False,False,False,True,False,False,False,False,BUYBACK,,,,,,1,False,False,UNCHANGED,,NSE_855E4F920F23,ACTIVE_DATE_MATCH,True,CA_1feae9ca4c6aa87f52cf,2015-12-03,BUYBACK,RESOLVED_NO_DIRECT_HOLDER_ADJUSTMENT,0.0,1.0,0.0,NOT_APPLICABLE,2015-12-03,PASSIVE_HOLDER_NON_PARTICIPATION_POLICY,False,False,LOCAL_NSE_CA_API:corporate_actions_20151201_20151231.json,2015-12-03,NSE_855E4F920F23,BUYBACK,Optional tender buyback: RESOLVED_NO_DIRECT_HOLDER_ADJUSTMENT only under the explicit passive-holder assumption that the holder does not tender.,OPTIONAL_TENDER_BUYBACK,PASSIVE_HOLDER_DOES_NOT_TENDER,False,True,,,,,,,,,False,,,CA_1feae9ca4c6aa87f52cf_T1
WIPRO,Wipro Limited,EQ,2.0,Buyback Of Shares,2016-05-05,2016-05-06,,,,,corporate_actions_20160501_20160531.json,NSE corporate actions API,BUYBACK OF SHARES,False,False,False,False,False,False,True,False,False,False,False,BUYBACK,,,,,,1,False,False,UNCHANGED,,NSE_060294DF8B9D,ACTIVE_DATE_MATCH,True,CA_3e7f4fe54ba678c0490b,2016-05-05,BUYBACK,RESOLVED_NO_DIRECT_HOLDER_ADJUSTMENT,0.0,1.0,0.0,NOT_APPLICABLE,2016-05-05,PASSIVE_HOLDER_NON_PARTICIPATION_POLICY,False,False,LOCAL_NSE_CA_API:corporate_actions_20160501_20160531.json,2016-05-05,NSE_060294DF8B9D,BUYBACK,Optional tender buyback: RESOLVED_NO_DIRECT_HOLDER_ADJUSTMENT only under the explicit passive-holder assumption that the holder does not tender.,OPTIONAL_TENDER_BUYBACK,PASSIVE_HOLDER_DOES_NOT_TENDER,False,True,,,,,,,,,False,,,CA_3e7f4fe54ba678c0490b_T1
INDUSTOWER,Indus Towers Limited,EQ,10.0,Buy-Back Of Shares,2016-06-15,2016-06-16,,,,,corporate_actions_20160601_20160630.json,NSE corporate actions API,BUY-BACK OF SHARES,False,False,False,False,False,False,True,False,False,False,False,BUYBACK,,,,,,1,False,False,UNCHANGED,,NSE_EC4644B51BC9,UNIQUE_SYMBOL_HISTORY,True,CA_42c71074cc25dfab9519,2016-06-15,BUYBACK,RESOLVED_NO_DIRECT_HOLDER_ADJUSTMENT,0.0,1.0,0.0,NOT_APPLICABLE,2016-06-15,PASSIVE_HOLDER_NON_PARTICIPATION_POLICY,False,False,LOCAL_NSE_CA_API:corporate_actions_20160601_20160630.json,2016-06-15,NSE_EC4644B51BC9,BUYBACK,Optional tender buyback: RESOLVED_NO_DIRECT_HOLDER_ADJUSTMENT only under the explicit passive-holder assumption that the holder does not tender.,OPTIONAL_TENDER_BUYBACK,PASSIVE_HOLDER_DOES_NOT_TENDER,False,True,,,,,,,,,False,,,CA_42c71074cc25dfab9519_T1
COALINDIA,Coal India Limited,EQ,10.0,Buyback Of Shares,2016-09-08,2016-09-09,,,,,corporate_actions_20160901_20160930.json,NSE corporate actions API,BUYBACK OF SHARES,False,False,False,False,False,False,True,False,False,False,False,BUYBACK,,,,,,1,False,False,UNCHANGED,,NSE_D532036F191F,ACTIVE_DATE_MATCH,True,CA_ef9ad6bdb4238bb307c3,2016-09-08,BUYBACK,RESOLVED_NO_DIRECT_HOLDER_ADJUSTMENT,0.0,1.0,0.0,NOT_APPLICABLE,2016-09-08,PASSIVE_HOLDER_NON_PARTICIPATION_POLICY,False,False,LOCAL_NSE_CA_API:corporate_actions_20160901_20160930.json,2016-09-08,NSE_D532036F191F,BUYBACK,Optional tender buyback: RESOLVED_NO_DIRECT_HOLDER_ADJUSTMENT only under the explicit passive-holder assumption that the holder does not tender.,OPTIONAL_TENDER_BUYBACK,PASSIVE_HOLDER_DOES_NOT_TENDER,False,True,,,,,,,,,False,,,CA_ef9ad6bdb4238bb307c3_T1
IDFCFIRSTB,IDFC First Bank Limited,H9,5000.0,Interest Payement/Buyback,2016-12-08,2016-12-09,,,,,corporate_actions_20161201_20161231.json,NSE corporate actions API,INTEREST PAYEMENT/BUYBACK,False,False,False,False,False,False,True,False,False,True,False,BUYBACK,,,,,,1,False,False,UNCHANGED,,NSE_D35374D82BA3,UNIQUE_SYMBOL_HISTORY,True,CA_1a7347d96e23e43553d8,2016-12-08,BUYBACK,RESOLVED_NO_DIRECT_HOLDER_ADJUSTMENT,0.0,1.0,0.0,NOT_APPLICABLE,2016-12-08,SECURITY_SERIES_CLASSIFICATION,False,False,LOCAL_NSE_CA_API:corporate_actions_20161201_20161231.json,2016-12-08,NSE_D35374D82BA3,BUYBACK,Series H9 with face value Rs 5000 is not the issuer's ordinary EQ security; it creates no ordinary-equity holder adjustment.,NON_EQUITY_SERIES_SAME_ISSUER_SYMBOL,,False,True,,,,,,,,,False,,,CA_1a7347d96e23e43553d8_T1
IDFCFIRSTB,IDFC First Bank Limited,HA,5000.0,Buyback,2016-12-08,2016-12-09,,,,,corporate_actions_20161201_20161231.json,NSE corporate actions API,BUYBACK,False,False,False,False,False,False,True,False,False,False,False,BUYBACK,,,,,,1,False,False,UNCHANGED,,NSE_D35374D82BA3,UNIQUE_SYMBOL_HISTORY,True,CA_136e4f5714de187ec5b4,2016-12-08,BUYBACK,RESOLVED_NO_DIRECT_HOLDER_ADJUSTMENT,0.0,1.0,0.0,NOT_APPLICABLE,2016-12-08,SECURITY_SERIES_CLASSIFICATION,False,False,LOCAL_NSE_CA_API:corporate_actions_20161201_20161231.json,2016-12-08,NSE_D35374D82BA3,BUYBACK,Series HA with face value Rs 5000 is not the issuer's ordinary EQ security; it creates no ordinary-equity holder adjustment.,NON_EQUITY_SERIES_SAME_ISSUER_SYMBOL,,False,True,,,,,,,,,False,,,CA_136e4f5714de187ec5b4_T1
HEXAWARE,Hexaware Technologies Limited,EQ,2.0,Buyback,2017-01-05,2017-01-06,,,,,corporate_actions_20170101_20170131.json,NSE corporate actions API,BUYBACK,False,False,False,False,False,False,True,False,False,False,False,BUYBACK,,,,,,1,False,False,UNCHANGED,,NSE_5813C47C6758,ACTIVE_DATE_MATCH,True,CA_2d132eb7222f292e9699,2017-01-05,BUYBACK,RESOLVED_NO_DIRECT_HOLDER_ADJUSTMENT,0.0,1.0,0.0,NOT_APPLICABLE,2017-01-05,PASSIVE_HOLDER_NON_PARTICIPATION_POLICY,False,False,LOCAL_NSE_CA_API:corporate_actions_20170101_20170131.json,2017-01-05,NSE_5813C47C6758,BUYBACK,Optional tender buyback: RESOLVED_NO_DIRECT_HOLDER_ADJUSTMENT only under the explicit passive-holder assumption that the holder does not tender.,OPTIONAL_TENDER_BUYBACK,PASSIVE_HOLDER_DOES_NOT_TENDER,False,True,,,,,,,,,False,,,CA_2d132eb7222f292e9699_T1
APARINDS,Apar Industries Limited,EQ,10.0,Buyback,2017-01-19,2017-01-20,,,,,corporate_actions_20170101_20170131.json,NSE corporate actions API,BUYBACK,False,False,False,False,False,False,True,False,False,False,False,BUYBACK,,,,,,1,False,False,UNCHANGED,,NSE_05F316A71726,ACTIVE_DATE_MATCH,True,CA_05904801bd895ea3e459,2017-01-19,BUYBACK,RESOLVED_NO_DIRECT_HOLDER_ADJUSTMENT,0.0,1.0,0.0,NOT_APPLICABLE,2017-01-19,PASSIVE_HOLDER_NON_PARTICIPATION_POLICY,False,False,LOCAL_NSE_CA_API:corporate_actions_20170101_20170131.json,2017-01-19,NSE_05F316A71726,BUYBACK,Optional tender buyback: RESOLVED_NO_DIRECT_HOLDER_ADJUSTMENT only under the explicit passive-holder assumption that the holder does not tender.,OPTIONAL_TENDER_BUYBACK,PASSIVE_HOLDER_DOES_NOT_TENDER,False,True,,,,,,,,,False,,,CA_05904801bd895ea3e459_T1
NHPC,NHPC Limited,EQ,10.0,Buyback,2017-02-17,2017-02-20,,,,,corporate_actions_20170201_20170228.json,NSE corporate actions API,BUYBACK,False,False,False,False,False,False,True,False,False,False,False,BUYBACK,,,,,,1,False,False,UNCHANGED,,NSE_11AC767B4B31,ACTIVE_DATE_MATCH,True,CA_3de85207f33b6feb14c0,2017-02-17,BUYBACK,RESOLVED_NO_DIRECT_HOLDER_ADJUSTMENT,0.0,1.0,0.0,NOT_APPLICABLE,2017-02-17,PASSIVE_HOLDER_NON_PARTICIPATION_POLICY,False,False,LOCAL_NSE_CA_API:corporate_actions_20170201_20170228.json,2017-02-17,NSE_11AC767B4B31,BUYBACK,Optional tender buyback: RESOLVED_NO_DIRECT_HOLDER_ADJUSTMENT only under the explicit passive-holder assumption that the holder does not tender.,OPTIONAL_TENDER_BUYBACK,PASSIVE_HOLDER_DOES_NOT_TENDER,False,True,,,,,,,,,False,,,CA_3de85207f33b6feb14c0_T1
IDFCFIRSTB,IDFC First Bank Limited,HB,5000.0,Interest Payment/Buyback,2017-03-02,2017-03-03,,,,,corporate_actions_20170301_20170331.json,NSE corporate actions API,INTEREST PAYMENT/BUYBACK,False,False,False,False,False,False,True,False,False,True,False,BUYBACK,,,,,,1,False,False,UNCHANGED,,NSE_D35374D82BA3,UNIQUE_SYMBOL_HISTORY,True,CA_f6f41be77f84094a7263,2017-03-02,BUYBACK,RESOLVED_NO_DIRECT_HOLDER_ADJUSTMENT,0.0,1.0,0.0,NOT_APPLICABLE,2017-03-02,SECURITY_SERIES_CLASSIFICATION,False,False,LOCAL_NSE_CA_API:corporate_actions_20170301_20170331.json,2017-03-02,NSE_D35374D82BA3,BUYBACK,Series HB with face value Rs 5000 is not the issuer's ordinary EQ security; it creates no ordinary-equity holder adjustment.,NON_EQUITY_SERIES_SAME_ISSUER_SYMBOL,,False,True,,,,,,,,,False,,,CA_f6f41be77f84094a7263_T1
MPHASIS,MphasiS Limited,EQ,10.0,Buyback,2017-03-30,2017-03-31,,,,,corporate_actions_20170301_20170331.json,NSE corporate actions API,BUYBACK,False,False,False,False,False,False,True,False,False,False,False,BUYBACK,,,,,,1,False,False,UNCHANGED,,NSE_D3E18AD37B1B,ACTIVE_DATE_MATCH,True,CA_09048d09f5d0406b653a,2017-03-30,BUYBACK,RESOLVED_NO_DIRECT_HOLDER_ADJUSTMENT,0.0,1.0,0.0,NOT_APPLICABLE,2017-03-30,PASSIVE_HOLDER_NON_PARTICIPATION_POLICY,False,False,LOCAL_NSE_CA_API:corporate_actions_20170301_20170331.json,2017-03-30,NSE_D3E18AD37B1B,BUYBACK,Optional tender buyback: RESOLVED_NO_DIRECT_HOLDER_ADJUSTMENT only under the explicit passive-holder assumption that the holder does not tender.,OPTIONAL_TENDER_BUYBACK,PASSIVE_HOLDER_DOES_NOT_TENDER,False,True,,,,,,,,,False,,,CA_09048d09f5d0406b653a_T1
OIL,Oil India Limited,EQ,10.0,Buyback,2017-04-03,2017-04-05,,,,,corporate_actions_20170401_20170430.json,NSE corporate actions API,BUYBACK,False,False,False,False,False,False,True,False,False,False,False,BUYBACK,,,,,,1,False,False,UNCHANGED,,NSE_EA1AF0D86D36,ACTIVE_DATE_MATCH,True,CA_08756bb24480cec345fc,2017-04-03,BUYBACK,RESOLVED_NO_DIRECT_HOLDER_ADJUSTMENT,0.0,1.0,0.0,NOT_APPLICABLE,2017-04-03,PASSIVE_HOLDER_NON_PARTICIPATION_POLICY,False,False,LOCAL_NSE_CA_API:corporate_actions_20170401_20170430.json,2017-04-03,NSE_EA1AF0D86D36,BUYBACK,Optional tender buyback: RESOLVED_NO_DIRECT_HOLDER_ADJUSTMENT only under the explicit passive-holder assumption that the holder does not tender.,OPTIONAL_TENDER_BUYBACK,PASSIVE_HOLDER_DOES_NOT_TENDER,False,True,,,,,,,,,False,,,CA_08756bb24480cec345fc_T1
TCS,Tata Consultancy Services Limited,EQ,1.0,Buyback,2017-05-05,2017-05-08,,,,,corporate_actions_20170501_20170531.json,NSE corporate actions API,BUYBACK,False,False,False,False,False,False,True,False,False,False,False,BUYBACK,,,,,,1,False,False,UNCHANGED,,NSE_DBD0EB2724E0,ACTIVE_DATE_MATCH,True,CA_065cae3c196cf15d58cb,2017-05-05,BUYBACK,RESOLVED_NO_DIRECT_HOLDER_ADJUSTMENT,0.0,1.0,0.0,NOT_APPLICABLE,2017-05-05,PASSIVE_HOLDER_NON_PARTICIPATION_POLICY,False,False,LOCAL_NSE_CA_API:corporate_actions_20170501_20170531.json,2017-05-05,NSE_DBD0EB2724E0,BUYBACK,Optional tender buyback: RESOLVED_NO_DIRECT_HOLDER_ADJUSTMENT only under the explicit passive-holder assumption that the holder does not tender.,OPTIONAL_TENDER_BUYBACK,PASSIVE_HOLDER_DOES_NOT_TENDER,False,True,,,,,,,,,False,,,CA_065cae3c196cf15d58cb_T1
HCLTECH,HCL Technologies Limited,EQ,2.0,Buyback/Interim Dividend Rs 6/- Per Share (Purpose Revised),2017-05-24,2017-05-25,,,,,corporate_actions_20170501_20170531.json,NSE corporate actions API,BUYBACK/INTERIM DIVIDEND RS 6/- PER SHARE (PURPOSE REVISED),True,False,False,False,False,False,True,False,False,False,False,DIVIDEND,6.0,,,,,2,True,True,UNCHANGED,,NSE_E50226C18398,ACTIVE_DATE_MATCH,True,CA_aea0097a3b019d71a9e7,2017-05-24,DIVIDEND,RESOLVED_COMBINED,6.0,1.0,0.0,GROSS_DECLARED_CASH_PER_PRE_EVENT_SHARE,2017-05-24,DIRECT_OFFICIAL_EVENT_TERMS,True,False,LOCAL_NSE_CA_API:corporate_actions_20170501_20170531.json,2017-05-24,NSE_E50226C18398,DIVIDEND,Gross declared cash per ordinary share from the official NSE event record. The optional tender buyback creates no direct holder adjustment under the recorded passive-holder non-participation assumption.,ORDINARY_DIVIDEND_PLUS_OPTIONAL_TENDER_BUYBACK,PASSIVE_HOLDER_DOES_NOT_TENDER,False,True,,,,,,,,,False,,,CA_aea0097a3b019d71a9e7_T1
JBCHEPHARM,JB Chemicals & Pharmaceuticals Limited,EQ,1.0,Buyback,2017-06-01,2017-06-02,,,,,corporate_actions_20170601_20170630.json,NSE corporate actions API,BUYBACK,False,False,False,False,False,False,True,False,False,False,False,BUYBACK,,,,,,1,False,False,UNCHANGED,,NSE_3FEBC275AA7F,ACTIVE_DATE_MATCH,True,CA_4e17d1aa7a488f25a0eb,2017-06-01,BUYBACK,RESOLVED_NO_DIRECT_HOLDER_ADJUSTMENT,0.0,1.0,0.0,NOT_APPLICABLE,2017-06-01,PASSIVE_HOLDER_NON_PARTICIPATION_POLICY,False,False,LOCAL_NSE_CA_API:corporate_actions_20170601_20170630.json,2017-06-01,NSE_3FEBC275AA7F,BUYBACK,Optional tender buyback: RESOLVED_NO_DIRECT_HOLDER_ADJUSTMENT only under the explicit passive-holder assumption that the holder does not tender.,OPTIONAL_TENDER_BUYBACK,PASSIVE_HOLDER_DOES_NOT_TENDER,False,True,,,,,,,,,False,,,CA_4e17d1aa7a488f25a0eb_T1
KSCL,Kaveri Seed Company Limited,EQ,2.0,Buyback,2017-06-15,2017-06-16,,,,,corporate_actions_20170601_20170630.json,NSE corporate actions API,BUYBACK,False,False,False,False,False,False,True,False,False,False,False,BUYBACK,,,,,,1,False,False,UNCHANGED,,NSE_8B27DC002544,ACTIVE_DATE_MATCH,True,CA_4cfdde3fbc58d6ac382b,2017-06-15,BUYBACK,RESOLVED_NO_DIRECT_HOLDER_ADJUSTMENT,0.0,1.0,0.0,NOT_APPLICABLE,2017-06-15,PASSIVE_HOLDER_NON_PARTICIPATION_POLICY,False,False,LOCAL_NSE_CA_API:corporate_actions_20170601_20170630.json,2017-06-15,NSE_8B27DC002544,BUYBACK,Optional tender buyback: RESOLVED_NO_DIRECT_HOLDER_ADJUSTMENT only under the explicit passive-holder assumption that the holder does not tender.,OPTIONAL_TENDER_BUYBACK,PASSIVE_HOLDER_DOES_NOT_TENDER,False,True,,,,,,,,,False,,,CA_4cfdde3fbc58d6ac382b_T1
TTKPRESTIG,TTK Prestige Limited,EQ,1.0,Buyback,2017-06-15,2017-06-16,,,,,corporate_actions_20170601_20170630.json,NSE corporate actions API,BUYBACK,False,False,False,False,False,False,True,False,False,False,False,BUYBACK,,,,,,1,False,False,UNCHANGED,,NSE_9BCCFC53AEB0,ACTIVE_DATE_MATCH,True,CA_70dc50c485f8d96584a7,2017-06-15,BUYBACK,RESOLVED_NO_DIRECT_HOLDER_ADJUSTMENT,0.0,1.0,0.0,NOT_APPLICABLE,2017-06-15,PASSIVE_HOLDER_NON_PARTICIPATION_POLICY,False,False,LOCAL_NSE_CA_API:corporate_actions_20170601_20170630.json,2017-06-15,NSE_9BCCFC53AEB0,BUYBACK,Optional tender buyback: RESOLVED_NO_DIRECT_HOLDER_ADJUSTMENT only under the explicit passive-holder assumption that the holder does not tender.,OPTIONAL_TENDER_BUYBACK,PASSIVE_HOLDER_DOES_NOT_TENDER,False,True,,,,,,,,,False,,,CA_70dc50c485f8d96584a7_T1
ENGINERSIN,Engineers India Limited,EQ,5.0,Buyback,2017-06-28,2017-06-29,,,,,corporate_actions_20170601_20170630.json,NSE corporate actions API,BUYBACK,False,False,False,False,False,False,True,False,False,False,False,BUYBACK,,,,,,1,False,False,UNCHANGED,,NSE_7468CCFC85B1,ACTIVE_DATE_MATCH,True,CA_e3817c0b23d8de69a7fd,2017-06-28,BUYBACK,RESOLVED_NO_DIRECT_HOLDER_ADJUSTMENT,0.0,1.0,0.0,NOT_APPLICABLE,2017-06-28,PASSIVE_HOLDER_NON_PARTICIPATION_POLICY,False,False,LOCAL_NSE_CA_API:corporate_actions_20170601_20170630.json,2017-06-28,NSE_7468CCFC85B1,BUYBACK,Optional tender buyback: RESOLVED_NO_DIRECT_HOLDER_ADJUSTMENT only under the explicit passive-holder assumption that the holder does not tender.,OPTIONAL_TENDER_BUYBACK,PASSIVE_HOLDER_DOES_NOT_TENDER,False,True,,,,,,,,,False,,,CA_e3817c0b23d8de69a7fd_T1
MINDTREE,MindTree Limited,EQ,10.0,Buyback,2017-07-10,2017-07-11,,,,,corporate_actions_20170701_20170731.json,NSE corporate actions API,BUYBACK,False,False,False,False,False,False,True,False,False,False,False,BUYBACK,,,,,,1,False,False,UNCHANGED,,NSE_FF6FC74E85C1,ACTIVE_DATE_MATCH,True,CA_3e2800587e5790da2f6a,2017-07-10,BUYBACK,RESOLVED_NO_DIRECT_HOLDER_ADJUSTMENT,0.0,1.0,0.0,NOT_APPLICABLE,2017-07-10,PASSIVE_HOLDER_NON_PARTICIPATION_POLICY,False,False,LOCAL_NSE_CA_API:corporate_actions_20170701_20170731.json,2017-07-10,NSE_FF6FC74E85C1,BUYBACK,Optional tender buyback: RESOLVED_NO_DIRECT_HOLDER_ADJUSTMENT only under the explicit passive-holder assumption that the holder does not tender.,OPTIONAL_TENDER_BUYBACK,PASSIVE_HOLDER_DOES_NOT_TENDER,False,True,,,,,,,,,False,,,CA_3e2800587e5790da2f6a_T1
SOBHA,Sobha Limited,EQ,10.0,Buyback,2017-08-24,2017-08-28,,,,,corporate_actions_20170801_20170831.json,NSE corporate actions API,BUYBACK,False,False,False,False,False,False,True,False,False,False,False,BUYBACK,,,,,,1,False,False,UNCHANGED,,NSE_EB6FFADD9772,ACTIVE_DATE_MATCH,True,CA_9b71ee8adb097577e454,2017-08-24,BUYBACK,RESOLVED_NO_DIRECT_HOLDER_ADJUSTMENT,0.0,1.0,0.0,NOT_APPLICABLE,2017-08-24,PASSIVE_HOLDER_NON_PARTICIPATION_POLICY,False,False,LOCAL_NSE_CA_API:corporate_actions_20170801_20170831.json,2017-08-24,NSE_EB6FFADD9772,BUYBACK,Optional tender buyback: RESOLVED_NO_DIRECT_HOLDER_ADJUSTMENT only under the explicit passive-holder assumption that the holder does not tender.,OPTIONAL_TENDER_BUYBACK,PASSIVE_HOLDER_DOES_NOT_TENDER,False,True,,,,,,,,,False,,,CA_9b71ee8adb097577e454_T1
VINATIORGA,Vinati Organics Limited,EQ,1.0,Buyback,2017-08-31,2017-09-01,,,,,corporate_actions_20170801_20170831.json,NSE corporate actions API,BUYBACK,False,False,False,False,False,False,True,False,False,False,False,BUYBACK,,,,,,1,False,False,UNCHANGED,,NSE_FD70F2989DA1,ACTIVE_DATE_MATCH,True,CA_a626ca1a89e6ca22ee11,2017-08-31,BUYBACK,RESOLVED_NO_DIRECT_HOLDER_ADJUSTMENT,0.0,1.0,0.0,NOT_APPLICABLE,2017-08-31,PASSIVE_HOLDER_NON_PARTICIPATION_POLICY,False,False,LOCAL_NSE_CA_API:corporate_actions_20170801_20170831.json,2017-08-31,NSE_FD70F2989DA1,BUYBACK,Optional tender buyback: RESOLVED_NO_DIRECT_HOLDER_ADJUSTMENT only under the explicit passive-holder assumption that the holder does not tender.,OPTIONAL_TENDER_BUYBACK,PASSIVE_HOLDER_DOES_NOT_TENDER,False,True,,,,,,,,,False,,,CA_a626ca1a89e6ca22ee11_T1
WIPRO,Wipro Limited,EQ,2.0,Buyback,2017-09-14,2017-09-15,,,,,corporate_actions_20170901_20170930.json,NSE corporate actions API,BUYBACK,False,False,False,False,False,False,True,False,False,False,False,BUYBACK,,,,,,1,False,False,UNCHANGED,,NSE_060294DF8B9D,ACTIVE_DATE_MATCH,True,CA_94636540c836abc54297,2017-09-14,BUYBACK,RESOLVED_NO_DIRECT_HOLDER_ADJUSTMENT,0.0,1.0,0.0,NOT_APPLICABLE,2017-09-14,PASSIVE_HOLDER_NON_PARTICIPATION_POLICY,False,False,LOCAL_NSE_CA_API:corporate_actions_20170901_20170930.json,2017-09-14,NSE_060294DF8B9D,BUYBACK,Optional tender buyback: RESOLVED_NO_DIRECT_HOLDER_ADJUSTMENT only under the explicit passive-holder assumption that the holder does not tender.,OPTIONAL_TENDER_BUYBACK,PASSIVE_HOLDER_DOES_NOT_TENDER,False,True,,,,,,,,,False,,,CA_94636540c836abc54297_T1
INFY,Infosys Limited,EQ,5.0,Buyback,2017-10-31,2017-11-01,,,,,corporate_actions_20171001_20171031.json,NSE corporate actions API,BUYBACK,False,False,False,False,False,False,True,False,False,False,False,BUYBACK,,,,,,1,False,False,UNCHANGED,,NSE_6A68B38036FB,ACTIVE_DATE_MATCH,True,CA_0df21e1f19f378dcee87,2017-10-31,BUYBACK,RESOLVED_NO_DIRECT_HOLDER_ADJUSTMENT,0.0,1.0,0.0,NOT_APPLICABLE,2017-10-31,PASSIVE_HOLDER_NON_PARTICIPATION_POLICY,False,False,LOCAL_NSE_CA_API:corporate_actions_20171001_20171031.json,2017-10-31,NSE_6A68B38036FB,BUYBACK,Optional tender buyback: RESOLVED_NO_DIRECT_HOLDER_ADJUSTMENT only under the explicit passive-holder assumption that the holder does not tender.,OPTIONAL_TENDER_BUYBACK,PASSIVE_HOLDER_DOES_NOT_TENDER,False,True,,,,,,,,,False,,,CA_0df21e1f19f378dcee87_T1
AARTIIND,Aarti Industries Limited,EQ,5.0,Buyback,2018-01-04,2018-01-05,,,,,corporate_actions_20180101_20180131.json,NSE corporate actions API,BUYBACK,False,False,False,False,False,False,True,False,False,False,False,BUYBACK,,,,,,1,False,False,UNCHANGED,,NSE_81E1BA306A07,ACTIVE_DATE_MATCH,True,CA_c784767c0e43e0c177e9,2018-01-04,BUYBACK,RESOLVED_NO_DIRECT_HOLDER_ADJUSTMENT,0.0,1.0,0.0,NOT_APPLICABLE,2018-01-04,PASSIVE_HOLDER_NON_PARTICIPATION_POLICY,False,False,LOCAL_NSE_CA_API:corporate_actions_20180101_20180131.json,2018-01-04,NSE_81E1BA306A07,BUYBACK,Optional tender buyback: RESOLVED_NO_DIRECT_HOLDER_ADJUSTMENT only under the explicit passive-holder assumption that the holder does not tender.,OPTIONAL_TENDER_BUYBACK,PASSIVE_HOLDER_DOES_NOT_TENDER,False,True,,,,,,,,,False,,,CA_c784767c0e43e0c177e9_T1
SJVN,SJVN Limited,EQ,10.0,Buyback,2018-01-17,2018-01-18,,,,,corporate_actions_20180101_20180131.json,NSE corporate actions API,BUYBACK,False,False,False,False,False,False,True,False,False,False,False,BUYBACK,,,,,,1,False,False,UNCHANGED,,NSE_7127DE38999E,ACTIVE_DATE_MATCH,True,CA_72012ceba526cfda2022,2018-01-17,BUYBACK,RESOLVED_NO_DIRECT_HOLDER_ADJUSTMENT,0.0,1.0,0.0,NOT_APPLICABLE,2018-01-17,PASSIVE_HOLDER_NON_PARTICIPATION_POLICY,False,False,LOCAL_NSE_CA_API:corporate_actions_20180101_20180131.json,2018-01-17,NSE_7127DE38999E,BUYBACK,Optional tender buyback: RESOLVED_NO_DIRECT_HOLDER_ADJUSTMENT only under the explicit passive-holder assumption that the holder does not tender.,OPTIONAL_TENDER_BUYBACK,PASSIVE_HOLDER_DOES_NOT_TENDER,False,True,,,,,,,,,False,,,CA_72012ceba526cfda2022_T1
ECLERX,eClerx Services Limited,EQ,10.0,Buyback,2018-02-02,2018-02-05,,,,,corporate_actions_20180201_20180228.json,NSE corporate actions API,BUYBACK,False,False,False,False,False,False,True,False,False,False,False,BUYBACK,,,,,,1,False,False,UNCHANGED,,NSE_2F62FAA6E00D,ACTIVE_DATE_MATCH,True,CA_ef357b1dcb1d7093aa71,2018-02-02,BUYBACK,RESOLVED_NO_DIRECT_HOLDER_ADJUSTMENT,0.0,1.0,0.0,NOT_APPLICABLE,2018-02-02,PASSIVE_HOLDER_NON_PARTICIPATION_POLICY,False,False,LOCAL_NSE_CA_API:corporate_actions_20180201_20180228.json,2018-02-02,NSE_2F62FAA6E00D,BUYBACK,Optional tender buyback: RESOLVED_NO_DIRECT_HOLDER_ADJUSTMENT only under the explicit passive-holder assumption that the holder does not tender.,OPTIONAL_TENDER_BUYBACK,PASSIVE_HOLDER_DOES_NOT_TENDER,False,True,,,,,,,,,False,,,CA_ef357b1dcb1d7093aa71_T1
BEL,Bharat Electronics Limited,EQ,1.0,Buyback,2018-02-08,2018-02-09,,,,,corporate_actions_20180201_20180228.json,NSE corporate actions API,BUYBACK,False,False,False,False,False,False,True,False,False,False,False,BUYBACK,,,,,,1,False,False,UNCHANGED,,NSE_64F9D3F9FC06,ACTIVE_DATE_MATCH,True,CA_3748a6f6c03efc28d812,2018-02-08,BUYBACK,RESOLVED_NO_DIRECT_HOLDER_ADJUSTMENT,0.0,1.0,0.0,NOT_APPLICABLE,2018-02-08,PASSIVE_HOLDER_NON_PARTICIPATION_POLICY,False,False,LOCAL_NSE_CA_API:corporate_actions_20180201_20180228.json,2018-02-08,NSE_64F9D3F9FC06,BUYBACK,Optional tender buyback: RESOLVED_NO_DIRECT_HOLDER_ADJUSTMENT only under the explicit passive-holder assumption that the holder does not tender.,OPTIONAL_TENDER_BUYBACK,PASSIVE_HOLDER_DOES_NOT_TENDER,False,True,,,,,,,,,False,,,CA_3748a6f6c03efc28d812_T1
PIDILITIND,Pidilite Industries Limited,EQ,1.0,Buyback,2018-02-09,2018-02-12,,,,,corporate_actions_20180201_20180228.json,NSE corporate actions API,BUYBACK,False,False,False,False,False,False,True,False,False,False,False,BUYBACK,,,,,,1,False,False,UNCHANGED,,NSE_755A5F4A31A8,ACTIVE_DATE_MATCH,True,CA_3f271f124d2ee37e7a75,2018-02-09,BUYBACK,RESOLVED_NO_DIRECT_HOLDER_ADJUSTMENT,0.0,1.0,0.0,NOT_APPLICABLE,2018-02-09,PASSIVE_HOLDER_NON_PARTICIPATION_POLICY,False,False,LOCAL_NSE_CA_API:corporate_actions_20180201_20180228.json,2018-02-09,NSE_755A5F4A31A8,BUYBACK,Optional tender buyback: RESOLVED_NO_DIRECT_HOLDER_ADJUSTMENT only under the explicit passive-holder assumption that the holder does not tender.,OPTIONAL_TENDER_BUYBACK,PASSIVE_HOLDER_DOES_NOT_TENDER,False,True,,,,,,,,,False,,,CA_3f271f124d2ee37e7a75_T1
UNICHEMLAB,Unichem Laboratories Limited,EQ,2.0,Buyback,2018-02-15,2018-02-16,,,,,corporate_actions_20180201_20180228.json,NSE corporate actions API,BUYBACK,False,False,False,False,False,False,True,False,False,False,False,BUYBACK,,,,,,1,False,False,UNCHANGED,,NSE_11D6411F8FF1,ACTIVE_DATE_MATCH,True,CA_46c79f77098e6acb1a9b,2018-02-15,BUYBACK,RESOLVED_NO_DIRECT_HOLDER_ADJUSTMENT,0.0,1.0,0.0,NOT_APPLICABLE,2018-02-15,PASSIVE_HOLDER_NON_PARTICIPATION_POLICY,False,False,LOCAL_NSE_CA_API:corporate_actions_20180201_20180228.json,2018-02-15,NSE_11D6411F8FF1,BUYBACK,Optional tender buyback: RESOLVED_NO_DIRECT_HOLDER_ADJUSTMENT only under the explicit passive-holder assumption that the holder does not tender.,OPTIONAL_TENDER_BUYBACK,PASSIVE_HOLDER_DOES_NOT_TENDER,False,True,,,,,,,,,False,,,CA_46c79f77098e6acb1a9b_T1
MOIL,MOIL Limited,EQ,10.0,Buyback,2018-02-16,2018-02-20,,,,,corporate_actions_20180201_20180228.json,NSE corporate actions API,BUYBACK,False,False,False,False,False,False,True,False,False,False,False,BUYBACK,,,,,,1,False,False,UNCHANGED,,NSE_D9F56642B79E,ACTIVE_DATE_MATCH,True,CA_8c6f55ecaf846795381d,2018-02-16,BUYBACK,RESOLVED_NO_DIRECT_HOLDER_ADJUSTMENT,0.0,1.0,0.0,NOT_APPLICABLE,2018-02-16,PASSIVE_HOLDER_NON_PARTICIPATION_POLICY,False,False,LOCAL_NSE_CA_API:corporate_actions_20180201_20180228.json,2018-02-16,NSE_D9F56642B79E,BUYBACK,Optional tender buyback: RESOLVED_NO_DIRECT_HOLDER_ADJUSTMENT only under the explicit passive-holder assumption that the holder does not tender.,OPTIONAL_TENDER_BUYBACK,PASSIVE_HOLDER_DOES_NOT_TENDER,False,True,,,,,,,,,False,,,CA_8c6f55ecaf846795381d_T1
BALRAMCHIN,Balrampur Chini Mills Limited,EQ,1.0,Buyback,2018-03-05,2018-03-06,,,,,corporate_actions_20180301_20180331.json,NSE corporate actions API,BUYBACK,False,False,False,False,False,False,True,False,False,False,False,BUYBACK,,,,,,1,False,False,UNCHANGED,,NSE_D7CAF5D174A7,ACTIVE_DATE_MATCH,True,CA_f582a93698a30f454c3c,2018-03-05,BUYBACK,RESOLVED_NO_DIRECT_HOLDER_ADJUSTMENT,0.0,1.0,0.0,NOT_APPLICABLE,2018-03-05,PASSIVE_HOLDER_NON_PARTICIPATION_POLICY,False,False,LOCAL_NSE_CA_API:corporate_actions_20180301_20180331.json,2018-03-05,NSE_D7CAF5D174A7,BUYBACK,Optional tender buyback: RESOLVED_NO_DIRECT_HOLDER_ADJUSTMENT only under the explicit passive-holder assumption that the holder does not tender.,OPTIONAL_TENDER_BUYBACK,PASSIVE_HOLDER_DOES_NOT_TENDER,False,True,,,,,,,,,False,,,CA_f582a93698a30f454c3c_T1
KPRMILL,K.P.R. Mill Limited,EQ,1.0,Buyback,2018-03-06,2018-03-07,,,,,corporate_actions_20180301_20180331.json,NSE corporate actions API,BUYBACK,False,False,False,False,False,False,True,False,False,False,False,BUYBACK,,,,,,1,False,False,UNCHANGED,,NSE_03C46C5018D2,ACTIVE_DATE_MATCH,True,CA_3feefbabd398c2999ad6,2018-03-06,BUYBACK,RESOLVED_NO_DIRECT_HOLDER_ADJUSTMENT,0.0,1.0,0.0,NOT_APPLICABLE,2018-03-06,PASSIVE_HOLDER_NON_PARTICIPATION_POLICY,False,False,LOCAL_NSE_CA_API:corporate_actions_20180301_20180331.json,2018-03-06,NSE_03C46C5018D2,BUYBACK,Optional tender buyback: RESOLVED_NO_DIRECT_HOLDER_ADJUSTMENT only under the explicit passive-holder assumption that the holder does not tender.,OPTIONAL_TENDER_BUYBACK,PASSIVE_HOLDER_DOES_NOT_TENDER,False,True,,,,,,,,,False,,,CA_3feefbabd398c2999ad6_T1
JAGRAN,Jagran Prakashan Limited,EQ,2.0,Buyback,2018-06-14,2018-06-15,,,,,corporate_actions_20180601_20180630.json,NSE corporate actions API,BUYBACK,False,False,False,False,False,False,True,False,False,False,False,BUYBACK,,,,,,1,False,False,UNCHANGED,,NSE_5E4B839E941A,ACTIVE_DATE_MATCH,True,CA_86c1275a85f4baa203ed,2018-06-14,BUYBACK,RESOLVED_NO_DIRECT_HOLDER_ADJUSTMENT,0.0,1.0,0.0,NOT_APPLICABLE,2018-06-14,PASSIVE_HOLDER_NON_PARTICIPATION_POLICY,False,False,LOCAL_NSE_CA_API:corporate_actions_20180601_20180630.json,2018-06-14,NSE_5E4B839E941A,BUYBACK,Optional tender buyback: RESOLVED_NO_DIRECT_HOLDER_ADJUSTMENT only under the explicit passive-holder assumption that the holder does not tender.,OPTIONAL_TENDER_BUYBACK,PASSIVE_HOLDER_DOES_NOT_TENDER,False,True,,,,,,,,,False,,,CA_86c1275a85f4baa203ed_T1
DBCORP,D.B.Corp Limited,EQ,10.0,Buyback,2018-07-17,2018-07-18,,,,,corporate_actions_20180701_20180731.json,NSE corporate actions API,BUYBACK,False,False,False,False,False,False,True,False,False,False,False,BUYBACK,,,,,,1,False,False,UNCHANGED,,NSE_2562C82A6AA3,ACTIVE_DATE_MATCH,True,CA_96fdd927a9fa26563a47,2018-07-17,BUYBACK,RESOLVED_NO_DIRECT_HOLDER_ADJUSTMENT,0.0,1.0,0.0,NOT_APPLICABLE,2018-07-17,PASSIVE_HOLDER_NON_PARTICIPATION_POLICY,False,False,LOCAL_NSE_CA_API:corporate_actions_20180701_20180731.json,2018-07-17,NSE_2562C82A6AA3,BUYBACK,Optional tender buyback: RESOLVED_NO_DIRECT_HOLDER_ADJUSTMENT only under the explicit passive-holder assumption that the holder does not tender.,OPTIONAL_TENDER_BUYBACK,PASSIVE_HOLDER_DOES_NOT_TENDER,False,True,,,,,,,,,False,,,CA_96fdd927a9fa26563a47_T1
KSCL,Kaveri Seed Company Limited,EQ,2.0,Buyback,2018-08-02,2018-08-03,,,,,corporate_actions_20180801_20180831.json,NSE corporate actions API,BUYBACK,False,False,False,False,False,False,True,False,False,False,False,BUYBACK,,,,,,1,False,False,UNCHANGED,,NSE_8B27DC002544,ACTIVE_DATE_MATCH,True,CA_a8133fd77bde2f8f01b7,2018-08-02,BUYBACK,RESOLVED_NO_DIRECT_HOLDER_ADJUSTMENT,0.0,1.0,0.0,NOT_APPLICABLE,2018-08-02,PASSIVE_HOLDER_NON_PARTICIPATION_POLICY,False,False,LOCAL_NSE_CA_API:corporate_actions_20180801_20180831.json,2018-08-02,NSE_8B27DC002544,BUYBACK,Optional tender buyback: RESOLVED_NO_DIRECT_HOLDER_ADJUSTMENT only under the explicit passive-holder assumption that the holder does not tender.,OPTIONAL_TENDER_BUYBACK,PASSIVE_HOLDER_DOES_NOT_TENDER,False,True,,,,,,,,,False,,,CA_a8133fd77bde2f8f01b7_T1
TCS,Tata Consultancy Services Limited,EQ,1.0,Buyback,2018-08-14,2018-08-18,,,,,corporate_actions_20180801_20180831.json,NSE corporate actions API,BUYBACK,False,False,False,False,False,False,True,False,False,False,False,BUYBACK,,,,,,1,False,False,UNCHANGED,,NSE_DBD0EB2724E0,ACTIVE_DATE_MATCH,True,CA_b76efcf9a86ea69237c8,2018-08-14,BUYBACK,RESOLVED_NO_DIRECT_HOLDER_ADJUSTMENT,0.0,1.0,0.0,NOT_APPLICABLE,2018-08-14,PASSIVE_HOLDER_NON_PARTICIPATION_POLICY,False,False,LOCAL_NSE_CA_API:corporate_actions_20180801_20180831.json,2018-08-14,NSE_DBD0EB2724E0,BUYBACK,Optional tender buyback: RESOLVED_NO_DIRECT_HOLDER_ADJUSTMENT only under the explicit passive-holder assumption that the holder does not tender.,OPTIONAL_TENDER_BUYBACK,PASSIVE_HOLDER_DOES_NOT_TENDER,False,True,,,,,,,,,False,,,CA_b76efcf9a86ea69237c8_T1
HCLTECH,HCL Technologies Limited,EQ,2.0,Buyback,2018-08-30,2018-08-31,,,,,corporate_actions_20180801_20180831.json,NSE corporate actions API,BUYBACK,False,False,False,False,False,False,True,False,False,False,False,BUYBACK,,,,,,1,False,False,UNCHANGED,,NSE_E50226C18398,ACTIVE_DATE_MATCH,True,CA_e54781549bfa57e3aa4e,2018-08-30,BUYBACK,RESOLVED_NO_DIRECT_HOLDER_ADJUSTMENT,0.0,1.0,0.0,NOT_APPLICABLE,2018-08-30,PASSIVE_HOLDER_NON_PARTICIPATION_POLICY,False,False,LOCAL_NSE_CA_API:corporate_actions_20180801_20180831.json,2018-08-30,NSE_E50226C18398,BUYBACK,Optional tender buyback: RESOLVED_NO_DIRECT_HOLDER_ADJUSTMENT only under the explicit passive-holder assumption that the holder does not tender.,OPTIONAL_TENDER_BUYBACK,PASSIVE_HOLDER_DOES_NOT_TENDER,False,True,,,,,,,,,False,,,CA_e54781549bfa57e3aa4e_T1
JBCHEPHARM,JB Chemicals & Pharmaceuticals Limited,EQ,1.0,Buyback,2018-09-11,2018-09-12,,,,,corporate_actions_20180901_20180930.json,NSE corporate actions API,BUYBACK,False,False,False,False,False,False,True,False,False,False,False,BUYBACK,,,,,,1,False,False,UNCHANGED,,NSE_3FEBC275AA7F,ACTIVE_DATE_MATCH,True,CA_d8b728690aa4831c8118,2018-09-11,BUYBACK,RESOLVED_NO_DIRECT_HOLDER_ADJUSTMENT,0.0,1.0,0.0,NOT_APPLICABLE,2018-09-11,PASSIVE_HOLDER_NON_PARTICIPATION_POLICY,False,False,LOCAL_NSE_CA_API:corporate_actions_20180901_20180930.json,2018-09-11,NSE_3FEBC275AA7F,BUYBACK,Optional tender buyback: RESOLVED_NO_DIRECT_HOLDER_ADJUSTMENT only under the explicit passive-holder assumption that the holder does not tender.,OPTIONAL_TENDER_BUYBACK,PASSIVE_HOLDER_DOES_NOT_TENDER,False,True,,,,,,,,,False,,,CA_d8b728690aa4831c8118_T1
REDINGTON,Redington Limited,EQ,2.0,Buyback,2018-09-27,2018-09-28,,,,,corporate_actions_20180901_20180930.json,NSE corporate actions API,BUYBACK,False,False,False,False,False,False,True,False,False,False,False,BUYBACK,,,,,,1,False,False,UNCHANGED,,NSE_4E64EBA18B02,ACTIVE_DATE_MATCH,True,CA_02fabb4f45b44014c04d,2018-09-27,BUYBACK,RESOLVED_NO_DIRECT_HOLDER_ADJUSTMENT,0.0,1.0,0.0,NOT_APPLICABLE,2018-09-27,PASSIVE_HOLDER_NON_PARTICIPATION_POLICY,False,False,LOCAL_NSE_CA_API:corporate_actions_20180901_20180930.json,2018-09-27,NSE_4E64EBA18B02,BUYBACK,Optional tender buyback: RESOLVED_NO_DIRECT_HOLDER_ADJUSTMENT only under the explicit passive-holder assumption that the holder does not tender.,OPTIONAL_TENDER_BUYBACK,PASSIVE_HOLDER_DOES_NOT_TENDER,False,True,,,,,,,,,False,,,CA_02fabb4f45b44014c04d_T1
KIOCL,KIOCL Limited,EQ,10.0,Buyback,2018-09-28,2018-10-01,,,,,corporate_actions_20180901_20180930.json,NSE corporate actions API,BUYBACK,False,False,False,False,False,False,True,False,False,False,False,BUYBACK,,,,,,1,False,False,UNCHANGED,,NSE_AE4994F757D1,ACTIVE_DATE_MATCH,True,CA_08d75dd6694c2d8ff17b,2018-09-28,BUYBACK,RESOLVED_NO_DIRECT_HOLDER_ADJUSTMENT,0.0,1.0,0.0,NOT_APPLICABLE,2018-09-28,PASSIVE_HOLDER_NON_PARTICIPATION_POLICY,False,False,LOCAL_NSE_CA_API:corporate_actions_20180901_20180930.json,2018-09-28,NSE_AE4994F757D1,BUYBACK,Optional tender buyback: RESOLVED_NO_DIRECT_HOLDER_ADJUSTMENT only under the explicit passive-holder assumption that the holder does not tender.,OPTIONAL_TENDER_BUYBACK,PASSIVE_HOLDER_DOES_NOT_TENDER,False,True,,,,,,,,,False,,,CA_08d75dd6694c2d8ff17b_T1
JUSTDIAL,Just Dial Limited,EQ,10.0,Buyback,2018-10-11,2018-10-12,,,,,corporate_actions_20181001_20181031.json,NSE corporate actions API,BUYBACK,False,False,False,False,False,False,True,False,False,False,False,BUYBACK,,,,,,1,False,False,UNCHANGED,,NSE_855E4F920F23,ACTIVE_DATE_MATCH,True,CA_0271b11d670cf3962e2e,2018-10-11,BUYBACK,RESOLVED_NO_DIRECT_HOLDER_ADJUSTMENT,0.0,1.0,0.0,NOT_APPLICABLE,2018-10-11,PASSIVE_HOLDER_NON_PARTICIPATION_POLICY,False,False,LOCAL_NSE_CA_API:corporate_actions_20181001_20181031.json,2018-10-11,NSE_855E4F920F23,BUYBACK,Optional tender buyback: RESOLVED_NO_DIRECT_HOLDER_ADJUSTMENT only under the explicit passive-holder assumption that the holder does not tender.,OPTIONAL_TENDER_BUYBACK,PASSIVE_HOLDER_DOES_NOT_TENDER,False,True,,,,,,,,,False,,,CA_0271b11d670cf3962e2e_T1
LT,Larsen & Toubro Limited,EQ,2.0,Buyback,2018-10-12,2018-10-15,,,,,corporate_actions_20181001_20181031.json,NSE corporate actions API,BUYBACK,False,False,False,False,False,False,True,False,False,False,False,BUYBACK,,,,,,1,False,False,UNCHANGED,,NSE_BD47FE0A54BC,ACTIVE_DATE_MATCH,True,CA_7972e9e5e7b5645c6058,2018-10-12,BUYBACK,RESOLVED_NO_DIRECT_HOLDER_ADJUSTMENT,0.0,1.0,0.0,NOT_APPLICABLE,2018-10-12,PASSIVE_HOLDER_NON_PARTICIPATION_POLICY,False,False,LOCAL_NSE_CA_API:corporate_actions_20181001_20181031.json,2018-10-12,NSE_BD47FE0A54BC,BUYBACK,Optional tender buyback: RESOLVED_NO_DIRECT_HOLDER_ADJUSTMENT only under the explicit passive-holder assumption that the holder does not tender.,OPTIONAL_TENDER_BUYBACK,PASSIVE_HOLDER_DOES_NOT_TENDER,False,True,,,,,,,,,False,,,CA_7972e9e5e7b5645c6058_T1
NLCINDIA,NLC India Limited,EQ,10.0,Buyback,2018-10-23,2018-10-24,,,,,corporate_actions_20181001_20181031.json,NSE corporate actions API,BUYBACK,False,False,False,False,False,False,True,False,False,False,False,BUYBACK,,,,,,1,False,False,UNCHANGED,,NSE_046B9E4F246F,ACTIVE_DATE_MATCH,True,CA_ab7544f1057dd6a42480,2018-10-23,BUYBACK,RESOLVED_NO_DIRECT_HOLDER_ADJUSTMENT,0.0,1.0,0.0,NOT_APPLICABLE,2018-10-23,PASSIVE_HOLDER_NON_PARTICIPATION_POLICY,False,False,LOCAL_NSE_CA_API:corporate_actions_20181001_20181031.json,2018-10-23,NSE_046B9E4F246F,BUYBACK,Optional tender buyback: RESOLVED_NO_DIRECT_HOLDER_ADJUSTMENT only under the explicit passive-holder assumption that the holder does not tender.,OPTIONAL_TENDER_BUYBACK,PASSIVE_HOLDER_DOES_NOT_TENDER,False,True,,,,,,,,,False,,,CA_ab7544f1057dd6a42480_T1
MPHASIS,MphasiS Limited,EQ,10.0,Buyback,2018-10-24,2018-10-25,,,,,corporate_actions_20181001_20181031.json,NSE corporate actions API,BUYBACK,False,False,False,False,False,False,True,False,False,False,False,BUYBACK,,,,,,1,False,False,UNCHANGED,,NSE_D3E18AD37B1B,ACTIVE_DATE_MATCH,True,CA_702385cc5b9c8c7d94ec,2018-10-24,BUYBACK,RESOLVED_NO_DIRECT_HOLDER_ADJUSTMENT,0.0,1.0,0.0,NOT_APPLICABLE,2018-10-24,PASSIVE_HOLDER_NON_PARTICIPATION_POLICY,False,False,LOCAL_NSE_CA_API:corporate_actions_20181001_20181031.json,2018-10-24,NSE_D3E18AD37B1B,BUYBACK,Optional tender buyback: RESOLVED_NO_DIRECT_HOLDER_ADJUSTMENT only under the explicit passive-holder assumption that the holder does not tender.,OPTIONAL_TENDER_BUYBACK,PASSIVE_HOLDER_DOES_NOT_TENDER,False,True,,,,,,,,,False,,,CA_702385cc5b9c8c7d94ec_T1
BHEL,Bharat Heavy Electricals Limited,EQ,2.0,Buyback,2018-11-05,2018-11-06,,,,,corporate_actions_20181101_20181130.json,NSE corporate actions API,BUYBACK,False,False,False,False,False,False,True,False,False,False,False,BUYBACK,,,,,,1,False,False,UNCHANGED,,NSE_F24EF99FB1C3,ACTIVE_DATE_MATCH,True,CA_ead844b94c9e1907fa6b,2018-11-05,BUYBACK,RESOLVED_NO_DIRECT_HOLDER_ADJUSTMENT,0.0,1.0,0.0,NOT_APPLICABLE,2018-11-05,PASSIVE_HOLDER_NON_PARTICIPATION_POLICY,False,False,LOCAL_NSE_CA_API:corporate_actions_20181101_20181130.json,2018-11-05,NSE_F24EF99FB1C3,BUYBACK,Optional tender buyback: RESOLVED_NO_DIRECT_HOLDER_ADJUSTMENT only under the explicit passive-holder assumption that the holder does not tender.,OPTIONAL_TENDER_BUYBACK,PASSIVE_HOLDER_DOES_NOT_TENDER,False,True,,,,,,,,,False,,,CA_ead844b94c9e1907fa6b_T1
NHPC,NHPC Limited,EQ,10.0,Buyback,2018-11-29,2018-11-30,,,,,corporate_actions_20181101_20181130.json,NSE corporate actions API,BUYBACK,False,False,False,False,False,False,True,False,False,False,False,BUYBACK,,,,,,1,False,False,UNCHANGED,,NSE_11AC767B4B31,ACTIVE_DATE_MATCH,True,CA_1ca1dbc2bf0d624f0fb0,2018-11-29,BUYBACK,RESOLVED_NO_DIRECT_HOLDER_ADJUSTMENT,0.0,1.0,0.0,NOT_APPLICABLE,2018-11-29,PASSIVE_HOLDER_NON_PARTICIPATION_POLICY,False,False,LOCAL_NSE_CA_API:corporate_actions_20181101_20181130.json,2018-11-29,NSE_11AC767B4B31,BUYBACK,Optional tender buyback: RESOLVED_NO_DIRECT_HOLDER_ADJUSTMENT only under the explicit passive-holder assumption that the holder does not tender.,OPTIONAL_TENDER_BUYBACK,PASSIVE_HOLDER_DOES_NOT_TENDER,False,True,,,,,,,,,False,,,CA_1ca1dbc2bf0d624f0fb0_T1
BOSCHLTD,Bosch Limited,EQ,10.0,Buyback,2018-12-20,2018-12-21,,,,,corporate_actions_20181201_20181231.json,NSE corporate actions API,BUYBACK,False,False,False,False,False,False,True,False,False,False,False,BUYBACK,,,,,,1,False,False,UNCHANGED,,NSE_78D31F8AF004,ACTIVE_DATE_MATCH,True,CA_eddad1a480e2093b7376,2018-12-20,BUYBACK,RESOLVED_NO_DIRECT_HOLDER_ADJUSTMENT,0.0,1.0,0.0,NOT_APPLICABLE,2018-12-20,PASSIVE_HOLDER_NON_PARTICIPATION_POLICY,False,False,LOCAL_NSE_CA_API:corporate_actions_20181201_20181231.json,2018-12-20,NSE_78D31F8AF004,BUYBACK,Optional tender buyback: RESOLVED_NO_DIRECT_HOLDER_ADJUSTMENT only under the explicit passive-holder assumption that the holder does not tender.,OPTIONAL_TENDER_BUYBACK,PASSIVE_HOLDER_DOES_NOT_TENDER,False,True,,,,,,,,,False,,,CA_eddad1a480e2093b7376_T1
SKFINDIA,SKF India Limited,EQ,10.0,Buyback,2018-12-20,2018-12-21,,,,,corporate_actions_20181201_20181231.json,NSE corporate actions API,BUYBACK,False,False,False,False,False,False,True,False,False,False,False,BUYBACK,,,,,,1,False,False,UNCHANGED,,NSE_20780186B67E,ACTIVE_DATE_MATCH,True,CA_3b06f7c0c65237c53b6b,2018-12-20,BUYBACK,RESOLVED_NO_DIRECT_HOLDER_ADJUSTMENT,0.0,1.0,0.0,NOT_APPLICABLE,2018-12-20,PASSIVE_HOLDER_NON_PARTICIPATION_POLICY,False,False,LOCAL_NSE_CA_API:corporate_actions_20181201_20181231.json,2018-12-20,NSE_20780186B67E,BUYBACK,Optional tender buyback: RESOLVED_NO_DIRECT_HOLDER_ADJUSTMENT only under the explicit passive-holder assumption that the holder does not tender.,OPTIONAL_TENDER_BUYBACK,PASSIVE_HOLDER_DOES_NOT_TENDER,False,True,,,,,,,,,False,,,CA_3b06f7c0c65237c53b6b_T1
IOC,Indian Oil Corporation Limited,EQ,10.0,Buyback,2018-12-21,2018-12-25,,,,,corporate_actions_20181201_20181231.json,NSE corporate actions API,BUYBACK,False,False,False,False,False,False,True,False,False,False,False,BUYBACK,,,,,,1,False,False,UNCHANGED,,NSE_6139CAE11930,ACTIVE_DATE_MATCH,True,CA_a0a19c136b7b32b8c18d,2018-12-21,BUYBACK,RESOLVED_NO_DIRECT_HOLDER_ADJUSTMENT,0.0,1.0,0.0,NOT_APPLICABLE,2018-12-21,PASSIVE_HOLDER_NON_PARTICIPATION_POLICY,False,False,LOCAL_NSE_CA_API:corporate_actions_20181201_20181231.json,2018-12-21,NSE_6139CAE11930,BUYBACK,Optional tender buyback: RESOLVED_NO_DIRECT_HOLDER_ADJUSTMENT only under the explicit passive-holder assumption that the holder does not tender.,OPTIONAL_TENDER_BUYBACK,PASSIVE_HOLDER_DOES_NOT_TENDER,False,True,,,,,,,,,False,,,CA_a0a19c136b7b32b8c18d_T1
FDC,FDC Limited,EQ,1.0,Buyback,2019-06-06,2019-06-07,,,,,corporate_actions_20190601_20190630.json,NSE corporate actions API,BUYBACK,False,False,False,False,False,False,True,False,False,False,False,BUYBACK,,,,,,1,False,False,UNCHANGED,,NSE_F0C8DB46A2B5,ACTIVE_DATE_MATCH,True,CA_9350eee1fada19cc6498,2019-06-06,BUYBACK,RESOLVED_NO_DIRECT_HOLDER_ADJUSTMENT,0.0,1.0,0.0,NOT_APPLICABLE,2019-06-06,PASSIVE_HOLDER_NON_PARTICIPATION_POLICY,False,False,LOCAL_NSE_CA_API:corporate_actions_20190601_20190630.json,2019-06-06,NSE_F0C8DB46A2B5,BUYBACK,Optional tender buyback: RESOLVED_NO_DIRECT_HOLDER_ADJUSTMENT only under the explicit passive-holder assumption that the holder does not tender.,OPTIONAL_TENDER_BUYBACK,PASSIVE_HOLDER_DOES_NOT_TENDER,False,True,,,,,,,,,False,,,CA_9350eee1fada19cc6498_T1
KPRMILL,K.P.R. Mill Limited,EQ,1.0,Buyback,2019-06-18,2019-06-19,,,,,corporate_actions_20190601_20190630.json,NSE corporate actions API,BUYBACK,False,False,False,False,False,False,True,False,False,False,False,BUYBACK,,,,,,1,False,False,UNCHANGED,,NSE_03C46C5018D2,ACTIVE_DATE_MATCH,True,CA_f6e6f10a52cf94077800,2019-06-18,BUYBACK,RESOLVED_NO_DIRECT_HOLDER_ADJUSTMENT,0.0,1.0,0.0,NOT_APPLICABLE,2019-06-18,PASSIVE_HOLDER_NON_PARTICIPATION_POLICY,False,False,LOCAL_NSE_CA_API:corporate_actions_20190601_20190630.json,2019-06-18,NSE_03C46C5018D2,BUYBACK,Optional tender buyback: RESOLVED_NO_DIRECT_HOLDER_ADJUSTMENT only under the explicit passive-holder assumption that the holder does not tender.,OPTIONAL_TENDER_BUYBACK,PASSIVE_HOLDER_DOES_NOT_TENDER,False,True,,,,,,,,,False,,,CA_f6e6f10a52cf94077800_T1
SHK,S H Kelkar and Company Limited,EQ,10.0,Buyback,2019-06-19,2019-06-20,,,,,corporate_actions_20190601_20190630.json,NSE corporate actions API,BUYBACK,False,False,False,False,False,False,True,False,False,False,False,BUYBACK,,,,,,1,False,False,UNCHANGED,,NSE_F8512C975E62,ACTIVE_DATE_MATCH,True,CA_664e39b1b626dae76c9e,2019-06-19,BUYBACK,RESOLVED_NO_DIRECT_HOLDER_ADJUSTMENT,0.0,1.0,0.0,NOT_APPLICABLE,2019-06-19,PASSIVE_HOLDER_NON_PARTICIPATION_POLICY,False,False,LOCAL_NSE_CA_API:corporate_actions_20190601_20190630.json,2019-06-19,NSE_F8512C975E62,BUYBACK,Optional tender buyback: RESOLVED_NO_DIRECT_HOLDER_ADJUSTMENT only under the explicit passive-holder assumption that the holder does not tender.,OPTIONAL_TENDER_BUYBACK,PASSIVE_HOLDER_DOES_NOT_TENDER,False,True,,,,,,,,,False,,,CA_664e39b1b626dae76c9e_T1
ADANIPORTS,Adani Ports and Special Economic Zone Limited,EQ,2.0,Buyback,2019-06-20,2019-06-21,,,,,corporate_actions_20190601_20190630.json,NSE corporate actions API,BUYBACK,False,False,False,False,False,False,True,False,False,False,False,BUYBACK,,,,,,1,False,False,UNCHANGED,,NSE_D7198FEB3064,ACTIVE_DATE_MATCH,True,CA_43188b2ac31fdd5663ab,2019-06-20,BUYBACK,RESOLVED_NO_DIRECT_HOLDER_ADJUSTMENT,0.0,1.0,0.0,NOT_APPLICABLE,2019-06-20,PASSIVE_HOLDER_NON_PARTICIPATION_POLICY,False,False,LOCAL_NSE_CA_API:corporate_actions_20190601_20190630.json,2019-06-20,NSE_D7198FEB3064,BUYBACK,Optional tender buyback: RESOLVED_NO_DIRECT_HOLDER_ADJUSTMENT only under the explicit passive-holder assumption that the holder does not tender.,OPTIONAL_TENDER_BUYBACK,PASSIVE_HOLDER_DOES_NOT_TENDER,False,True,,,,,,,,,False,,,CA_43188b2ac31fdd5663ab_T1
WIPRO,Wipro Limited,EQ,2.0,Buyback,2019-06-20,2019-06-21,,,,,corporate_actions_20190601_20190630.json,NSE corporate actions API,BUYBACK,False,False,False,False,False,False,True,False,False,False,False,BUYBACK,,,,,,1,False,False,UNCHANGED,,NSE_060294DF8B9D,ACTIVE_DATE_MATCH,True,CA_cb65ba2274d39d1d7946,2019-06-20,BUYBACK,RESOLVED_NO_DIRECT_HOLDER_ADJUSTMENT,0.0,1.0,0.0,NOT_APPLICABLE,2019-06-20,PASSIVE_HOLDER_NON_PARTICIPATION_POLICY,False,False,LOCAL_NSE_CA_API:corporate_actions_20190601_20190630.json,2019-06-20,NSE_060294DF8B9D,BUYBACK,Optional tender buyback: RESOLVED_NO_DIRECT_HOLDER_ADJUSTMENT only under the explicit passive-holder assumption that the holder does not tender.,OPTIONAL_TENDER_BUYBACK,PASSIVE_HOLDER_DOES_NOT_TENDER,False,True,,,,,,,,,False,,,CA_cb65ba2274d39d1d7946_T1
STARCEMENT,Star Cement Limited,EQ,1.0,Buyback,2019-07-04,2019-07-05,,,,,corporate_actions_20190701_20190731.json,NSE corporate actions API,BUYBACK,False,False,False,False,False,False,True,False,False,False,False,BUYBACK,,,,,,1,False,False,UNCHANGED,,NSE_9ABAD18182CF,ACTIVE_DATE_MATCH,True,CA_e91a532406c77876f8fb,2019-07-04,BUYBACK,RESOLVED_NO_DIRECT_HOLDER_ADJUSTMENT,0.0,1.0,0.0,NOT_APPLICABLE,2019-07-04,PASSIVE_HOLDER_NON_PARTICIPATION_POLICY,False,False,LOCAL_NSE_CA_API:corporate_actions_20190701_20190731.json,2019-07-04,NSE_9ABAD18182CF,BUYBACK,Optional tender buyback: RESOLVED_NO_DIRECT_HOLDER_ADJUSTMENT only under the explicit passive-holder assumption that the holder does not tender.,OPTIONAL_TENDER_BUYBACK,PASSIVE_HOLDER_DOES_NOT_TENDER,False,True,,,,,,,,,False,,,CA_e91a532406c77876f8fb_T1
WELCORP,Welspun Corp Limited,EQ,5.0,Buyback,2019-07-04,2019-07-05,,,,,corporate_actions_20190701_20190731.json,NSE corporate actions API,BUYBACK,False,False,False,False,False,False,True,False,False,False,False,BUYBACK,,,,,,1,False,False,UNCHANGED,,NSE_DD6A0E2BA440,ACTIVE_DATE_MATCH,True,CA_4288b28f92141ab95d27,2019-07-04,BUYBACK,RESOLVED_NO_DIRECT_HOLDER_ADJUSTMENT,0.0,1.0,0.0,NOT_APPLICABLE,2019-07-04,PASSIVE_HOLDER_NON_PARTICIPATION_POLICY,False,False,LOCAL_NSE_CA_API:corporate_actions_20190701_20190731.json,2019-07-04,NSE_DD6A0E2BA440,BUYBACK,Optional tender buyback: RESOLVED_NO_DIRECT_HOLDER_ADJUSTMENT only under the explicit passive-holder assumption that the holder does not tender.,OPTIONAL_TENDER_BUYBACK,PASSIVE_HOLDER_DOES_NOT_TENDER,False,True,,,,,,,,,False,,,CA_4288b28f92141ab95d27_T1
GREAVESCOT,Greaves Cotton Limited,EQ,2.0,Buyback,2019-07-11,2019-07-12,,,,,corporate_actions_20190701_20190731.json,NSE corporate actions API,BUYBACK,False,False,False,False,False,False,True,False,False,False,False,BUYBACK,,,,,,1,False,False,UNCHANGED,,NSE_57BC5308EED3,ACTIVE_DATE_MATCH,True,CA_23751facfaa4aefe708e,2019-07-11,BUYBACK,RESOLVED_NO_DIRECT_HOLDER_ADJUSTMENT,0.0,1.0,0.0,NOT_APPLICABLE,2019-07-11,PASSIVE_HOLDER_NON_PARTICIPATION_POLICY,False,False,LOCAL_NSE_CA_API:corporate_actions_20190701_20190731.json,2019-07-11,NSE_57BC5308EED3,BUYBACK,Optional tender buyback: RESOLVED_NO_DIRECT_HOLDER_ADJUSTMENT only under the explicit passive-holder assumption that the holder does not tender.,OPTIONAL_TENDER_BUYBACK,PASSIVE_HOLDER_DOES_NOT_TENDER,False,True,,,,,,,,,False,,,CA_23751facfaa4aefe708e_T1
ERIS,Eris Lifesciences Limited,EQ,1.0,Buyback,2019-07-12,2019-07-15,,,,,corporate_actions_20190701_20190731.json,NSE corporate actions API,BUYBACK,False,False,False,False,False,False,True,False,False,False,False,BUYBACK,,,,,,1,False,False,UNCHANGED,,NSE_8CDF4E326200,ACTIVE_DATE_MATCH,True,CA_e110fee17e71e555507b,2019-07-12,BUYBACK,RESOLVED_NO_DIRECT_HOLDER_ADJUSTMENT,0.0,1.0,0.0,NOT_APPLICABLE,2019-07-12,PASSIVE_HOLDER_NON_PARTICIPATION_POLICY,False,False,LOCAL_NSE_CA_API:corporate_actions_20190701_20190731.json,2019-07-12,NSE_8CDF4E326200,BUYBACK,Optional tender buyback: RESOLVED_NO_DIRECT_HOLDER_ADJUSTMENT only under the explicit passive-holder assumption that the holder does not tender.,OPTIONAL_TENDER_BUYBACK,PASSIVE_HOLDER_DOES_NOT_TENDER,False,True,,,,,,,,,False,,,CA_e110fee17e71e555507b_T1
BSE,BSE Limited,EQ,2.0,Buyback,2019-07-26,2019-07-29,,,,,corporate_actions_20190701_20190731.json,NSE corporate actions API,BUYBACK,False,False,False,False,False,False,True,False,False,False,False,BUYBACK,,,,,,1,False,False,UNCHANGED,,NSE_421D2CAC1A97,ACTIVE_DATE_MATCH,True,CA_de4ec6fa8b80bb5c365f,2019-07-26,BUYBACK,RESOLVED_NO_DIRECT_HOLDER_ADJUSTMENT,0.0,1.0,0.0,NOT_APPLICABLE,2019-07-26,PASSIVE_HOLDER_NON_PARTICIPATION_POLICY,False,False,LOCAL_NSE_CA_API:corporate_actions_20190701_20190731.json,2019-07-26,NSE_421D2CAC1A97,BUYBACK,Optional tender buyback: RESOLVED_NO_DIRECT_HOLDER_ADJUSTMENT only under the explicit passive-holder assumption that the holder does not tender.,OPTIONAL_TENDER_BUYBACK,PASSIVE_HOLDER_DOES_NOT_TENDER,False,True,,,,,,,,,False,,,CA_de4ec6fa8b80bb5c365f_T1
JBCHEPHARM,JB Chemicals & Pharmaceuticals Limited,EQ,1.0,Buyback,2019-11-21,2019-11-22,,,,,corporate_actions_20191101_20191130.json,NSE corporate actions API,BUYBACK,False,False,False,False,False,False,True,False,False,False,False,BUYBACK,,,,,,1,False,False,UNCHANGED,,NSE_3FEBC275AA7F,ACTIVE_DATE_MATCH,True,CA_b295cb3434ac5d1c49fb,2019-11-21,BUYBACK,RESOLVED_NO_DIRECT_HOLDER_ADJUSTMENT,0.0,1.0,0.0,NOT_APPLICABLE,2019-11-21,PASSIVE_HOLDER_NON_PARTICIPATION_POLICY,False,False,LOCAL_NSE_CA_API:corporate_actions_20191101_20191130.json,2019-11-21,NSE_3FEBC275AA7F,BUYBACK,Optional tender buyback: RESOLVED_NO_DIRECT_HOLDER_ADJUSTMENT only under the explicit passive-holder assumption that the holder does not tender.,OPTIONAL_TENDER_BUYBACK,PASSIVE_HOLDER_DOES_NOT_TENDER,False,True,,,,,,,,,False,,,CA_b295cb3434ac5d1c49fb_T1
KSCL,Kaveri Seed Company Limited,EQ,2.0,Buyback,2019-11-21,2019-11-22,,,,,corporate_actions_20191101_20191130.json,NSE corporate actions API,BUYBACK,False,False,False,False,False,False,True,False,False,False,False,BUYBACK,,,,,,1,False,False,UNCHANGED,,NSE_8B27DC002544,ACTIVE_DATE_MATCH,True,CA_dbd1509999b5821e4e50,2019-11-21,BUYBACK,RESOLVED_NO_DIRECT_HOLDER_ADJUSTMENT,0.0,1.0,0.0,NOT_APPLICABLE,2019-11-21,PASSIVE_HOLDER_NON_PARTICIPATION_POLICY,False,False,LOCAL_NSE_CA_API:corporate_actions_20191101_20191130.json,2019-11-21,NSE_8B27DC002544,BUYBACK,Optional tender buyback: RESOLVED_NO_DIRECT_HOLDER_ADJUSTMENT only under the explicit passive-holder assumption that the holder does not tender.,OPTIONAL_TENDER_BUYBACK,PASSIVE_HOLDER_DOES_NOT_TENDER,False,True,,,,,,,,,False,,,CA_dbd1509999b5821e4e50_T1
MOIL,MOIL Limited,EQ,10.0,Buyback,2019-11-26,2019-11-27,,,,,corporate_actions_20191101_20191130.json,NSE corporate actions API,BUYBACK,False,False,False,False,False,False,True,False,False,False,False,BUYBACK,,,,,,1,False,False,UNCHANGED,,NSE_D9F56642B79E,ACTIVE_DATE_MATCH,True,CA_8c76c8589ddac6641f61,2019-11-26,BUYBACK,RESOLVED_NO_DIRECT_HOLDER_ADJUSTMENT,0.0,1.0,0.0,NOT_APPLICABLE,2019-11-26,PASSIVE_HOLDER_NON_PARTICIPATION_POLICY,False,False,LOCAL_NSE_CA_API:corporate_actions_20191101_20191130.json,2019-11-26,NSE_D9F56642B79E,BUYBACK,Optional tender buyback: RESOLVED_NO_DIRECT_HOLDER_ADJUSTMENT only under the explicit passive-holder assumption that the holder does not tender.,OPTIONAL_TENDER_BUYBACK,PASSIVE_HOLDER_DOES_NOT_TENDER,False,True,,,,,,,,,False,,,CA_8c76c8589ddac6641f61_T1
GRANULES,Granules India Limited,EQ,1.0,Buyback,2020-03-19,2020-03-20,,,,,corporate_actions_20200301_20200331.json,NSE corporate actions API,BUYBACK,False,False,False,False,False,False,True,False,False,False,False,BUYBACK,,,,,,1,False,False,UNCHANGED,,NSE_148E052CEC64,ACTIVE_DATE_MATCH,True,CA_897416730fe6f16eeeeb,2020-03-19,BUYBACK,RESOLVED_NO_DIRECT_HOLDER_ADJUSTMENT,0.0,1.0,0.0,NOT_APPLICABLE,2020-03-19,PASSIVE_HOLDER_NON_PARTICIPATION_POLICY,False,False,LOCAL_NSE_CA_API:corporate_actions_20200301_20200331.json,2020-03-19,NSE_148E052CEC64,BUYBACK,Optional tender buyback: RESOLVED_NO_DIRECT_HOLDER_ADJUSTMENT only under the explicit passive-holder assumption that the holder does not tender.,OPTIONAL_TENDER_BUYBACK,PASSIVE_HOLDER_DOES_NOT_TENDER,False,True,,,,,,,,,False,,,CA_897416730fe6f16eeeeb_T1
BALRAMCHIN,Balrampur Chini Mills Limited,EQ,1.0,Buyback,2020-07-02,2020-07-03,,,,,corporate_actions_20200701_20200731.json,NSE corporate actions API,BUYBACK,False,False,False,False,False,False,True,False,False,False,False,BUYBACK,,,,,,1,False,False,UNCHANGED,,NSE_D7CAF5D174A7,ACTIVE_DATE_MATCH,True,CA_229ec1664eea14c78435,2020-07-02,BUYBACK,RESOLVED_NO_DIRECT_HOLDER_ADJUSTMENT,0.0,1.0,0.0,NOT_APPLICABLE,2020-07-02,PASSIVE_HOLDER_NON_PARTICIPATION_POLICY,False,False,LOCAL_NSE_CA_API:corporate_actions_20200701_20200731.json,2020-07-02,NSE_D7CAF5D174A7,BUYBACK,Optional tender buyback: RESOLVED_NO_DIRECT_HOLDER_ADJUSTMENT only under the explicit passive-holder assumption that the holder does not tender.,OPTIONAL_TENDER_BUYBACK,PASSIVE_HOLDER_DOES_NOT_TENDER,False,True,,,,,,,,,False,,,CA_229ec1664eea14c78435_T1
JUSTDIAL,Just Dial Limited,EQ,10.0,Buyback,2020-07-02,2020-07-03,,,,,corporate_actions_20200701_20200731.json,NSE corporate actions API,BUYBACK,False,False,False,False,False,False,True,False,False,False,False,BUYBACK,,,,,,1,False,False,UNCHANGED,,NSE_855E4F920F23,ACTIVE_DATE_MATCH,True,CA_e7b7995945e2287a8311,2020-07-02,BUYBACK,RESOLVED_NO_DIRECT_HOLDER_ADJUSTMENT,0.0,1.0,0.0,NOT_APPLICABLE,2020-07-02,PASSIVE_HOLDER_NON_PARTICIPATION_POLICY,False,False,LOCAL_NSE_CA_API:corporate_actions_20200701_20200731.json,2020-07-02,NSE_855E4F920F23,BUYBACK,Optional tender buyback: RESOLVED_NO_DIRECT_HOLDER_ADJUSTMENT only under the explicit passive-holder assumption that the holder does not tender.,OPTIONAL_TENDER_BUYBACK,PASSIVE_HOLDER_DOES_NOT_TENDER,False,True,,,,,,,,,False,,,CA_e7b7995945e2287a8311_T1
FDC,FDC Limited,EQ,1.0,Buyback,2020-08-20,2020-08-21,,,,,corporate_actions_20200801_20200831.json,NSE corporate actions API,BUYBACK,False,False,False,False,False,False,True,False,False,False,False,BUYBACK,,,,,,1,False,False,UNCHANGED,,NSE_F0C8DB46A2B5,ACTIVE_DATE_MATCH,True,CA_fa3688398d1df9452d6a,2020-08-20,BUYBACK,RESOLVED_NO_DIRECT_HOLDER_ADJUSTMENT,0.0,1.0,0.0,NOT_APPLICABLE,2020-08-20,PASSIVE_HOLDER_NON_PARTICIPATION_POLICY,False,False,LOCAL_NSE_CA_API:corporate_actions_20200801_20200831.json,2020-08-20,NSE_F0C8DB46A2B5,BUYBACK,Optional tender buyback: RESOLVED_NO_DIRECT_HOLDER_ADJUSTMENT only under the explicit passive-holder assumption that the holder does not tender.,OPTIONAL_TENDER_BUYBACK,PASSIVE_HOLDER_DOES_NOT_TENDER,False,True,,,,,,,,,False,,,CA_fa3688398d1df9452d6a_T1
DHANUKA,Dhanuka Agritech Limited,EQ,2.0,Buyback,2020-09-25,2020-09-28,,,,,corporate_actions_20200901_20200930.json,NSE corporate actions API,BUYBACK,False,False,False,False,False,False,True,False,False,False,False,BUYBACK,,,,,,1,False,False,UNCHANGED,,NSE_9891A0739E64,ACTIVE_DATE_MATCH,True,CA_de57f98a3b2b159341f5,2020-09-25,BUYBACK,RESOLVED_NO_DIRECT_HOLDER_ADJUSTMENT,0.0,1.0,0.0,NOT_APPLICABLE,2020-09-25,PASSIVE_HOLDER_NON_PARTICIPATION_POLICY,False,False,LOCAL_NSE_CA_API:corporate_actions_20200901_20200930.json,2020-09-25,NSE_9891A0739E64,BUYBACK,Optional tender buyback: RESOLVED_NO_DIRECT_HOLDER_ADJUSTMENT only under the explicit passive-holder assumption that the holder does not tender.,OPTIONAL_TENDER_BUYBACK,PASSIVE_HOLDER_DOES_NOT_TENDER,False,True,,,,,,,,,False,,,CA_de57f98a3b2b159341f5_T1
RITES,RITES Limited,EQ,10.0,Buyback,2020-09-29,2020-09-30,,,,,corporate_actions_20200901_20200930.json,NSE corporate actions API,BUYBACK,False,False,False,False,False,False,True,False,False,False,False,BUYBACK,,,,,,1,False,False,UNCHANGED,,NSE_88F316E09646,ACTIVE_DATE_MATCH,True,CA_a345d1a226c9ba9d8f4a,2020-09-29,BUYBACK,RESOLVED_NO_DIRECT_HOLDER_ADJUSTMENT,0.0,1.0,0.0,NOT_APPLICABLE,2020-09-29,PASSIVE_HOLDER_NON_PARTICIPATION_POLICY,False,False,LOCAL_NSE_CA_API:corporate_actions_20200901_20200930.json,2020-09-29,NSE_88F316E09646,BUYBACK,Optional tender buyback: RESOLVED_NO_DIRECT_HOLDER_ADJUSTMENT only under the explicit passive-holder assumption that the holder does not tender.,OPTIONAL_TENDER_BUYBACK,PASSIVE_HOLDER_DOES_NOT_TENDER,False,True,,,,,,,,,False,,,CA_a345d1a226c9ba9d8f4a_T1
AJANTPHARM,Ajanta Pharma Limited,EQ,2.0,Buyback,2020-11-12,2020-11-13,,,,,corporate_actions_20201101_20201130.json,NSE corporate actions API,BUYBACK,False,False,False,False,False,False,True,False,False,False,False,BUYBACK,,,,,,1,False,False,UNCHANGED,,NSE_790EA781FCF2,ACTIVE_DATE_MATCH,True,CA_1880042c077da550cf01,2020-11-12,BUYBACK,RESOLVED_NO_DIRECT_HOLDER_ADJUSTMENT,0.0,1.0,0.0,NOT_APPLICABLE,2020-11-12,PASSIVE_HOLDER_NON_PARTICIPATION_POLICY,False,False,LOCAL_NSE_CA_API:corporate_actions_20201101_20201130.json,2020-11-12,NSE_790EA781FCF2,BUYBACK,Optional tender buyback: RESOLVED_NO_DIRECT_HOLDER_ADJUSTMENT only under the explicit passive-holder assumption that the holder does not tender.,OPTIONAL_TENDER_BUYBACK,PASSIVE_HOLDER_DOES_NOT_TENDER,False,True,,,,,,,,,False,,,CA_1880042c077da550cf01_T1
NTPC,NTPC Limited,EQ,10.0,Buy-Back,2020-11-12,2020-11-13,,,,,corporate_actions_20201101_20201130.json,NSE corporate actions API,BUY-BACK,False,False,False,False,False,False,True,False,False,False,False,BUYBACK,,,,,,1,False,False,UNCHANGED,,NSE_4FB8019524D0,ACTIVE_DATE_MATCH,True,CA_d28aa0bbe72583d641af,2020-11-12,BUYBACK,RESOLVED_NO_DIRECT_HOLDER_ADJUSTMENT,0.0,1.0,0.0,NOT_APPLICABLE,2020-11-12,PASSIVE_HOLDER_NON_PARTICIPATION_POLICY,False,False,LOCAL_NSE_CA_API:corporate_actions_20201101_20201130.json,2020-11-12,NSE_4FB8019524D0,BUYBACK,Optional tender buyback: RESOLVED_NO_DIRECT_HOLDER_ADJUSTMENT only under the explicit passive-holder assumption that the holder does not tender.,OPTIONAL_TENDER_BUYBACK,PASSIVE_HOLDER_DOES_NOT_TENDER,False,True,,,,,,,,,False,,,CA_d28aa0bbe72583d641af_T1
TCS,Tata Consultancy Services Limited,EQ,1.0,Buyback,2020-11-26,2020-11-28,,,,,corporate_actions_20201101_20201130.json,NSE corporate actions API,BUYBACK,False,False,False,False,False,False,True,False,False,False,False,BUYBACK,,,,,,1,False,False,UNCHANGED,,NSE_DBD0EB2724E0,ACTIVE_DATE_MATCH,True,CA_6d9f43c44373f2de8a6c,2020-11-26,BUYBACK,RESOLVED_NO_DIRECT_HOLDER_ADJUSTMENT,0.0,1.0,0.0,NOT_APPLICABLE,2020-11-26,PASSIVE_HOLDER_NON_PARTICIPATION_POLICY,False,False,LOCAL_NSE_CA_API:corporate_actions_20201101_20201130.json,2020-11-26,NSE_DBD0EB2724E0,BUYBACK,Optional tender buyback: RESOLVED_NO_DIRECT_HOLDER_ADJUSTMENT only under the explicit passive-holder assumption that the holder does not tender.,OPTIONAL_TENDER_BUYBACK,PASSIVE_HOLDER_DOES_NOT_TENDER,False,True,,,,,,,,,False,,,CA_6d9f43c44373f2de8a6c_T1
GARFIBRES,Garware Technical Fibres Limited,EQ,10.0,Buyback,2020-12-10,2020-12-11,,,,,corporate_actions_20201201_20201231.json,NSE corporate actions API,BUYBACK,False,False,False,False,False,False,True,False,False,False,False,BUYBACK,,,,,,1,False,False,UNCHANGED,,NSE_11DA18056321,ACTIVE_DATE_MATCH,True,CA_f2bc299683b40458c456,2020-12-10,BUYBACK,RESOLVED_NO_DIRECT_HOLDER_ADJUSTMENT,0.0,1.0,0.0,NOT_APPLICABLE,2020-12-10,PASSIVE_HOLDER_NON_PARTICIPATION_POLICY,False,False,LOCAL_NSE_CA_API:corporate_actions_20201201_20201231.json,2020-12-10,NSE_11DA18056321,BUYBACK,Optional tender buyback: RESOLVED_NO_DIRECT_HOLDER_ADJUSTMENT only under the explicit passive-holder assumption that the holder does not tender.,OPTIONAL_TENDER_BUYBACK,PASSIVE_HOLDER_DOES_NOT_TENDER,False,True,,,,,,,,,False,,,CA_f2bc299683b40458c456_T1
WIPRO,Wipro Limited,EQ,2.0,Buyback,2020-12-10,2020-12-11,,,,,corporate_actions_20201201_20201231.json,NSE corporate actions API,BUYBACK,False,False,False,False,False,False,True,False,False,False,False,BUYBACK,,,,,,1,False,False,UNCHANGED,,NSE_060294DF8B9D,ACTIVE_DATE_MATCH,True,CA_89e54b82eda7c5ccefe7,2020-12-10,BUYBACK,RESOLVED_NO_DIRECT_HOLDER_ADJUSTMENT,0.0,1.0,0.0,NOT_APPLICABLE,2020-12-10,PASSIVE_HOLDER_NON_PARTICIPATION_POLICY,False,False,LOCAL_NSE_CA_API:corporate_actions_20201201_20201231.json,2020-12-10,NSE_060294DF8B9D,BUYBACK,Optional tender buyback: RESOLVED_NO_DIRECT_HOLDER_ADJUSTMENT only under the explicit passive-holder assumption that the holder does not tender.,OPTIONAL_TENDER_BUYBACK,PASSIVE_HOLDER_DOES_NOT_TENDER,False,True,,,,,,,,,False,,,CA_89e54b82eda7c5ccefe7_T1
ENGINERSIN,Engineers India Limited,EQ,5.0,Buyback,2020-12-31,2021-01-01,,,,,corporate_actions_20201201_20201231.json,NSE corporate actions API,BUYBACK,False,False,False,False,False,False,True,False,False,False,False,BUYBACK,,,,,,1,False,False,UNCHANGED,,NSE_7468CCFC85B1,ACTIVE_DATE_MATCH,True,CA_fbb342e432075b9e1da4,2020-12-31,BUYBACK,RESOLVED_NO_DIRECT_HOLDER_ADJUSTMENT,0.0,1.0,0.0,NOT_APPLICABLE,2020-12-31,PASSIVE_HOLDER_NON_PARTICIPATION_POLICY,False,False,LOCAL_NSE_CA_API:corporate_actions_20201201_20201231.json,2020-12-31,NSE_7468CCFC85B1,BUYBACK,Optional tender buyback: RESOLVED_NO_DIRECT_HOLDER_ADJUSTMENT only under the explicit passive-holder assumption that the holder does not tender.,OPTIONAL_TENDER_BUYBACK,PASSIVE_HOLDER_DOES_NOT_TENDER,False,True,,,,,,,,,False,,,CA_fbb342e432075b9e1da4_T1
GAIL,GAIL (India) Limited,EQ,10.0,Buyback,2021-01-27,2021-01-28,,,,,corporate_actions_20210101_20210131.json,NSE corporate actions API,BUYBACK,False,False,False,False,False,False,True,False,False,False,False,BUYBACK,,,,,,1,False,False,UNCHANGED,,NSE_1A8C5F9B8D6A,ACTIVE_DATE_MATCH,True,CA_4fcb783786703c6fdf9c,2021-01-27,BUYBACK,RESOLVED_NO_DIRECT_HOLDER_ADJUSTMENT,0.0,1.0,0.0,NOT_APPLICABLE,2021-01-27,PASSIVE_HOLDER_NON_PARTICIPATION_POLICY,False,False,LOCAL_NSE_CA_API:corporate_actions_20210101_20210131.json,2021-01-27,NSE_1A8C5F9B8D6A,BUYBACK,Optional tender buyback: RESOLVED_NO_DIRECT_HOLDER_ADJUSTMENT only under the explicit passive-holder assumption that the holder does not tender.,OPTIONAL_TENDER_BUYBACK,PASSIVE_HOLDER_DOES_NOT_TENDER,False,True,,,,,,,,,False,,,CA_4fcb783786703c6fdf9c_T1
NATIONALUM,National Aluminium Company Limited,EQ,5.0,Buyback,2021-02-05,2021-02-08,,,,,corporate_actions_20210201_20210228.json,NSE corporate actions API,BUYBACK,False,False,False,False,False,False,True,False,False,False,False,BUYBACK,,,,,,1,False,False,UNCHANGED,,NSE_F7764D2643B0,ACTIVE_DATE_MATCH,True,CA_3f35dba1c173c81efd3e,2021-02-05,BUYBACK,RESOLVED_NO_DIRECT_HOLDER_ADJUSTMENT,0.0,1.0,0.0,NOT_APPLICABLE,2021-02-05,PASSIVE_HOLDER_NON_PARTICIPATION_POLICY,False,False,LOCAL_NSE_CA_API:corporate_actions_20210201_20210228.json,2021-02-05,NSE_F7764D2643B0,BUYBACK,Optional tender buyback: RESOLVED_NO_DIRECT_HOLDER_ADJUSTMENT only under the explicit passive-holder assumption that the holder does not tender.,OPTIONAL_TENDER_BUYBACK,PASSIVE_HOLDER_DOES_NOT_TENDER,False,True,,,,,,,,,False,,,CA_3f35dba1c173c81efd3e_T1
AARTIDRUGS,Aarti Drugs Limited,EQ,10.0,Buyback,2021-03-30,2021-04-01,,,,,corporate_actions_20210301_20210331.json,NSE corporate actions API,BUYBACK,False,False,False,False,False,False,True,False,False,False,False,BUYBACK,,,,,,1,False,False,UNCHANGED,,NSE_6B14B0471978,ACTIVE_DATE_MATCH,True,CA_bb90e8e34176183ba02e,2021-03-30,BUYBACK,RESOLVED_NO_DIRECT_HOLDER_ADJUSTMENT,0.0,1.0,0.0,NOT_APPLICABLE,2021-03-30,PASSIVE_HOLDER_NON_PARTICIPATION_POLICY,False,False,LOCAL_NSE_CA_API:corporate_actions_20210301_20210331.json,2021-03-30,NSE_6B14B0471978,BUYBACK,Optional tender buyback: RESOLVED_NO_DIRECT_HOLDER_ADJUSTMENT only under the explicit passive-holder assumption that the holder does not tender.,OPTIONAL_TENDER_BUYBACK,PASSIVE_HOLDER_DOES_NOT_TENDER,False,True,,,,,,,,,False,,,CA_bb90e8e34176183ba02e_T1
SIS,SIS LIMITED,EQ,5.0,Buyback,2021-04-08,2021-04-09,,,,,corporate_actions_20210401_20210430.json,NSE corporate actions API,BUYBACK,False,False,False,False,False,False,True,False,False,False,False,BUYBACK,,,,,,1,False,False,UNCHANGED,,NSE_C457B5E6B67B,ACTIVE_DATE_MATCH,True,CA_2aa66afe22828ae68479,2021-04-08,BUYBACK,RESOLVED_NO_DIRECT_HOLDER_ADJUSTMENT,0.0,1.0,0.0,NOT_APPLICABLE,2021-04-08,PASSIVE_HOLDER_NON_PARTICIPATION_POLICY,False,False,LOCAL_NSE_CA_API:corporate_actions_20210401_20210430.json,2021-04-08,NSE_C457B5E6B67B,BUYBACK,Optional tender buyback: RESOLVED_NO_DIRECT_HOLDER_ADJUSTMENT only under the explicit passive-holder assumption that the holder does not tender.,OPTIONAL_TENDER_BUYBACK,PASSIVE_HOLDER_DOES_NOT_TENDER,False,True,,,,,,,,,False,,,CA_2aa66afe22828ae68479_T1
ECLERX,eClerx Services Limited,EQ,10.0,Buyback,2021-09-29,2021-09-30,,,,,corporate_actions_20210901_20210930.json,NSE corporate actions API,BUYBACK,False,False,False,False,False,False,True,False,False,False,False,BUYBACK,,,,,,1,False,False,UNCHANGED,,NSE_2F62FAA6E00D,ACTIVE_DATE_MATCH,True,CA_8315369410f2523568b1,2021-09-29,BUYBACK,RESOLVED_NO_DIRECT_HOLDER_ADJUSTMENT,0.0,1.0,0.0,NOT_APPLICABLE,2021-09-29,PASSIVE_HOLDER_NON_PARTICIPATION_POLICY,False,False,LOCAL_NSE_CA_API:corporate_actions_20210901_20210930.json,2021-09-29,NSE_2F62FAA6E00D,BUYBACK,Optional tender buyback: RESOLVED_NO_DIRECT_HOLDER_ADJUSTMENT only under the explicit passive-holder assumption that the holder does not tender.,OPTIONAL_TENDER_BUYBACK,PASSIVE_HOLDER_DOES_NOT_TENDER,False,True,,,,,,,,,False,,,CA_8315369410f2523568b1_T1
MOIL,MOIL Limited,EQ,10.0,Buyback,2021-12-30,2021-12-31,,,,,corporate_actions_20211201_20211231.json,NSE corporate actions API,BUYBACK,False,False,False,False,False,False,True,False,False,False,False,BUYBACK,,,,,,1,False,False,UNCHANGED,,NSE_D9F56642B79E,ACTIVE_DATE_MATCH,True,CA_1b7f864ca93b93fc003c,2021-12-30,BUYBACK,RESOLVED_NO_DIRECT_HOLDER_ADJUSTMENT,0.0,1.0,0.0,NOT_APPLICABLE,2021-12-30,PASSIVE_HOLDER_NON_PARTICIPATION_POLICY,False,False,LOCAL_NSE_CA_API:corporate_actions_20211201_20211231.json,2021-12-30,NSE_D9F56642B79E,BUYBACK,Optional tender buyback: RESOLVED_NO_DIRECT_HOLDER_ADJUSTMENT only under the explicit passive-holder assumption that the holder does not tender.,OPTIONAL_TENDER_BUYBACK,PASSIVE_HOLDER_DOES_NOT_TENDER,False,True,,,,,,,,,False,,,CA_1b7f864ca93b93fc003c_T1
AJANTPHARM,Ajanta Pharma Limited,EQ,2.0,Buyback,2022-01-13,2022-01-14,,,,,corporate_actions_20220101_20220131.json,NSE corporate actions API,BUYBACK,False,False,False,False,False,False,True,False,False,False,False,BUYBACK,,,,,,1,False,False,UNCHANGED,,NSE_790EA781FCF2,ACTIVE_DATE_MATCH,True,CA_37e0ec392f32b00551bf,2022-01-13,BUYBACK,RESOLVED_NO_DIRECT_HOLDER_ADJUSTMENT,0.0,1.0,0.0,NOT_APPLICABLE,2022-01-13,PASSIVE_HOLDER_NON_PARTICIPATION_POLICY,False,False,LOCAL_NSE_CA_API:corporate_actions_20220101_20220131.json,2022-01-13,NSE_790EA781FCF2,BUYBACK,Optional tender buyback: RESOLVED_NO_DIRECT_HOLDER_ADJUSTMENT only under the explicit passive-holder assumption that the holder does not tender.,OPTIONAL_TENDER_BUYBACK,PASSIVE_HOLDER_DOES_NOT_TENDER,False,True,,,,,,,,,False,,,CA_37e0ec392f32b00551bf_T1
KPRMILL,K.P.R. Mill Limited,EQ,1.0,Buyback,2022-02-17,2022-02-19,,,,,corporate_actions_20220201_20220228.json,NSE corporate actions API,BUYBACK,False,False,False,False,False,False,True,False,False,False,False,BUYBACK,,,,,,1,False,False,UNCHANGED,,NSE_03C46C5018D2,ACTIVE_DATE_MATCH,True,CA_3d918c9830ce93a8a594,2022-02-17,BUYBACK,RESOLVED_NO_DIRECT_HOLDER_ADJUSTMENT,0.0,1.0,0.0,NOT_APPLICABLE,2022-02-17,PASSIVE_HOLDER_NON_PARTICIPATION_POLICY,False,False,LOCAL_NSE_CA_API:corporate_actions_20220201_20220228.json,2022-02-17,NSE_03C46C5018D2,BUYBACK,Optional tender buyback: RESOLVED_NO_DIRECT_HOLDER_ADJUSTMENT only under the explicit passive-holder assumption that the holder does not tender.,OPTIONAL_TENDER_BUYBACK,PASSIVE_HOLDER_DOES_NOT_TENDER,False,True,,,,,,,,,False,,,CA_3d918c9830ce93a8a594_T1
TCS,Tata Consultancy Services Limited,EQ,1.0,Buyback,2022-02-22,2022-02-23,,,,,corporate_actions_20220201_20220228.json,NSE corporate actions API,BUYBACK,False,False,False,False,False,False,True,False,False,False,False,BUYBACK,,,,,,1,False,False,UNCHANGED,,NSE_DBD0EB2724E0,ACTIVE_DATE_MATCH,True,CA_df9d77ad3371f68f9826,2022-02-22,BUYBACK,RESOLVED_NO_DIRECT_HOLDER_ADJUSTMENT,0.0,1.0,0.0,NOT_APPLICABLE,2022-02-22,PASSIVE_HOLDER_NON_PARTICIPATION_POLICY,False,False,LOCAL_NSE_CA_API:corporate_actions_20220201_20220228.json,2022-02-22,NSE_DBD0EB2724E0,BUYBACK,Optional tender buyback: RESOLVED_NO_DIRECT_HOLDER_ADJUSTMENT only under the explicit passive-holder assumption that the holder does not tender.,OPTIONAL_TENDER_BUYBACK,PASSIVE_HOLDER_DOES_NOT_TENDER,False,True,,,,,,,,,False,,,CA_df9d77ad3371f68f9826_T1
GAIL,GAIL (India) Limited,EQ,10.0,Buyback,2022-04-21,2022-04-22,,,,,corporate_actions_20220401_20220430.json,NSE corporate actions API,BUYBACK,False,False,False,False,False,False,True,False,False,False,False,BUYBACK,,,,,,1,False,False,UNCHANGED,,NSE_1A8C5F9B8D6A,ACTIVE_DATE_MATCH,True,CA_7d343751b77ec3b7fc34,2022-04-21,BUYBACK,RESOLVED_NO_DIRECT_HOLDER_ADJUSTMENT,0.0,1.0,0.0,NOT_APPLICABLE,2022-04-21,PASSIVE_HOLDER_NON_PARTICIPATION_POLICY,False,False,LOCAL_NSE_CA_API:corporate_actions_20220401_20220430.json,2022-04-21,NSE_1A8C5F9B8D6A,BUYBACK,Optional tender buyback: RESOLVED_NO_DIRECT_HOLDER_ADJUSTMENT only under the explicit passive-holder assumption that the holder does not tender.,OPTIONAL_TENDER_BUYBACK,PASSIVE_HOLDER_DOES_NOT_TENDER,False,True,,,,,,,,,False,,,CA_7d343751b77ec3b7fc34_T1
MOTILALOFS,Motilal Oswal Financial Services Limited,EQ,1.0,Buyback,2022-05-26,2022-05-27,,,,,corporate_actions_20220501_20220531.json,NSE corporate actions API,BUYBACK,False,False,False,False,False,False,True,False,False,False,False,BUYBACK,,,,,,1,False,False,UNCHANGED,,NSE_EBCA7C65B503,ACTIVE_DATE_MATCH,True,CA_984ae6756588f358c72d,2022-05-26,BUYBACK,RESOLVED_NO_DIRECT_HOLDER_ADJUSTMENT,0.0,1.0,0.0,NOT_APPLICABLE,2022-05-26,PASSIVE_HOLDER_NON_PARTICIPATION_POLICY,False,False,LOCAL_NSE_CA_API:corporate_actions_20220501_20220531.json,2022-05-26,NSE_EBCA7C65B503,BUYBACK,Optional tender buyback: RESOLVED_NO_DIRECT_HOLDER_ADJUSTMENT only under the explicit passive-holder assumption that the holder does not tender.,OPTIONAL_TENDER_BUYBACK,PASSIVE_HOLDER_DOES_NOT_TENDER,False,True,,,,,,,,,False,,,CA_984ae6756588f358c72d_T1
ZYDUSLIFE,Zydus Lifesciences Limited,EQ,1.0,Buyback,2022-06-01,2022-06-02,,,,,corporate_actions_20220601_20220630.json,NSE corporate actions API,BUYBACK,False,False,False,False,False,False,True,False,False,False,False,BUYBACK,,,,,,1,False,False,UNCHANGED,,NSE_04884AF9E2CC,ACTIVE_DATE_MATCH,True,CA_0a591b41d99368d306b9,2022-06-01,BUYBACK,RESOLVED_NO_DIRECT_HOLDER_ADJUSTMENT,0.0,1.0,0.0,NOT_APPLICABLE,2022-06-01,PASSIVE_HOLDER_NON_PARTICIPATION_POLICY,False,False,LOCAL_NSE_CA_API:corporate_actions_20220601_20220630.json,2022-06-01,NSE_04884AF9E2CC,BUYBACK,Optional tender buyback: RESOLVED_NO_DIRECT_HOLDER_ADJUSTMENT only under the explicit passive-holder assumption that the holder does not tender.,OPTIONAL_TENDER_BUYBACK,PASSIVE_HOLDER_DOES_NOT_TENDER,False,True,,,,,,,,,False,,,CA_0a591b41d99368d306b9_T1
BSOFT,BIRLASOFT LIMITED,EQ,2.0,Buyback,2022-07-14,2022-07-15,,,,,corporate_actions_20220701_20220731.json,NSE corporate actions API,BUYBACK,False,False,False,False,False,False,True,False,False,False,False,BUYBACK,,,,,,1,False,False,UNCHANGED,,NSE_64BF9F3DBA41,ACTIVE_DATE_MATCH,True,CA_fcddc7a6659cf581cfc1,2022-07-14,BUYBACK,RESOLVED_NO_DIRECT_HOLDER_ADJUSTMENT,0.0,1.0,0.0,NOT_APPLICABLE,2022-07-14,PASSIVE_HOLDER_NON_PARTICIPATION_POLICY,False,False,LOCAL_NSE_CA_API:corporate_actions_20220701_20220731.json,2022-07-14,NSE_64BF9F3DBA41,BUYBACK,Optional tender buyback: RESOLVED_NO_DIRECT_HOLDER_ADJUSTMENT only under the explicit passive-holder assumption that the holder does not tender.,OPTIONAL_TENDER_BUYBACK,PASSIVE_HOLDER_DOES_NOT_TENDER,False,True,,,,,,,,,False,,,CA_fcddc7a6659cf581cfc1_T1
