event_id,before_sha256,after_sha256,rows_equal
CA_0271b11d670cf3962e2e,802c850c8635f94674b22c7adb681242669e1d8aa4ee7cadb6eec4c5aa1ce4ca,802c850c8635f94674b22c7adb681242669e1d8aa4ee7cadb6eec4c5aa1ce4ca,True
CA_02fabb4f45b44014c04d,3600ab1c67c137966776b6438339c85379c05d11c8c55e1a8bf73ec1eb42d402,3600ab1c67c137966776b6438339c85379c05d11c8c55e1a8bf73ec1eb42d402,True
CA_05904801bd895ea3e459,eeed695ebee48f6c1e6d8ad552c81637f7e0141cf0414ae971720fa3291792c6,eeed695ebee48f6c1e6d8ad552c81637f7e0141cf0414ae971720fa3291792c6,True
CA_065cae3c196cf15d58cb,53fe5c9161cade647c753168684e598c7c4d4bdc8ecfa74d7d122545ed547fbe,53fe5c9161cade647c753168684e598c7c4d4bdc8ecfa74d7d122545ed547fbe,True
CA_0698eda52834a7ba7b3e,f37d90827a6390c38827f8fad135a3d1ee3aa32566257111dc8fcb2bd27df9ed,f37d90827a6390c38827f8fad135a3d1ee3aa32566257111dc8fcb2bd27df9ed,True
CA_08756bb24480cec345fc,6485d64f69d9f7e32bc5498580be4719dfd09b0727417820fb968f95f2c5896a,6485d64f69d9f7e32bc5498580be4719dfd09b0727417820fb968f95f2c5896a,True
CA_08d75dd6694c2d8ff17b,8feaa16a2b2b7045b06d04a092c1a207b79a552c996bc1d3f129f5dede67bce8,8feaa16a2b2b7045b06d04a092c1a207b79a552c996bc1d3f129f5dede67bce8,True
CA_09048d09f5d0406b653a,c26e6c6aca31a672eb786aef6273e1127e69568a145b02d50fe4fa6ab9abe988,c26e6c6aca31a672eb786aef6273e1127e69568a145b02d50fe4fa6ab9abe988,True
CA_0a591b41d99368d306b9,de5e2aa71052136a1a8e57ee278982206ace5c4dfc112232384e93046b2e29b9,de5e2aa71052136a1a8e57ee278982206ace5c4dfc112232384e93046b2e29b9,True
CA_0a7b530ca380e938ad3a,b975a90bb2f89469144ad8a2300a717ad1a74ed6260095e438bf315aae26fac4,b975a90bb2f89469144ad8a2300a717ad1a74ed6260095e438bf315aae26fac4,True
CA_0df21e1f19f378dcee87,be97f10ff3240da499a7a7f75684cc3c800d026fd81686abfbae8fc6052887b4,be97f10ff3240da499a7a7f75684cc3c800d026fd81686abfbae8fc6052887b4,True
CA_136e4f5714de187ec5b4,741ac071a35f6c7e6d9608e1ed9186626c029277d1936d81930b6deca31c2297,741ac071a35f6c7e6d9608e1ed9186626c029277d1936d81930b6deca31c2297,True
CA_1880042c077da550cf01,452f8683edb5c3fa8b1da2519fd2bf6529b57166c0f5b0f7604e8754e2500c9a,452f8683edb5c3fa8b1da2519fd2bf6529b57166c0f5b0f7604e8754e2500c9a,True
CA_1a7347d96e23e43553d8,6d0c1c1e0880d8ac771228c6765be7878d90e055f1e631e5c97d0edb23d5bf77,6d0c1c1e0880d8ac771228c6765be7878d90e055f1e631e5c97d0edb23d5bf77,True
CA_1a7d62891f49bdca2944,bb4c1cec39f4bcfea9a360b4abfdd436210fb5a36adf58b725cce255840b2998,bb4c1cec39f4bcfea9a360b4abfdd436210fb5a36adf58b725cce255840b2998,True
CA_1b7f864ca93b93fc003c,aefec639b7b86882447187a671e7751784e166b2b326bd1043e44e75bec16103,aefec639b7b86882447187a671e7751784e166b2b326bd1043e44e75bec16103,True
CA_1ca1dbc2bf0d624f0fb0,b07dce531c636f38578161b29c60eddc4f6c7d952795a0c8c7f059f67baad9bf,b07dce531c636f38578161b29c60eddc4f6c7d952795a0c8c7f059f67baad9bf,True
CA_1cf3a925dd5644ffcda8,35d904e111e013a56018c8f78b6d2523e3fee6f32b3fb0836d311951e6aae1e4,35d904e111e013a56018c8f78b6d2523e3fee6f32b3fb0836d311951e6aae1e4,True
CA_1feae9ca4c6aa87f52cf,515218d71dad600124b5b6422510d3628bd5627b30e4ffe72638a10c078a9fc3,515218d71dad600124b5b6422510d3628bd5627b30e4ffe72638a10c078a9fc3,True
CA_220c8126e2e32e892d8e,4d643019d8ef82ef41e6ce4a707502eb5d92f45462c6ef555a2d36e9893a8381,4d643019d8ef82ef41e6ce4a707502eb5d92f45462c6ef555a2d36e9893a8381,True
CA_229ec1664eea14c78435,7946a7dc0d621359e6e824479213b55c61282e56f7dc354b874abe1378cbd8b2,7946a7dc0d621359e6e824479213b55c61282e56f7dc354b874abe1378cbd8b2,True
CA_23751facfaa4aefe708e,1b72d25c0c2d755f127fe12c76bedc3a6a79d26e25cb1a3e848091a5dac6b2ea,1b72d25c0c2d755f127fe12c76bedc3a6a79d26e25cb1a3e848091a5dac6b2ea,True
CA_23c02d1f5fcde19423d4,f813bbba475ab2dd95437bae2fd7a78dc73667ffbcd578414c2099948e270b59,f813bbba475ab2dd95437bae2fd7a78dc73667ffbcd578414c2099948e270b59,True
CA_2500a7f61e23313a4270,f7838f2e01b3b1b532751db1f63bc0c233e55d1481b4f47b3ab33d36afd2370d,f7838f2e01b3b1b532751db1f63bc0c233e55d1481b4f47b3ab33d36afd2370d,True
CA_277f0c578cd42848896a,f112173d9eb20354bba2f8096110ba6e413b63009334c8814ee9c52688789f84,f112173d9eb20354bba2f8096110ba6e413b63009334c8814ee9c52688789f84,True
CA_2a62f5a6b7ede4f45b03,e1f1a18da8ccaf9a7862a085ccc2f17eb243188549562f33d0f740c24455f504,e1f1a18da8ccaf9a7862a085ccc2f17eb243188549562f33d0f740c24455f504,True
CA_2aa66afe22828ae68479,7a1f1f3162004b79c33bc0bf2574307ba3b039a5310bea69060abf3995acb660,7a1f1f3162004b79c33bc0bf2574307ba3b039a5310bea69060abf3995acb660,True
CA_2d132eb7222f292e9699,7be85dc9d49dd1668d5f8d43591be21d282048a6de4c0589f5f9d5fd9616761e,7be85dc9d49dd1668d5f8d43591be21d282048a6de4c0589f5f9d5fd9616761e,True
CA_2dcc6f730654721a5203,f566333be924c731bcdfa57bd7092000b801853844cf6e5de8dda55c2a3ba885,f566333be924c731bcdfa57bd7092000b801853844cf6e5de8dda55c2a3ba885,True
CA_3748a6f6c03efc28d812,d5bd8936aa1dc4e8eb520829298c36cfbf9c5b0702486e286818590b50f620ed,d5bd8936aa1dc4e8eb520829298c36cfbf9c5b0702486e286818590b50f620ed,True
CA_37a7139ada6577fb69ea,2d5144c8779e8dd809e5b405303c88248416abee12cfe6bea21be1c44310b5a1,2d5144c8779e8dd809e5b405303c88248416abee12cfe6bea21be1c44310b5a1,True
CA_37a77df5fd49e59be908,eedfe0da31e79414ba3dc7c3a7e394c5b0ca7818532bc0d4d01f954e4cea20d2,eedfe0da31e79414ba3dc7c3a7e394c5b0ca7818532bc0d4d01f954e4cea20d2,True
CA_37e0ec392f32b00551bf,0be31668dadc7a52d6a2f0ae1f9c3a419225cdbd9c4d1bef01fdf44280f3480d,0be31668dadc7a52d6a2f0ae1f9c3a419225cdbd9c4d1bef01fdf44280f3480d,True
CA_3b06f7c0c65237c53b6b,5695f74e28e03a6b1280aa142731d64a9a37c120db914b9a61a1bcfd354d7eb5,5695f74e28e03a6b1280aa142731d64a9a37c120db914b9a61a1bcfd354d7eb5,True
CA_3d918c9830ce93a8a594,cba460fb9a2c46dcca654607ae850fa518a1b67983c857a64cc92ed44bba49c5,cba460fb9a2c46dcca654607ae850fa518a1b67983c857a64cc92ed44bba49c5,True
CA_3db99df52eb2a772541c,7f87c0eaa8e28980e4d75e4fe9e791d1b401b5f685604e34a581069f03e45a28,7f87c0eaa8e28980e4d75e4fe9e791d1b401b5f685604e34a581069f03e45a28,True
CA_3de85207f33b6feb14c0,058ccf1ad6b82192290b009ea7036e5ae747047cd5b63b63fe79b4bfa42c04b9,058ccf1ad6b82192290b009ea7036e5ae747047cd5b63b63fe79b4bfa42c04b9,True
CA_3e2800587e5790da2f6a,f9e67a1821ecb8c222d17aa3f2c9ef8ef59315f3a37118759828bee0a1b3aea8,f9e67a1821ecb8c222d17aa3f2c9ef8ef59315f3a37118759828bee0a1b3aea8,True
CA_3e7f4fe54ba678c0490b,91916fa0a264496ecbc7ff1029b839acd34e6f59176041d879471d1fa4fe41d0,91916fa0a264496ecbc7ff1029b839acd34e6f59176041d879471d1fa4fe41d0,True
CA_3f271f124d2ee37e7a75,33e6f1b7d0ba091e6cf032b2832d9ca6670389074720d01ecc4baf5f784a1cbf,33e6f1b7d0ba091e6cf032b2832d9ca6670389074720d01ecc4baf5f784a1cbf,True
CA_3f35dba1c173c81efd3e,6c52f8cb5c34b9a003a4d0c39476e2046db7909d9bee56607f68e100d5aeb3c4,6c52f8cb5c34b9a003a4d0c39476e2046db7909d9bee56607f68e100d5aeb3c4,True
CA_3feefbabd398c2999ad6,0cb19cdc27b341d99038f0a54f21ef507cb5e86bd44cf26b0ebd6629fc02da1a,0cb19cdc27b341d99038f0a54f21ef507cb5e86bd44cf26b0ebd6629fc02da1a,True
CA_4288b28f92141ab95d27,d0cea3b01bdca6aa632332fec3576bc8ef962071f6b3546f6e1c36c4980615ff,d0cea3b01bdca6aa632332fec3576bc8ef962071f6b3546f6e1c36c4980615ff,True
CA_42c71074cc25dfab9519,6d227bf17d80fbd8479321fd7cbdb3838409c619ea128e3b0618b823db852b45,6d227bf17d80fbd8479321fd7cbdb3838409c619ea128e3b0618b823db852b45,True
CA_43188b2ac31fdd5663ab,f1f9d42ede8c2cdbf9b3b5808234be419575c5086e3e06f611edcae02b370291,f1f9d42ede8c2cdbf9b3b5808234be419575c5086e3e06f611edcae02b370291,True
CA_44f2e47b9cad75bc7d5d,d87e8cca4492db1ade760e006e69567abe327cc2a77c2e8dcbdba64bf3daec3d,d87e8cca4492db1ade760e006e69567abe327cc2a77c2e8dcbdba64bf3daec3d,True
CA_46c79f77098e6acb1a9b,51d24e9c6427f312f2d7d0cc860a6725c5d77a2249cbcacb340adf83aa771ce6,51d24e9c6427f312f2d7d0cc860a6725c5d77a2249cbcacb340adf83aa771ce6,True
CA_47a3715cbdf957d513c6,8b7148e335863afede4c0fb636f79274e74c8a17526434727cf5ae8294325cc3,8b7148e335863afede4c0fb636f79274e74c8a17526434727cf5ae8294325cc3,True
CA_4b25c89c7586fc3aeb4b,cd8e0e54abca8aba9bafa70b670b990cec3333f98aaedf17f932b96774cb56a5,cd8e0e54abca8aba9bafa70b670b990cec3333f98aaedf17f932b96774cb56a5,True
CA_4b61a8f1ec5212bed358,1def6e7f4fc184052838253289521cdd0aa29c8eba56d2de0af95cf5ee55cdfb,1def6e7f4fc184052838253289521cdd0aa29c8eba56d2de0af95cf5ee55cdfb,True
CA_4cfdde3fbc58d6ac382b,cf9fc23869944f247dc626e77fb15178fc147f129386972402db838d372ebfdd,cf9fc23869944f247dc626e77fb15178fc147f129386972402db838d372ebfdd,True
CA_4e17d1aa7a488f25a0eb,d7ff51f564f581fb56eefb59adbd6b1e627f88a5fbaf5c151774e1a5b2f495cc,d7ff51f564f581fb56eefb59adbd6b1e627f88a5fbaf5c151774e1a5b2f495cc,True
CA_4fcb783786703c6fdf9c,bbb18fa3883e7106ac49e18865e672d45a1344fcc2fca21accc6da026193e0f2,bbb18fa3883e7106ac49e18865e672d45a1344fcc2fca21accc6da026193e0f2,True
CA_58cb1d64c19b90deabfd,8ad3a125398e0370e8178dfd99aaf462ac7f509c7e320d9759b023dd20cfd5b4,8ad3a125398e0370e8178dfd99aaf462ac7f509c7e320d9759b023dd20cfd5b4,True
CA_5c9ac1630951363e71e1,49457c142b41dfe4b667a39bb4abb7aa9a1b931408f740d4648be533080b4fd0,49457c142b41dfe4b667a39bb4abb7aa9a1b931408f740d4648be533080b4fd0,True
CA_5e0c29fa08e0f9710340,012a032b830f6057e6bfc13d4e980b6d4acabf15af2ba7c07483bb1722a96bfc,012a032b830f6057e6bfc13d4e980b6d4acabf15af2ba7c07483bb1722a96bfc,True
CA_65c523bcbbf1b94e193e,f16dffde500c848f7fe2605264650b2c5fb5aa060f62cf81de63e4d4784c90e5,f16dffde500c848f7fe2605264650b2c5fb5aa060f62cf81de63e4d4784c90e5,True
CA_664e39b1b626dae76c9e,6fe9188e89b0c22048688c593bc18c73071d5cbc54579595553ee6e90f60d4ad,6fe9188e89b0c22048688c593bc18c73071d5cbc54579595553ee6e90f60d4ad,True
CA_6a329733030e9812844e,e0dc8c77a72f331333a58ce4a922d622f53a17114ec70ad2e4831c19cd3fe0dc,e0dc8c77a72f331333a58ce4a922d622f53a17114ec70ad2e4831c19cd3fe0dc,True
CA_6d8fe8a065bcc7069dcf,bf639dcd8fc59d0be03c52a6506c779e7534c1c4fbe7a7ad9cd2ff3cec21ab5b,bf639dcd8fc59d0be03c52a6506c779e7534c1c4fbe7a7ad9cd2ff3cec21ab5b,True
CA_6d9f43c44373f2de8a6c,5a3bf86d58c7a543fe2d2da00a47d435cb9ab51e954e9a413a4edf53177be253,5a3bf86d58c7a543fe2d2da00a47d435cb9ab51e954e9a413a4edf53177be253,True
CA_702385cc5b9c8c7d94ec,30fe7903b9c336fef1c0bb1217d4dda7499a312b13a434c356767c50b0044965,30fe7903b9c336fef1c0bb1217d4dda7499a312b13a434c356767c50b0044965,True
CA_70dc50c485f8d96584a7,ffe5c972cd260ea709b8cb2628178180c38b6bad46fbb991717a5eb0a483c1c6,ffe5c972cd260ea709b8cb2628178180c38b6bad46fbb991717a5eb0a483c1c6,True
CA_715af64eb2a5a45d9eb5,8b98d91ed8cc5913b0c48a34e1679c6062b4905f003970676bf9ebacbf46d992,8b98d91ed8cc5913b0c48a34e1679c6062b4905f003970676bf9ebacbf46d992,True
CA_72012ceba526cfda2022,61a037ed106b53b57763cb649c4b12349136119d70349cac312df39b3158522b,61a037ed106b53b57763cb649c4b12349136119d70349cac312df39b3158522b,True
CA_749c3032659dd7851487,ec1f5f620b1dac5c863f4fcf87e133cfdb9a478c78c40a094c9f961c63bc325d,ec1f5f620b1dac5c863f4fcf87e133cfdb9a478c78c40a094c9f961c63bc325d,True
CA_74d6bb8939426d20fbdd,f4610e1a71abb6e0d3b6b313ab217d77365c00f25aba39c2a531f76ad9452dbb,f4610e1a71abb6e0d3b6b313ab217d77365c00f25aba39c2a531f76ad9452dbb,True
CA_758d680e2a393c7f4c64,fb7560bca9f81f8225a2dec7d9b9f9725e947af6f9970e3ee585401a5f95ab9e,fb7560bca9f81f8225a2dec7d9b9f9725e947af6f9970e3ee585401a5f95ab9e,True
CA_7972e9e5e7b5645c6058,406825f4139b701c7f2fa9eec46bf591ccd602ea6ff01b9996b9b8444b7643ae,406825f4139b701c7f2fa9eec46bf591ccd602ea6ff01b9996b9b8444b7643ae,True
CA_7a517c0e7b56035d909a,1427a8a904d9bff4ae4ef0b748a0c7e56a1cb7ac9a7f7224a2d1884f62d6daf5,1427a8a904d9bff4ae4ef0b748a0c7e56a1cb7ac9a7f7224a2d1884f62d6daf5,True
CA_7d343751b77ec3b7fc34,18093ea8f1ab4fc9350d725f7f21291978a54ef4c9146a76be7e463cb370112f,18093ea8f1ab4fc9350d725f7f21291978a54ef4c9146a76be7e463cb370112f,True
CA_8315369410f2523568b1,862f8d663b6d78359fada7106a422567075d4a8b6f216072497f161e92f9b959,862f8d663b6d78359fada7106a422567075d4a8b6f216072497f161e92f9b959,True
CA_85dc93a1dfe97bcb6fc9,e3f56bf139783f3e495b011fb6f679c840cc1932c7d1e238c7149e0462d403b6,e3f56bf139783f3e495b011fb6f679c840cc1932c7d1e238c7149e0462d403b6,True
CA_86c1275a85f4baa203ed,35cbf6ff7a8b4706af18cedefea9b1b135a06d13f169468465586923b5940852,35cbf6ff7a8b4706af18cedefea9b1b135a06d13f169468465586923b5940852,True
CA_892f107473f5517e7be9,81b47ca74d3758e8a6dd293908f1014e42f0f070ce2d9de8a23b0d6860283d0f,81b47ca74d3758e8a6dd293908f1014e42f0f070ce2d9de8a23b0d6860283d0f,True
CA_897416730fe6f16eeeeb,c5ffe59ff513dc83cf4c907e3cdbf68ba4b249d78fd916f933f5c49bc658a166,c5ffe59ff513dc83cf4c907e3cdbf68ba4b249d78fd916f933f5c49bc658a166,True
CA_89880ca496e160e03b39,5a3e58dd8151e75cd962479c22da24fecb7dbf82777302bd22ed8ae6c87e02ce,5a3e58dd8151e75cd962479c22da24fecb7dbf82777302bd22ed8ae6c87e02ce,True
CA_89e54b82eda7c5ccefe7,a7f5c8865a22376083957c1a28729d2a9c25995dc35f990f205e8131950bc2be,a7f5c8865a22376083957c1a28729d2a9c25995dc35f990f205e8131950bc2be,True
CA_8ac667d9c79b019d06cf,f435bfbdee069745a38d50a2311b7ee99bb357425a53c5fa134f7dc88972600c,f435bfbdee069745a38d50a2311b7ee99bb357425a53c5fa134f7dc88972600c,True
CA_8c6f55ecaf846795381d,542ca9fabe1b85cec9e82123b66e77fce73999b323883d88a45cdb33b2aa8c76,542ca9fabe1b85cec9e82123b66e77fce73999b323883d88a45cdb33b2aa8c76,True
CA_8c76c8589ddac6641f61,fe3d06c0be1f89c7e4ca032806ccee28d400b8a2625f901d2c25b78f3cb2107c,fe3d06c0be1f89c7e4ca032806ccee28d400b8a2625f901d2c25b78f3cb2107c,True
CA_8d03d64d2fc413d30b7a,ec912979bd812669447e2cb29f08b832eb83bc62316bb3d94c6c9ed232226fd3,ec912979bd812669447e2cb29f08b832eb83bc62316bb3d94c6c9ed232226fd3,True
CA_9350eee1fada19cc6498,4eaf08e67a751c276aa4f2f506ccfeb56f6f2ec5aa4360f03d765c1c23c82a88,4eaf08e67a751c276aa4f2f506ccfeb56f6f2ec5aa4360f03d765c1c23c82a88,True
CA_93ad724c03256d39fc3c,ee603d6ccc57ca8d57a91ab2a20ed004a956e6716e67519ba1c0390403a33ab0,ee603d6ccc57ca8d57a91ab2a20ed004a956e6716e67519ba1c0390403a33ab0,True
CA_94636540c836abc54297,1bde6a18b8aaa1a04e8290d66fde45ac3ab4335e3aa95441099f06ee20b7e5bc,1bde6a18b8aaa1a04e8290d66fde45ac3ab4335e3aa95441099f06ee20b7e5bc,True
CA_96fdd927a9fa26563a47,995e105ebd2db209fb25ae8b05a00e4cf2730a98af3fb2fdb03c6417c7276ef7,995e105ebd2db209fb25ae8b05a00e4cf2730a98af3fb2fdb03c6417c7276ef7,True
CA_97f5b484a263823acb84,73ac5c33eb4c18210495787e63954653bf420d602d7416df56f8ef7d957dfecf,73ac5c33eb4c18210495787e63954653bf420d602d7416df56f8ef7d957dfecf,True
CA_984ae6756588f358c72d,f951fe0b50e414e1521474c209daa68bb7ffc93c6c0520fa5dbb5ec13faf9e9e,f951fe0b50e414e1521474c209daa68bb7ffc93c6c0520fa5dbb5ec13faf9e9e,True
CA_9b71ee8adb097577e454,1694c662794133fdfc23ea550ccd0220cd1876444a851d318d31a325a9e5f259,1694c662794133fdfc23ea550ccd0220cd1876444a851d318d31a325a9e5f259,True
CA_9c729f4f337d6be3a460,82971d309a9f8e08b99931a83ac224814e4328a4e097e3231e09a9e0ac9051f7,82971d309a9f8e08b99931a83ac224814e4328a4e097e3231e09a9e0ac9051f7,True
CA_a0a19c136b7b32b8c18d,dd586291b5c4c1b0b77c3962ed57225de39481d806b8c00ee031293bf0bc395a,dd586291b5c4c1b0b77c3962ed57225de39481d806b8c00ee031293bf0bc395a,True
CA_a13bc7ec6986a3b55127,7ffa6723eae9e7e6c0da69742825eab3c6718242aec492dfb5bafb29adc29423,7ffa6723eae9e7e6c0da69742825eab3c6718242aec492dfb5bafb29adc29423,True
CA_a145a56fbef0b9f99c61,a5931cae5e455c9f642378a1e3abfc83b3798ec56869ed8bcab558f045001a55,a5931cae5e455c9f642378a1e3abfc83b3798ec56869ed8bcab558f045001a55,True
CA_a2ab6b95db9c9b3f4154,89c9602cf00a0f754f2a065dbe6278735da5e518861b1d1d7aceaacc804a9b49,89c9602cf00a0f754f2a065dbe6278735da5e518861b1d1d7aceaacc804a9b49,True
CA_a345d1a226c9ba9d8f4a,9892d184cbeb75f34fa5d6ee9ac6dec72d680c1089e9baf992faaf8a54cef91a,9892d184cbeb75f34fa5d6ee9ac6dec72d680c1089e9baf992faaf8a54cef91a,True
CA_a626ca1a89e6ca22ee11,0dc3d0f02ecebc056f543386e5b9d25336768e343b54797cdda30051c764e973,0dc3d0f02ecebc056f543386e5b9d25336768e343b54797cdda30051c764e973,True
CA_a719b1c2c7638a55485a,b50d88ad5f08b1c9392e9fd2ba94fcad910a65e6ae413ffb7b0deaa1b79bb6c7,b50d88ad5f08b1c9392e9fd2ba94fcad910a65e6ae413ffb7b0deaa1b79bb6c7,True
CA_a8061f58213143cd9a86,9fe1fd16dc7112c441ba319d323fb51847f32ed3924eb1f39d06f0c6f2a5bc13,9fe1fd16dc7112c441ba319d323fb51847f32ed3924eb1f39d06f0c6f2a5bc13,True
CA_a8133fd77bde2f8f01b7,c10b65214b9469ab92c4e0b13dbddf59edd1953c3b1045d4a24c8e42eb0d90e4,c10b65214b9469ab92c4e0b13dbddf59edd1953c3b1045d4a24c8e42eb0d90e4,True
CA_a829fc4aeb7ef9a38a95,56ce2f3636328912a3bc338ff143411e277a393f363befd9aa548075ff086d93,56ce2f3636328912a3bc338ff143411e277a393f363befd9aa548075ff086d93,True
CA_ab7544f1057dd6a42480,436c2118c4c5acea25afd9bfd53087b063377440d0690d63db1c5c0795fb2d13,436c2118c4c5acea25afd9bfd53087b063377440d0690d63db1c5c0795fb2d13,True
CA_acd8b597d7cfca06b619,eeb4b3aa21e90865509a2f9b5c0add64ed9c65faa70a052c72596e75d5d3b8c8,eeb4b3aa21e90865509a2f9b5c0add64ed9c65faa70a052c72596e75d5d3b8c8,True
CA_aea0097a3b019d71a9e7,714ea612547c49807f5fc9fb7cd42666a497337320ad4a17c5dd58a649c4a5fe,714ea612547c49807f5fc9fb7cd42666a497337320ad4a17c5dd58a649c4a5fe,True
CA_b295cb3434ac5d1c49fb,3e68571e98207b25f2688e227a74e32641e497fe6356a7843d572dc5e94fea17,3e68571e98207b25f2688e227a74e32641e497fe6356a7843d572dc5e94fea17,True
CA_b76efcf9a86ea69237c8,af378f802d1416dd0a688db484b0c7d13d0619ecec6f12f4eb3ea3cd81a4b915,af378f802d1416dd0a688db484b0c7d13d0619ecec6f12f4eb3ea3cd81a4b915,True
CA_bb90e8e34176183ba02e,abea4ac18cd70354530355fb74c584243f9dd166a24b37afdb373e7f94dc30fb,abea4ac18cd70354530355fb74c584243f9dd166a24b37afdb373e7f94dc30fb,True
CA_bedba18aee89b2756dbe,4876c910262fcaf93b6c87378fa0a38092638db181ee3d65d663a6418a978c68,4876c910262fcaf93b6c87378fa0a38092638db181ee3d65d663a6418a978c68,True
CA_c1a40635a0d5857cb354,eb1070f514bcabb5ee12ac8e81fd762a3e56c841298380ed31bb64d464ebb61f,eb1070f514bcabb5ee12ac8e81fd762a3e56c841298380ed31bb64d464ebb61f,True
CA_c784767c0e43e0c177e9,8459ffbf4dee037d0e5ed803434b18fe5c41a6366a34187b644e51c8aae3c52c,8459ffbf4dee037d0e5ed803434b18fe5c41a6366a34187b644e51c8aae3c52c,True
CA_c916b3b5de46d0b3f679,b19e7a32339c4fff2a8a0be59089add1753de8cf27d981199f4049b5148f4940,b19e7a32339c4fff2a8a0be59089add1753de8cf27d981199f4049b5148f4940,True
CA_cb65ba2274d39d1d7946,8768b6f7c8dfa874ffe6bf0d3769f91799b7da0411f0ebe3fe4f435f49d55304,8768b6f7c8dfa874ffe6bf0d3769f91799b7da0411f0ebe3fe4f435f49d55304,True
CA_cc9b8de28789bc896faa,b0cb85f5193d9f2433cd715194b621a035631a745fc8ddcb51df4e402f5c7fc6,b0cb85f5193d9f2433cd715194b621a035631a745fc8ddcb51df4e402f5c7fc6,True
CA_ccabaf8940776421471f,794829eb54575d7077b144ae3d2c6c92424501742e1f06751084dbf418c177d8,794829eb54575d7077b144ae3d2c6c92424501742e1f06751084dbf418c177d8,True
CA_d1030c88697220761cd6,8a9c9a0a68ba48931955e46cad7470c5f3198b8f8c1b4bee1fe21753a19746a4,8a9c9a0a68ba48931955e46cad7470c5f3198b8f8c1b4bee1fe21753a19746a4,True
CA_d28aa0bbe72583d641af,aba24b5acc40fe50e1a1421909fcf6b7758cb4507a38485902da78d616c4b5cf,aba24b5acc40fe50e1a1421909fcf6b7758cb4507a38485902da78d616c4b5cf,True
CA_d2e845c32995ee672159,844e0d2da33dea075714e9f3027a5b5cb8763ac2817fe2b580056e65d4f8823c,844e0d2da33dea075714e9f3027a5b5cb8763ac2817fe2b580056e65d4f8823c,True
CA_d8b728690aa4831c8118,d043e08d021e996df00ee61b7e60605999892a20cce6d98f148e13ccf7be9dd1,d043e08d021e996df00ee61b7e60605999892a20cce6d98f148e13ccf7be9dd1,True
CA_dbd1509999b5821e4e50,d88f46927735ec6bc4a58580ab6fd4ee839419239ecb555678f2262b003a955c,d88f46927735ec6bc4a58580ab6fd4ee839419239ecb555678f2262b003a955c,True
CA_de4ec6fa8b80bb5c365f,097b65e952085c882dfa70d704aaaee1cf11d86df98af8f7d74c0abe611b0b82,097b65e952085c882dfa70d704aaaee1cf11d86df98af8f7d74c0abe611b0b82,True
CA_de57f98a3b2b159341f5,6bb2a1da5cc9a811f3137ebbdf31322ad855776249c350199f666f68b8847cdf,6bb2a1da5cc9a811f3137ebbdf31322ad855776249c350199f666f68b8847cdf,True
CA_df9d77ad3371f68f9826,b41bc7fd62fa17f1f1db8f8a312f6c18af17fc1ca8427c2a2b5116ce1a288b3f,b41bc7fd62fa17f1f1db8f8a312f6c18af17fc1ca8427c2a2b5116ce1a288b3f,True
CA_e110fee17e71e555507b,a7b3f3688644cc2df0b547d1cadbff9e0b987aa2b2ff028f6dc00a7d08ea37a2,a7b3f3688644cc2df0b547d1cadbff9e0b987aa2b2ff028f6dc00a7d08ea37a2,True
CA_e1f6a6eaef0a5226d519,7b0a5226d1fff39cc29510d895d1e70cb4b08f763a9b50bcc57aa9912df3b0f1,7b0a5226d1fff39cc29510d895d1e70cb4b08f763a9b50bcc57aa9912df3b0f1,True
CA_e2dc4c3b5fdbd45f8d66,7fa249beb33349561bf306bd963ed1cac442cb209ded0c0b01d601a4814b534d,7fa249beb33349561bf306bd963ed1cac442cb209ded0c0b01d601a4814b534d,True
CA_e3817c0b23d8de69a7fd,f63bccc4377c89835947003f26fcbb7ff8b6c56cec1617dae98c6fd238b65857,f63bccc4377c89835947003f26fcbb7ff8b6c56cec1617dae98c6fd238b65857,True
CA_e3e7e4235b5c78174699,327234cbde5ff24aa63ee864e67580ba8bc1311ab6827d4d4eea690b9566d3a5,327234cbde5ff24aa63ee864e67580ba8bc1311ab6827d4d4eea690b9566d3a5,True
CA_e54781549bfa57e3aa4e,d738eaee6c47355a1ae52ae5991f0856f13051d71e6fcb5b0afd9b0ec52640e2,d738eaee6c47355a1ae52ae5991f0856f13051d71e6fcb5b0afd9b0ec52640e2,True
CA_e7b7995945e2287a8311,aeab632de2102c5875cf55bbc8e15620a4ee9216a69ca265903ec98cfcf5072c,aeab632de2102c5875cf55bbc8e15620a4ee9216a69ca265903ec98cfcf5072c,True
CA_e91a532406c77876f8fb,f1966a35a6694b5ab745727667d88a7842b25ca0ad37d3e905f76d8e8d689a30,f1966a35a6694b5ab745727667d88a7842b25ca0ad37d3e905f76d8e8d689a30,True
CA_ead844b94c9e1907fa6b,91c9e873a0260f7ac4603254e2b3b43f4202c5bbf327184bf43bbdda73510d51,91c9e873a0260f7ac4603254e2b3b43f4202c5bbf327184bf43bbdda73510d51,True
CA_eb27f5678e6bad320e26,6af500fae31e1648777b2e61749ecf4a647235cee31e733686beddd759d44621,6af500fae31e1648777b2e61749ecf4a647235cee31e733686beddd759d44621,True
CA_eddad1a480e2093b7376,9c9577d38d46215377d62b439965b15d45788e52cba8b92783bd9fdbc9ff95fc,9c9577d38d46215377d62b439965b15d45788e52cba8b92783bd9fdbc9ff95fc,True
CA_ef357b1dcb1d7093aa71,265b75c63e3367bcf623aed8d9fcd6bfeb74828cdbf06f56466ff03454d92d28,265b75c63e3367bcf623aed8d9fcd6bfeb74828cdbf06f56466ff03454d92d28,True
CA_ef9ad6bdb4238bb307c3,6a7e01d68f4598cb4837ee750f2e920efbe9c7b985aa4b09cf9f5f7718fc13b0,6a7e01d68f4598cb4837ee750f2e920efbe9c7b985aa4b09cf9f5f7718fc13b0,True
CA_f286c21e44d3001e2272,0feb6e9c255aae2115d31dd0699e1b061b20d3e627b6b1072d5674c8bf26fd6a,0feb6e9c255aae2115d31dd0699e1b061b20d3e627b6b1072d5674c8bf26fd6a,True
CA_f2bc299683b40458c456,cd303bddf0078543da5523f9178734a27a79b8d1f86846f038f7340ac5e6b26e,cd303bddf0078543da5523f9178734a27a79b8d1f86846f038f7340ac5e6b26e,True
CA_f582a93698a30f454c3c,1f3f122f182e523a907b1b3fc16272ad706d4208734eff6994597c01fb524103,1f3f122f182e523a907b1b3fc16272ad706d4208734eff6994597c01fb524103,True
CA_f6e6f10a52cf94077800,96542479a277dac68eb29171ec3c4c63db44bb92fdf3d906ffa7a488944a0269,96542479a277dac68eb29171ec3c4c63db44bb92fdf3d906ffa7a488944a0269,True
CA_f6f41be77f84094a7263,72f4107029fe24c1671ebba3d29112a044f91a93c3326190c3c0709acff861be,72f4107029fe24c1671ebba3d29112a044f91a93c3326190c3c0709acff861be,True
CA_fa3688398d1df9452d6a,6c287d44f044a4e600a28cbae59fb95d5ff585d81487abb015e335f08fc212c1,6c287d44f044a4e600a28cbae59fb95d5ff585d81487abb015e335f08fc212c1,True
CA_fbb342e432075b9e1da4,23cb3da85bf194eca02ed80f2a9dcc78113be589dc24afd6346699f68fe7ef9a,23cb3da85bf194eca02ed80f2a9dcc78113be589dc24afd6346699f68fe7ef9a,True
CA_fbf8c881ca52470d8074,9911bef86656ecaf86036f343e67eadca2ab53a02f9d2fcea4e8b7e34c15696a,9911bef86656ecaf86036f343e67eadca2ab53a02f9d2fcea4e8b7e34c15696a,True
CA_fc467634d750957e7fdc,4cbddc891c81153513d75adb1aec0bb5f28ff6d48f8bb14bafac888132eca3e6,4cbddc891c81153513d75adb1aec0bb5f28ff6d48f8bb14bafac888132eca3e6,True
CA_fcddc7a6659cf581cfc1,0f9a274d833372e68a57de44111900329df8b3d1d109d756a0c7f24103df8016,0f9a274d833372e68a57de44111900329df8b3d1d109d756a0c7f24103df8016,True
CA_ff8f4df10d1842e13215,c686da161d03ecf498c9c0ec37d53996984970e99fe4bb6e736d078371f8fd4f,c686da161d03ecf498c9c0ec37d53996984970e99fe4bb6e736d078371f8fd4f,True
