event_id,security_id,symbol,series,ex_date,primary_class,purpose_normalized,source_file,repair_status,parsed_amount_or_ratio,membership_status,identity_candidate_count,identity_mapping_method,treatment_reviewed_for_in_universe_event,accepted_status,accepted_evidence,previous_close,ex_date_close,calculated_price_return,application_status,application_reason,cash_effect,share_effect,entitlement_effect,calculated_total_return
CA_d4d74757b017afa68416,NSE_8212B1829EDC,TATASTLBSL,EQ,2013-01-15,RIGHTS,RIGHT ISSUE 1:15 @ PREMIUM OF RS 333 PER SHARE,corporate_actions_20130101_20130131.json,UNCHANGED,,PRE_MEMBERSHIP,0,UNIQUE_ACCEPTED_ALIAS_WITH_EX_DATE_PANEL_ID,False,,,438.85,429.05,-0.02233109262846078,RETURN_UNAVAILABLE_EXPLICIT,TREATMENT_NOT_ACCEPTED,0.0,1.0,0.0,
CA_556d087774c4d45e1d2b,NSE_509E811DE5D8,BAJFINANCE,EQ,2013-01-23,RIGHTS,RIGHTS 3:19 @ PREMIUM RS 1090 PER SHARE,corporate_actions_20130101_20130131.json,UNCHANGED,,PRE_MEMBERSHIP,1,DATED_ALIAS,False,,,1389.55,1320.1,-0.049980209420316,RETURN_UNAVAILABLE_EXPLICIT,TREATMENT_NOT_ACCEPTED,0.0,1.0,0.0,
CA_2aeea12f45950f5d73f2,NSE_F9F670EF6794,ALOKTEXT,EQ,2013-02-15,RIGHTS,RIGHTS - 2:3@ PAR RS 10 PER SHARE,corporate_actions_20130201_20130228.json,UNCHANGED,,PRE_MEMBERSHIP,1,DATED_ALIAS,False,,,10.05,9.95,-0.009950248756219082,RETURN_UNAVAILABLE_EXPLICIT,TREATMENT_NOT_ACCEPTED,0.0,1.0,0.0,
CA_f4fc609caff6cf3e9608,NSE_57BCD151AF77,M&MFIN,EQ,2013-02-15,SPLIT,FACE VALUE SPLIT RS 10 TO RS 2,corporate_actions_20130201_20130228.json,UNCHANGED,,PRE_MEMBERSHIP,1,DATED_ALIAS,False,,,1009.1,201.8,-0.8000198196412645,RETURN_UNAVAILABLE_EXPLICIT,ORDINARY_ACTION_PARSE_UNVERIFIED,0.0,1.0,0.0,
CA_bf7b5803b168dc67168d,NSE_7110B3E95EA1,RASOYPR,EQ,2013-03-21,SPLIT,BONUS 2:1 / FACE VALUE SPLIT FROM RS. 5/- TO RE. 1/-,corporate_actions_20130301_20130331.json,UNCHANGED,5.0:1.0,PRE_MEMBERSHIP,1,DATED_ALIAS,False,,,115.7,8.45,-0.9269662921348315,RETURN_UNAVAILABLE_EXPLICIT,ORDINARY_ACTION_PARSE_UNVERIFIED,0.0,1.0,0.0,
CA_58f43283502dc6785fef,NSE_060294DF8B9D,WIPRO,EQ,2013-04-09,STRUCTURAL,SCHEME OF ARRANGEMENT,corporate_actions_20130401_20130430.json,UNCHANGED,,PRE_MEMBERSHIP,1,DATED_ALIAS,False,,,448.8,393.7,-0.12277183600713015,RETURN_UNAVAILABLE_EXPLICIT,TREATMENT_NOT_ACCEPTED,0.0,1.0,0.0,
CA_edc08b450e023942bc68,NSE_EF0E9934D1DE,FEL,EQ,2013-04-17,STRUCTURAL,SCHEME OF ARRANGEMENT,corporate_actions_20130401_20130430.json,UNCHANGED,,PRE_MEMBERSHIP,0,UNIQUE_ACCEPTED_ALIAS_WITH_EX_DATE_PANEL_ID,False,,,160.0,145.45,-0.09093750000000012,RETURN_UNAVAILABLE_EXPLICIT,TREATMENT_NOT_ACCEPTED,0.0,1.0,0.0,
CA_4a5f83169b2846a3e4b6,NSE_4723627B4BA6,KESORAMIND,EQ,2013-05-15,RIGHTS,RIGHTS 7:5@PREMIUM RS.55 PER SHARE/ANNUAL GENERAL MEETING / DIVIDEND RE.1/- PER EQUITY SHARE (PURPOSE REVISED),corporate_actions_20130501_20130531.json,UNCHANGED,,PRE_MEMBERSHIP,1,DATED_ALIAS,False,,,101.55,79.85,-0.2136878385032004,RETURN_UNAVAILABLE_EXPLICIT,TREATMENT_NOT_ACCEPTED,0.0,1.0,0.0,
CA_ea39612437ecb463784b,NSE_EF0E9934D1DE,FEL,EQ,2013-06-21,STRUCTURAL,SCHEME OF ARRANGEMENT,corporate_actions_20130601_20130630.json,UNCHANGED,,PRE_MEMBERSHIP,0,UNIQUE_ACCEPTED_ALIAS_WITH_EX_DATE_PANEL_ID,False,,,147.0,98.6,-0.3292517006802721,RETURN_UNAVAILABLE_EXPLICIT,TREATMENT_NOT_ACCEPTED,0.0,1.0,0.0,
CA_5056c436816c80ce2704,NSE_AF3172BFD228,EMAMILTD,EQ,2013-06-26,BONUS,BONUS 1:2 AND DIVIDEND RS.8/- PER SHARE,corporate_actions_20130601_20130630.json,UNCHANGED,1.0:2.0,PRE_MEMBERSHIP,1,DATED_ALIAS,False,,,686.35,443.9,-0.35324542871712683,RETURN_UNAVAILABLE_EXPLICIT,ORDINARY_ACTION_PARSE_UNVERIFIED,0.0,1.0,0.0,
CA_88133d36dbe6dc8d9404,NSE_7271BD099C26,ASHOKA,EQ,2013-07-03,SPLIT,BONUS 1:2 AND FACE VALUE SPLIT RS.10/- TO RS.5/-,corporate_actions_20130701_20130731.json,REPARSED,10.0:5.0,PRE_MEMBERSHIP,1,DATED_ALIAS,False,,,187.8,63.0,-0.6645367412140575,RETURN_UNAVAILABLE_EXPLICIT,ORDINARY_ACTION_PARSE_UNVERIFIED,0.0,1.0,0.0,
CA_06497a156b3a612c46f4,NSE_66EF9E74F5E3,SHILPAMED,EQ,2013-07-16,BONUS,ANNUAL GENERAL MEETING / DIVIDEND - RS 1.30/- PER SHARE / BONUS 1:2,corporate_actions_20130701_20130731.json,UNCHANGED,1.0:2.0,PRE_MEMBERSHIP,1,DATED_ALIAS,False,,,279.4,188.2,-0.3264137437365784,RETURN_UNAVAILABLE_EXPLICIT,ORDINARY_ACTION_PARSE_UNVERIFIED,0.0,1.0,0.0,
CA_a459dbd932929024acda,NSE_3E5680388E4E,JINDALPOLY,EQ,2013-07-17,STRUCTURAL,SCHEME OF DEMERGER,corporate_actions_20130701_20130731.json,UNCHANGED,,PRE_MEMBERSHIP,1,DATED_ALIAS,False,,,151.3,146.55,-0.03139458030403175,RETURN_UNAVAILABLE_EXPLICIT,TREATMENT_NOT_ACCEPTED,0.0,1.0,0.0,
CA_62527c5d757a946b5cd4,NSE_0C54BB903E03,CENTURYPLY,EQ,2013-07-18,STRUCTURAL,SCHEME OF ARRANGEMENT,corporate_actions_20130701_20130731.json,UNCHANGED,,PRE_MEMBERSHIP,1,DATED_ALIAS,False,,,58.15,50.35,-0.13413585554600171,RETURN_UNAVAILABLE_EXPLICIT,TREATMENT_NOT_ACCEPTED,0.0,1.0,0.0,
CA_4fcd56556358610beca6,NSE_502982CDBAAD,ASAHIINDIA,EQ,2013-07-26,RIGHTS,RIGHTS 13:25 @ PREMIUM RS 29/- PER SHARE,corporate_actions_20130701_20130731.json,UNCHANGED,,PRE_MEMBERSHIP,1,DATED_ALIAS,False,,,38.95,35.95,-0.07702182284980741,RETURN_UNAVAILABLE_EXPLICIT,TREATMENT_NOT_ACCEPTED,0.0,1.0,0.0,
CA_92f7e3db048f0f14e3b4,NSE_18632E719904,ASIANPAINT,EQ,2013-07-30,SPLIT,FACE VALUE SPLIT RS 10 TO RE 1,corporate_actions_20130701_20130731.json,UNCHANGED,,PRE_MEMBERSHIP,1,DATED_ALIAS,False,,,5118.2,510.75,-0.9002090578719081,RETURN_UNAVAILABLE_EXPLICIT,ORDINARY_ACTION_PARSE_UNVERIFIED,0.0,1.0,0.0,
CA_71d41301316dc5419d84,NSE_4CD9919938EF,CCL,EQ,2013-08-19,SPLIT,BONUS 1:1 AND FACE VALUE SPLIT FROM RS.10/- TO RS.2/-,corporate_actions_20130801_20130831.json,UNCHANGED,10.0:2.0,PRE_MEMBERSHIP,1,DATED_ALIAS,False,,,293.0,29.7,-0.8986348122866894,RETURN_UNAVAILABLE_EXPLICIT,ORDINARY_ACTION_PARSE_UNVERIFIED,0.0,1.0,0.0,
CA_b0f04524e8253a77dc4d,NSE_E5CCB4E0101D,GODREJPROP,EQ,2013-08-19,RIGHTS,RIGHTS 8:29 @ PREMIUM RS.315/- PER EQUITY SHARE,corporate_actions_20130801_20130831.json,UNCHANGED,,PRE_MEMBERSHIP,1,DATED_ALIAS,False,,,480.5,445.9,-0.07200832466181062,RETURN_UNAVAILABLE_EXPLICIT,TREATMENT_NOT_ACCEPTED,0.0,1.0,0.0,
CA_861a50d01604fad49369,NSE_1846247E74B4,JBMA,EQ,2013-08-29,DIVIDEND,ANNUAL GENERAL MEETING / DIVIDEND - RS 2/- PER SHARE,corporate_actions_20130801_20130831.json,UNCHANGED,2.0,PRE_MEMBERSHIP,1,DATED_ALIAS,False,,,,53.0,,RETURN_UNAVAILABLE_EXPLICIT,MARKET_OR_PREVIOUS_SESSION_UNAVAILABLE,2.0,1.0,0.0,
CA_5618f440ea0037b0bd5a,NSE_8407496D15F8,SUDARSCHEM,EQ,2013-09-05,DIVIDEND,ANNUAL GENERAL MEETING/DIVIDEND RS 12.50 PER SHARE,corporate_actions_20130901_20130930.json,UNCHANGED,12.5,PRE_MEMBERSHIP,1,DATED_ALIAS,False,,,,,,RETURN_UNAVAILABLE_EXPLICIT,MARKET_OR_PREVIOUS_SESSION_UNAVAILABLE,12.5,1.0,0.0,
CA_8eb472a330ec170f7b1d,NSE_E7891F352261,CGCL,EQ,2013-09-19,DIVIDEND,ANNUAL GENERAL MEETING / FINAL DIVIDEND - RS 1.50/- PER SHARE,corporate_actions_20130901_20130930.json,UNCHANGED,1.5,PRE_MEMBERSHIP,1,DATED_ALIAS,False,,,,,,RETURN_UNAVAILABLE_EXPLICIT,MARKET_OR_PREVIOUS_SESSION_UNAVAILABLE,1.5,1.0,0.0,
CA_e5598f8d745f586b4573,NSE_9B4AC7DEFB0B,RUPA,EQ,2013-09-19,DIVIDEND,ANNUAL GENERAL MEETING / DIVIDEND - RS 2/- PER SHARE,corporate_actions_20130901_20130930.json,UNCHANGED,2.0,PRE_MEMBERSHIP,1,DATED_ALIAS,False,,,,165.0,,RETURN_UNAVAILABLE_EXPLICIT,MARKET_OR_PREVIOUS_SESSION_UNAVAILABLE,2.0,1.0,0.0,
CA_c0367514c7cc21c72f42,NSE_3FA872F937F6,MARICO,EQ,2013-11-01,STRUCTURAL,SCHEME OF ARRANGEMENT AND FIRST INTERIM DIVIDEND,corporate_actions_20131101_20131130.json,UNCHANGED,,PRE_MEMBERSHIP,1,DATED_ALIAS,False,,,211.95,209.5,-0.011559330030667558,RETURN_UNAVAILABLE_EXPLICIT,TREATMENT_NOT_ACCEPTED,0.0,1.0,0.0,
CA_da358b5ba768a8db9eb1,NSE_8EE3E878FAE5,SONATSOFTW,EQ,2013-11-15,DIVIDEND,INTERIM DIVIDEND - RE 1/- PER SHARE (PURPOSE REVISED),corporate_actions_20131101_20131130.json,UNCHANGED,1.0,PRE_MEMBERSHIP,1,DATED_ALIAS,False,,,,,,RETURN_UNAVAILABLE_EXPLICIT,MARKET_OR_PREVIOUS_SESSION_UNAVAILABLE,1.0,1.0,0.0,
CA_943bf15d9518ab3239fe,NSE_AE2862139B09,WHEELS,EQ,2014-02-13,RIGHTS,RIGHTS 51:20 @ PREMIUM RS.390/- PER EQUITY SHARE,corporate_actions_20140201_20140228.json,UNCHANGED,,PRE_MEMBERSHIP,1,DATED_ALIAS,False,,,1054.55,749.55,-0.28922289128064105,RETURN_UNAVAILABLE_EXPLICIT,TREATMENT_NOT_ACCEPTED,0.0,1.0,0.0,
CA_f8990b3551e9950dca04,NSE_DD6A0E2BA440,WELCORP,EQ,2014-02-18,STRUCTURAL,SCHEME OF ARRANGEMENT,corporate_actions_20140201_20140228.json,UNCHANGED,,PRE_MEMBERSHIP,1,DATED_ALIAS,False,,,64.05,63.2,-0.013270882123341043,RETURN_UNAVAILABLE_EXPLICIT,TREATMENT_NOT_ACCEPTED,0.0,1.0,0.0,
CA_2a13e69ce26f43736219,NSE_0144F0CB1BA0,ZEEL,EQ,2014-03-03,PREFERENCE_SHARE_BONUS,BONUS PREFERENCE SHARES 21:1,corporate_actions_20140301_20140331.json,RECLASSIFIED,,PRE_MEMBERSHIP,1,DATED_ALIAS,False,,,268.7,267.3,-0.005210271678451672,RETURN_UNAVAILABLE_EXPLICIT,TREATMENT_NOT_ACCEPTED,0.0,1.0,0.0,
CA_8274f48d00b93a70bd00,NSE_938AB0376CFC,IL&FSTRANS,EQ,2014-03-13,RIGHTS,RIGHTS 27:100 @ PREMIUM RS.90/- PER EQUITY SHARE,corporate_actions_20140301_20140331.json,UNCHANGED,,PRE_MEMBERSHIP,1,DATED_ALIAS,False,,,127.05,120.5,-0.051554506099960595,RETURN_UNAVAILABLE_EXPLICIT,TREATMENT_NOT_ACCEPTED,0.0,1.0,0.0,
CA_58169035bd7640bbf863,NSE_53A37C11E6D9,TATAPOWER,EQ,2014-03-19,RIGHTS,RIGHTS 7:50 @ PREMIUM RS.59/- PER EQUITY SHARE,corporate_actions_20140301_20140331.json,UNCHANGED,,PRE_MEMBERSHIP,1,DATED_ALIAS,False,,,83.9,79.4,-0.05363528009535157,RETURN_UNAVAILABLE_EXPLICIT,TREATMENT_NOT_ACCEPTED,0.0,1.0,0.0,
CA_87b9ca6e3249d808b38e,NSE_D701BCB8CF79,RAMCOSYS,EQ,2014-04-22,RIGHTS,RIGHTS 1:2 @ PREMIUM RS.145/- PER EQUITY SHARE,corporate_actions_20140401_20140430.json,UNCHANGED,,PRE_MEMBERSHIP,1,DATED_ALIAS,False,,,180.2,171.95,-0.04578246392896779,RETURN_UNAVAILABLE_EXPLICIT,TREATMENT_NOT_ACCEPTED,0.0,1.0,0.0,
CA_eb37ff29113a8ee38776,NSE_8A358CA8F00D,DEEPAKNTR,EQ,2014-06-20,SPLIT,BONUS 1 : 1 / FACE VALUE SPLIT FROM RS 10/- EACH TO RS 2/- EACH,corporate_actions_20140601_20140630.json,UNCHANGED,10.0:2.0,PRE_MEMBERSHIP,1,DATED_ALIAS,False,,,904.75,96.25,-0.8936170212765957,RETURN_UNAVAILABLE_EXPLICIT,ORDINARY_ACTION_PARSE_UNVERIFIED,0.0,1.0,0.0,
CA_019fd8c24a498ee04449,NSE_0E88CB8DDD57,LAKSHVILAS,EQ,2014-07-25,RIGHTS,DIVIDEND RE1/- PER SHARE + RIGHTS ISSUE 5:6,corporate_actions_20140701_20140731.json,UNCHANGED,,PRE_MEMBERSHIP,1,DATED_ALIAS,False,,,111.7,82.55,-0.26096687555953446,RETURN_UNAVAILABLE_EXPLICIT,TREATMENT_NOT_ACCEPTED,0.0,1.0,0.0,
CA_8d931be6e8294f897529,NSE_8407496D15F8,SUDARSCHEM,EQ,2014-09-30,SPLIT,BONUS 1 : 1 / FACE VALUE SPLIT FROM RS 10/- TO RS 2/- PER SHARE,corporate_actions_20140901_20140930.json,UNCHANGED,10.0:2.0,PRE_MEMBERSHIP,1,DATED_ALIAS,False,,,1127.6,109.6,-0.9028024122029088,RETURN_UNAVAILABLE_EXPLICIT,ORDINARY_ACTION_PARSE_UNVERIFIED,0.0,1.0,0.0,
CA_3432097b522ad3df4a38,NSE_1846247E74B4,JBMA,EQ,2014-10-08,SPLIT,BONUS 1:1 AND FACE VALUE SPLIT RS.10/- TO RS.5/- PER SHARE,corporate_actions_20141001_20141031.json,REPARSED,10.0:5.0,PRE_MEMBERSHIP,1,DATED_ALIAS,False,,,1037.7,248.9,-0.7601426231087983,RETURN_UNAVAILABLE_EXPLICIT,ORDINARY_ACTION_PARSE_UNVERIFIED,0.0,1.0,0.0,
CA_86c24bc61ce401233144,NSE_A787B7252904,POLARIS,EQ,2014-10-09,STRUCTURAL,SCHEME OF ARRANGEMENT CUM DEMERGER,corporate_actions_20141001_20141031.json,UNCHANGED,,OUTSIDE_MEMBERSHIP,1,DATED_ALIAS,False,,,248.0,210.0,-0.15322580645161288,RETURN_UNAVAILABLE_EXPLICIT,TREATMENT_NOT_ACCEPTED,0.0,1.0,0.0,
CA_faa277a19bfa2ac115cc,NSE_1789CF98709C,BLUEDART,EQ,2014-11-17,DEBENTURE_ENTITLEMENT,SCHEME OF ARRANGEMENT - ISSUE OF BONUS DEBENTURES,corporate_actions_20141101_20141130.json,RECLASSIFIED,,IN_MEMBERSHIP,1,ACCEPTED_TREATMENT,True,UNRESOLVED_STRUCTURAL_EVENT,LOCAL_NSE_CA_API:corporate_actions_20141101_20141130.json;BLUEDART_BONUS_DEBENTURE_TERMS;BLUEDART_AR_2014_15;NSE_BLUEDART_LISTING_2014_11_26;FIMMDA_VALUATION_CIRCULAR_2012,6511.5,6496.55,-0.0022959379559240878,RETURN_UNAVAILABLE_EXPLICIT,ACCEPTED_STRICT_RETURN_EXCEPTION,0.0,1.0,0.0,
CA_498bf6927d49bd14c5e9,NSE_E33BF28052EC,GREENPLY,EQ,2014-11-26,STRUCTURAL,SCHEME OF DEMERGER,corporate_actions_20141101_20141130.json,UNCHANGED,,PRE_MEMBERSHIP,1,DATED_ALIAS,False,,,1108.9,948.1,-0.14500856704842646,RETURN_UNAVAILABLE_EXPLICIT,TREATMENT_NOT_ACCEPTED,0.0,1.0,0.0,
CA_649d1a91c6704b6cc989,NSE_D92A46834C0F,MINDACORP,EQ,2015-01-05,SPLIT,BONUS 1:1 / FACE VALUE SPLIT FROM RS 10/- PER SHARE TO RS 2/- PER SHARE,corporate_actions_20150101_20150131.json,UNCHANGED,10.0:2.0,PRE_MEMBERSHIP,1,DATED_ALIAS,False,,,911.25,95.7,-0.8949794238683128,RETURN_UNAVAILABLE_EXPLICIT,ORDINARY_ACTION_PARSE_UNVERIFIED,0.0,1.0,0.0,
CA_22cfc3b9a81fe7f57ff6,NSE_B3968699E9E2,INTELLECT,EQ,2015-01-16,STRUCTURAL,SCHEME OF ARRANGEMENT-TO ASCERTAIN ELIGIBLE MEMBERS TO PROVIDE OPTION TO OPT FOR NCD IN PLACE OF EQUITY SHARES,corporate_actions_20150101_20150131.json,UNCHANGED,,PRE_MEMBERSHIP,1,DATED_ALIAS,False,,,119.95,126.95,0.05835764902042517,RETURN_UNAVAILABLE_EXPLICIT,TREATMENT_NOT_ACCEPTED,0.0,1.0,0.0,
CA_df82d8fc43ad7e21c2a8,NSE_4FB8019524D0,NTPC,EQ,2015-03-20,DEBENTURE_ENTITLEMENT,SCHEME OF ARRANGEMENT - BONUS DEBENTURES 1:1,corporate_actions_20150301_20150331.json,RECLASSIFIED,,IN_MEMBERSHIP,1,ACCEPTED_TREATMENT,True,UNRESOLVED_STRUCTURAL_EVENT,LOCAL_NSE_CA_API:corporate_actions_20150301_20150331.json;BSE_NTPC_COUPON_ANNOUNCEMENT_2015_03_20;NTPC_BONUS_DEBENTURE_TRANSCRIPT;NTPC_PIB_RELEASE_2015_03_26;NSE_NTPC_LISTING_2015_03_27;FIMMDA_VALUATION_CIRCULAR_2012,154.75,145.5,-0.05977382875605819,RETURN_UNAVAILABLE_EXPLICIT,ACCEPTED_STRICT_RETURN_EXCEPTION,0.0,1.0,0.0,
CA_46f159e1e6f12e1e79cb,NSE_148E052CEC64,GRANULES,EQ,2015-03-23,SPLIT,FACE VALUE SPLIT RS 10 TO RS 1,corporate_actions_20150301_20150331.json,UNCHANGED,,PRE_MEMBERSHIP,1,DATED_ALIAS,False,,,856.4,88.75,-0.8963685193834656,RETURN_UNAVAILABLE_EXPLICIT,ORDINARY_ACTION_PARSE_UNVERIFIED,0.0,1.0,0.0,
CA_73d0e9f8b8e4a8fdb881,NSE_DCA00C31EBFD,BALKRISIND,EQ,2015-03-24,STRUCTURAL,SCHEME OF ARRANGEMENT,corporate_actions_20150301_20150331.json,UNCHANGED,,OUTSIDE_MEMBERSHIP,1,DATED_ALIAS,False,,,615.3,604.6,-0.017389891110027533,RETURN_UNAVAILABLE_EXPLICIT,TREATMENT_NOT_ACCEPTED,0.0,1.0,0.0,
CA_916df9023b5865eabede,NSE_D8A31493DD0A,TATAMTRDVR,EQ,2015-04-06,RIGHTS,RIGHTS 6:109 @ PREMIUM RS.269/- PER SHARE,corporate_actions_20150401_20150430.json,UNCHANGED,,PRE_MEMBERSHIP,1,DATED_ALIAS,False,,,338.05,341.45,0.010057683774589599,RETURN_UNAVAILABLE_EXPLICIT,TREATMENT_NOT_ACCEPTED,0.0,1.0,0.0,
CA_379f438e0fa82febbf97,NSE_D67F47161F2D,SFCL,EQ,2015-04-23,STRUCTURAL,DEMERGER,corporate_actions_20150401_20150430.json,UNCHANGED,,PRE_MEMBERSHIP,1,DATED_ALIAS,False,,,167.7,165.35,-0.014013118664281454,RETURN_UNAVAILABLE_EXPLICIT,TREATMENT_NOT_ACCEPTED,0.0,1.0,0.0,
CA_ee115bb800808115f870,NSE_C60D64EC58FE,ARVIND,EQ,2015-05-28,STRUCTURAL,SCHEME OF ARRANGEMENT,corporate_actions_20150501_20150531.json,UNCHANGED,,OUTSIDE_MEMBERSHIP,1,DATED_ALIAS,False,,,224.05,238.2,0.06315554563713444,RETURN_UNAVAILABLE_EXPLICIT,TREATMENT_NOT_ACCEPTED,0.0,1.0,0.0,
CA_8d241ef7b6f51f1aae85,NSE_42CD50DCCBD6,ADANIENT,EQ,2015-06-03,STRUCTURAL,SCHEME OF ARRANGEMENT,corporate_actions_20150601_20150630.json,UNCHANGED,,OUTSIDE_MEMBERSHIP,1,DATED_ALIAS,False,,,637.0,109.75,-0.8277080062794349,RETURN_UNAVAILABLE_EXPLICIT,TREATMENT_NOT_ACCEPTED,0.0,1.0,0.0,
CA_e90a53f3da415ef42ae8,NSE_71E0266D5F31,MASTEK,EQ,2015-06-12,STRUCTURAL,SCHEME OF ARRANGEMENT,corporate_actions_20150601_20150630.json,UNCHANGED,,OUTSIDE_MEMBERSHIP,1,DATED_ALIAS,False,,,438.05,148.95,-0.659970323022486,RETURN_UNAVAILABLE_EXPLICIT,TREATMENT_NOT_ACCEPTED,0.0,1.0,0.0,
CA_e55059d9cb22496269b8,NSE_EC27C1265F27,BAYERCROP,EQ,2015-08-03,BUYBACK,BUYBACK OF SHARES,corporate_actions_20150801_20150831.json,UNCHANGED,,PRE_MEMBERSHIP,1,DATED_ALIAS,False,,,4002.6,3920.85,-0.020424224254234735,RETURN_UNAVAILABLE_EXPLICIT,TREATMENT_NOT_ACCEPTED,0.0,1.0,0.0,
CA_de9806670c7649a3e8cf,NSE_1671B749B56F,IDFC,HA,2015-09-29,STRUCTURAL,DEMERGER,corporate_actions_20150901_20150930.json,UNCHANGED,,OUTSIDE_MEMBERSHIP,1,DATED_ALIAS,False,,,140.5,138.9,-0.011387900355871894,RETURN_UNAVAILABLE_EXPLICIT,TREATMENT_NOT_ACCEPTED,0.0,1.0,0.0,
CA_e583c5277bfb87e79410,NSE_1671B749B56F,IDFC,HB,2015-09-29,STRUCTURAL,DEMERGER,corporate_actions_20150901_20150930.json,UNCHANGED,,OUTSIDE_MEMBERSHIP,1,DATED_ALIAS,False,,,140.5,138.9,-0.011387900355871894,RETURN_UNAVAILABLE_EXPLICIT,TREATMENT_NOT_ACCEPTED,0.0,1.0,0.0,
CA_6e65f1f070c79719ea69,NSE_1671B749B56F,IDFC,HC,2015-09-29,STRUCTURAL,DEMERGER,corporate_actions_20150901_20150930.json,UNCHANGED,,OUTSIDE_MEMBERSHIP,1,DATED_ALIAS,False,,,140.5,138.9,-0.011387900355871894,RETURN_UNAVAILABLE_EXPLICIT,TREATMENT_NOT_ACCEPTED,0.0,1.0,0.0,
CA_9b94d0d6784fccc6c6f0,NSE_1671B749B56F,IDFC,HD,2015-09-29,STRUCTURAL,DEMERGER,corporate_actions_20150901_20150930.json,UNCHANGED,,OUTSIDE_MEMBERSHIP,1,DATED_ALIAS,False,,,140.5,138.9,-0.011387900355871894,RETURN_UNAVAILABLE_EXPLICIT,TREATMENT_NOT_ACCEPTED,0.0,1.0,0.0,
CA_d2da918a2e1d1a015e22,NSE_1671B749B56F,IDFC,HE,2015-09-29,STRUCTURAL,DEMERGER,corporate_actions_20150901_20150930.json,UNCHANGED,,OUTSIDE_MEMBERSHIP,1,DATED_ALIAS,False,,,140.5,138.9,-0.011387900355871894,RETURN_UNAVAILABLE_EXPLICIT,TREATMENT_NOT_ACCEPTED,0.0,1.0,0.0,
CA_7fff13b3128fa831178b,NSE_1671B749B56F,IDFC,H1,2015-09-29,STRUCTURAL,DEMERGER,corporate_actions_20150901_20150930.json,UNCHANGED,,OUTSIDE_MEMBERSHIP,1,DATED_ALIAS,False,,,140.5,138.9,-0.011387900355871894,RETURN_UNAVAILABLE_EXPLICIT,TREATMENT_NOT_ACCEPTED,0.0,1.0,0.0,
CA_9748c044a432c07eae8a,NSE_1671B749B56F,IDFC,H9,2015-09-29,STRUCTURAL,DEMERGER,corporate_actions_20150901_20150930.json,UNCHANGED,,OUTSIDE_MEMBERSHIP,1,DATED_ALIAS,False,,,140.5,138.9,-0.011387900355871894,RETURN_UNAVAILABLE_EXPLICIT,TREATMENT_NOT_ACCEPTED,0.0,1.0,0.0,
CA_459e414d3b71cfec6676,NSE_1671B749B56F,IDFC,H3,2015-09-29,STRUCTURAL,DEMERGER,corporate_actions_20150901_20150930.json,UNCHANGED,,OUTSIDE_MEMBERSHIP,1,DATED_ALIAS,False,,,140.5,138.9,-0.011387900355871894,RETURN_UNAVAILABLE_EXPLICIT,TREATMENT_NOT_ACCEPTED,0.0,1.0,0.0,
CA_b4f80bbd69424f6b183a,NSE_1671B749B56F,IDFC,H4,2015-09-29,STRUCTURAL,DEMERGER,corporate_actions_20150901_20150930.json,UNCHANGED,,OUTSIDE_MEMBERSHIP,1,DATED_ALIAS,False,,,140.5,138.9,-0.011387900355871894,RETURN_UNAVAILABLE_EXPLICIT,TREATMENT_NOT_ACCEPTED,0.0,1.0,0.0,
CA_e683a8a93f0015fe52fe,NSE_1671B749B56F,IDFC,H5,2015-09-29,STRUCTURAL,DEMERGER,corporate_actions_20150901_20150930.json,UNCHANGED,,OUTSIDE_MEMBERSHIP,1,DATED_ALIAS,False,,,140.5,138.9,-0.011387900355871894,RETURN_UNAVAILABLE_EXPLICIT,TREATMENT_NOT_ACCEPTED,0.0,1.0,0.0,
CA_a61682fef95fbe7aed84,NSE_1671B749B56F,IDFC,H6,2015-09-29,STRUCTURAL,DEMERGER,corporate_actions_20150901_20150930.json,UNCHANGED,,OUTSIDE_MEMBERSHIP,1,DATED_ALIAS,False,,,140.5,138.9,-0.011387900355871894,RETURN_UNAVAILABLE_EXPLICIT,TREATMENT_NOT_ACCEPTED,0.0,1.0,0.0,
CA_a3bb8578d375a947c2b3,NSE_1671B749B56F,IDFC,H7,2015-09-29,STRUCTURAL,DEMERGER,corporate_actions_20150901_20150930.json,UNCHANGED,,OUTSIDE_MEMBERSHIP,1,DATED_ALIAS,False,,,140.5,138.9,-0.011387900355871894,RETURN_UNAVAILABLE_EXPLICIT,TREATMENT_NOT_ACCEPTED,0.0,1.0,0.0,
CA_fb9bbe6d8818ab95b335,NSE_1671B749B56F,IDFC,H8,2015-09-29,STRUCTURAL,DEMERGER,corporate_actions_20150901_20150930.json,UNCHANGED,,OUTSIDE_MEMBERSHIP,1,DATED_ALIAS,False,,,140.5,138.9,-0.011387900355871894,RETURN_UNAVAILABLE_EXPLICIT,TREATMENT_NOT_ACCEPTED,0.0,1.0,0.0,
CA_7287367d0d3ab252fb21,NSE_1671B749B56F,IDFC,H2,2015-09-29,STRUCTURAL,DEMERGER,corporate_actions_20150901_20150930.json,UNCHANGED,,OUTSIDE_MEMBERSHIP,1,DATED_ALIAS,False,,,140.5,138.9,-0.011387900355871894,RETURN_UNAVAILABLE_EXPLICIT,TREATMENT_NOT_ACCEPTED,0.0,1.0,0.0,
CA_9a44748e33a9e6bfc8f7,NSE_1671B749B56F,IDFC,EQ,2015-10-01,STRUCTURAL,DEMERGER,corporate_actions_20151001_20151031.json,UNCHANGED,,OUTSIDE_MEMBERSHIP,1,DATED_ALIAS,False,,,141.05,60.35,-0.5721375398794755,RETURN_UNAVAILABLE_EXPLICIT,TREATMENT_NOT_ACCEPTED,0.0,1.0,0.0,
CA_25d92bfd331e98d5bc85,,IDFCFIRSTB,H3,2015-10-29,BUYBACK,PAYMENT OF AMOUNT OF BUYBACK TO BONDHOLDERS,corporate_actions_20151001_20151031.json,UNCHANGED,,POSSIBLE_MEMBER_IDENTITY_UNRESOLVED,0,UNRESOLVED,False,,,,,,RETURN_UNAVAILABLE_EXPLICIT,POSSIBLE_MEMBER_IDENTITY_UNRESOLVED,0.0,1.0,0.0,
CA_eb8ec60bd0c8f1584789,,IDFCFIRSTB,H4,2015-10-29,BUYBACK,PAYMENT OF AMOUNT OF BUYBACK TO BONDHOLDERS,corporate_actions_20151001_20151031.json,UNCHANGED,,POSSIBLE_MEMBER_IDENTITY_UNRESOLVED,0,UNRESOLVED,False,,,,,,RETURN_UNAVAILABLE_EXPLICIT,POSSIBLE_MEMBER_IDENTITY_UNRESOLVED,0.0,1.0,0.0,
CA_da7d9673a7e339e185ee,NSE_329ABD1F5CCD,JSL,EQ,2015-11-19,STRUCTURAL,COMPOSITE SCHEME OF ARRANGEMENT,corporate_actions_20151101_20151130.json,UNCHANGED,,OUTSIDE_MEMBERSHIP,1,DATED_ALIAS,False,,,56.35,22.05,-0.6086956521739131,RETURN_UNAVAILABLE_EXPLICIT,TREATMENT_NOT_ACCEPTED,0.0,1.0,0.0,
CA_1ef6e0f15339c33531c0,NSE_98CBA18954BD,MFSL,EQ,2016-01-27,STRUCTURAL,SCHEME OF ARRANGEMENT,corporate_actions_20160101_20160131.json,UNCHANGED,,OUTSIDE_MEMBERSHIP,0,UNIQUE_ACCEPTED_ALIAS_WITH_EX_DATE_PANEL_ID,False,,,471.6,348.6,-0.26081424936386766,RETURN_UNAVAILABLE_EXPLICIT,TREATMENT_NOT_ACCEPTED,0.0,1.0,0.0,
CA_1ccd99a3ef81412061c4,NSE_D35374D82BA3,IDFCFIRSTB,H6,2016-02-04,BUYBACK,BUYBACK OF BONDS,corporate_actions_20160201_20160229.json,UNCHANGED,,PRE_MEMBERSHIP,0,UNIQUE_ACCEPTED_ALIAS_WITH_EX_DATE_PANEL_ID,False,,,52.1,53.45,0.025911708253358867,RETURN_UNAVAILABLE_EXPLICIT,TREATMENT_NOT_ACCEPTED,0.0,1.0,0.0,
CA_7ea921c2f66fdc092188,NSE_D35374D82BA3,IDFCFIRSTB,H5,2016-02-04,BUYBACK,PAYMENT OF INTEREST & BUYBACK AMOUNT TO BONDHOLDERS,corporate_actions_20160201_20160229.json,UNCHANGED,,PRE_MEMBERSHIP,0,UNIQUE_ACCEPTED_ALIAS_WITH_EX_DATE_PANEL_ID,False,,,52.1,53.45,0.025911708253358867,RETURN_UNAVAILABLE_EXPLICIT,TREATMENT_NOT_ACCEPTED,0.0,1.0,0.0,
CA_d68d9be194519be0bb03,NSE_812A4A064978,CGPOWER,EQ,2016-03-15,STRUCTURAL,SCHEME OF ARRANGEMENT,corporate_actions_20160301_20160331.json,UNCHANGED,,OUTSIDE_MEMBERSHIP,0,UNIQUE_ACCEPTED_ALIAS_WITH_EX_DATE_PANEL_ID,False,,,155.3,44.0,-0.716677398583387,RETURN_UNAVAILABLE_EXPLICIT,TREATMENT_NOT_ACCEPTED,0.0,1.0,0.0,
CA_167b70c508f26f36f910,NSE_D35374D82BA3,IDFCFIRSTB,H7,2016-03-22,BUYBACK,INTEREST PAYMENT/ BUYBACK,corporate_actions_20160301_20160331.json,UNCHANGED,,PRE_MEMBERSHIP,0,UNIQUE_ACCEPTED_ALIAS_WITH_EX_DATE_PANEL_ID,False,,,47.0,46.75,-0.005319148936170248,RETURN_UNAVAILABLE_EXPLICIT,TREATMENT_NOT_ACCEPTED,0.0,1.0,0.0,
CA_e30c6ef0c3f6ac153efa,NSE_D35374D82BA3,IDFCFIRSTB,H8,2016-03-22,BUYBACK,PAYMENT OF AMT OF BUYBACK,corporate_actions_20160301_20160331.json,UNCHANGED,,PRE_MEMBERSHIP,0,UNIQUE_ACCEPTED_ALIAS_WITH_EX_DATE_PANEL_ID,False,,,47.0,46.75,-0.005319148936170248,RETURN_UNAVAILABLE_EXPLICIT,TREATMENT_NOT_ACCEPTED,0.0,1.0,0.0,
CA_2f82444835129326fbd0,NSE_EF0E9934D1DE,FEL,EQ,2016-05-11,STRUCTURAL,SCHEME OF ARRANGEMENT,corporate_actions_20160501_20160531.json,UNCHANGED,,OUTSIDE_MEMBERSHIP,0,UNIQUE_ACCEPTED_ALIAS_WITH_EX_DATE_PANEL_ID,False,,,151.05,19.0,-0.8742138364779874,RETURN_UNAVAILABLE_EXPLICIT,TREATMENT_NOT_ACCEPTED,0.0,1.0,0.0,
CA_01b53b51cb7beb6a2915,NSE_D5AEC8D4EBC0,JINDALSAW,EQ,2016-08-25,STRUCTURAL,SCHEME OF ARRANGEMENT,corporate_actions_20160801_20160831.json,UNCHANGED,,OUTSIDE_MEMBERSHIP,1,DATED_ALIAS,False,,,51.8,48.6,-0.06177606177606165,RETURN_UNAVAILABLE_EXPLICIT,TREATMENT_NOT_ACCEPTED,0.0,1.0,0.0,
CA_b0eba0f7b5242fea8f4c,NSE_B7616A734F2C,TCI,EQ,2016-08-26,STRUCTURAL,SCHEME OF ARRANGEMENT,corporate_actions_20160801_20160831.json,UNCHANGED,,OUTSIDE_MEMBERSHIP,1,DATED_ALIAS,False,,,368.0,195.15,-0.4697010869565217,RETURN_UNAVAILABLE_EXPLICIT,TREATMENT_NOT_ACCEPTED,0.0,1.0,0.0,
CA_177b994cac5fe4b86839,NSE_016878F56F2B,MANDHANA,EQ,2016-09-22,STRUCTURAL,SCHEME OF DEMERGER,corporate_actions_20160901_20160930.json,UNCHANGED,,OUTSIDE_MEMBERSHIP,1,DATED_ALIAS,False,,,121.95,42.75,-0.6494464944649447,RETURN_UNAVAILABLE_EXPLICIT,TREATMENT_NOT_ACCEPTED,0.0,1.0,0.0,
CA_7524a38c1ec62c751318,NSE_AE4994F757D1,KIOCL,EQ,2017-02-06,DIVIDEND,INTERIM DIVIDEND RE 0.11 PER SHARE,corporate_actions_20170201_20170228.json,UNCHANGED,0.11,PRE_MEMBERSHIP,1,DATED_ALIAS,False,,,,,,RETURN_UNAVAILABLE_EXPLICIT,MARKET_OR_PREVIOUS_SESSION_UNAVAILABLE,0.11,1.0,0.0,
CA_7ec71406640cdb5cfb4f,NSE_7F1FE9599769,SINTEX,EQ,2017-05-25,STRUCTURAL,SCHEME OF ARRANGEMENT,corporate_actions_20170501_20170531.json,UNCHANGED,,OUTSIDE_MEMBERSHIP,1,DATED_ALIAS,False,,,104.1,25.85,-0.7516810758885687,RETURN_UNAVAILABLE_EXPLICIT,TREATMENT_NOT_ACCEPTED,0.0,1.0,0.0,
CA_8ade75260802ef97916a,NSE_E7891F352261,CGCL,EQ,2017-07-05,DIVIDEND,ANNUAL GENERAL MEETING/DIVIDEND - RE 0..30 PER SHARE,corporate_actions_20170701_20170731.json,UNCHANGED,,PRE_MEMBERSHIP,1,DATED_ALIAS,False,,,59.2,59.3,0.0016891891891890332,RETURN_UNAVAILABLE_EXPLICIT,ORDINARY_ACTION_PARSE_UNVERIFIED,0.0,1.0,0.0,
CA_9712390351bb6336e11a,NSE_951F0DE091F9,GRASIM,EQ,2017-07-19,STRUCTURAL,SCHEME OF ARRANGEMENT,corporate_actions_20170701_20170731.json,UNCHANGED,,OUTSIDE_MEMBERSHIP,1,DATED_ALIAS,False,,,1307.8,1050.0,-0.1971249426517816,RETURN_UNAVAILABLE_EXPLICIT,TREATMENT_NOT_ACCEPTED,0.0,1.0,0.0,
CA_253391c466422f1c9423,NSE_2B12B6998928,RELCAPITAL,EQ,2017-09-05,STRUCTURAL,SCHEME OF ARRANGEMENT,corporate_actions_20170901_20170930.json,UNCHANGED,,OUTSIDE_MEMBERSHIP,1,DATED_ALIAS,False,,,818.8,750.45,-0.08347581827063988,RETURN_UNAVAILABLE_EXPLICIT,TREATMENT_NOT_ACCEPTED,0.0,1.0,0.0,
CA_4f7a48e1d73308995871,NSE_2D9667E60569,POLYMED,EQ,2017-09-20,DIVIDEND,ANNUAL GENERAL MEETING/DIVIDEND - RE 0.50 PER SHARE,corporate_actions_20170901_20170930.json,UNCHANGED,0.5,PRE_MEMBERSHIP,1,DATED_ALIAS,False,,,220.55,223.7,0.014282475629108893,RETURN_UNAVAILABLE_EXPLICIT,POSSIBLE_DUPLICATE_ECONOMIC_RECORD,0.5,1.0,0.0,
CA_e2fa7d92a3245c9d524c,NSE_2D9667E60569,POLYMED,EQ,2017-09-20,DIVIDEND,DIVIDEND- RE 0.50 PER SHARE,corporate_actions_20170901_20170930.json,UNCHANGED,0.5,PRE_MEMBERSHIP,1,DATED_ALIAS,False,,,220.55,223.7,0.014282475629108893,RETURN_UNAVAILABLE_EXPLICIT,POSSIBLE_DUPLICATE_ECONOMIC_RECORD,0.5,1.0,0.0,
CA_d4350a4891573655ee29,NSE_F96D3907BEE7,IIFL,EQ,2017-10-17,STRUCTURAL,SCHEME OF ARRANGEMENT,corporate_actions_20171001_20171031.json,UNCHANGED,,OUTSIDE_MEMBERSHIP,1,DATED_ALIAS,False,,,615.45,610.8,-0.0075554472337315826,RETURN_UNAVAILABLE_EXPLICIT,TREATMENT_NOT_ACCEPTED,0.0,1.0,0.0,
CA_73f2fd7856e2a8f125ac,NSE_E987DDA51421,FRETAIL,EQ,2017-11-29,STRUCTURAL,SCHEME OF ARRANGEMENT,corporate_actions_20171101_20171130.json,UNCHANGED,,OUTSIDE_MEMBERSHIP,1,DATED_ALIAS,False,,,565.9,573.2,0.012899805619367433,RETURN_UNAVAILABLE_EXPLICIT,TREATMENT_NOT_ACCEPTED,0.0,1.0,0.0,
CA_d3492438c93851dd325f,NSE_E8494F35C12B,MAYURUNIQ,EQ,2017-11-29,BUYBACK,BUYBACK,corporate_actions_20171101_20171130.json,UNCHANGED,,OUTSIDE_MEMBERSHIP,1,DATED_ALIAS,False,,,459.65,456.05,-0.007832046122049352,RETURN_UNAVAILABLE_EXPLICIT,TREATMENT_NOT_ACCEPTED,0.0,1.0,0.0,
CA_d57220646c03c3887b9c,NSE_E8494F35C12B,MAYURUNIQ,EQ,2017-11-29,DIVIDEND,INTERIM DIVIDEND - RE 0.25 PER SHARE,corporate_actions_20171101_20171130.json,UNCHANGED,0.25,OUTSIDE_MEMBERSHIP,1,DATED_ALIAS,False,,,459.65,456.05,-0.007832046122049352,RETURN_UNAVAILABLE_EXPLICIT,COINCIDENT_UNRESOLVED_ACTION,0.25,1.0,0.0,
CA_46835534ce0015bfe89f,NSE_7CDA5DAD8C0C,LOVABLE,EQ,2017-12-07,BUYBACK,BUYBACK,corporate_actions_20171201_20171231.json,UNCHANGED,,OUTSIDE_MEMBERSHIP,1,DATED_ALIAS,False,,,238.4,235.9,-0.010486577181208045,RETURN_UNAVAILABLE_EXPLICIT,TREATMENT_NOT_ACCEPTED,0.0,1.0,0.0,
CA_eed9a7fc545d17d328b3,NSE_7A24E610012A,SWARAJENG,EQ,2018-01-11,BUYBACK,BUYBACK,corporate_actions_20180101_20180131.json,UNCHANGED,,OUTSIDE_MEMBERSHIP,1,DATED_ALIAS,False,,,2151.05,2088.4,-0.0291253108946794,RETURN_UNAVAILABLE_EXPLICIT,TREATMENT_NOT_ACCEPTED,0.0,1.0,0.0,
CA_97dcc52d47ab7bf189d9,NSE_6B14B0471978,AARTIDRUGS,EQ,2018-01-18,BUYBACK,BUYBACK,corporate_actions_20180101_20180131.json,UNCHANGED,,OUTSIDE_MEMBERSHIP,1,DATED_ALIAS,False,,,740.3,715.95,-0.0328920707821152,RETURN_UNAVAILABLE_EXPLICIT,TREATMENT_NOT_ACCEPTED,0.0,1.0,0.0,
CA_26c975868bc50d05ca8c,NSE_1EDC5AB6BDE5,GAYAPROJ,EQ,2018-01-30,STRUCTURAL,SCHEME OF ARRANGEMENT,corporate_actions_20180101_20180131.json,UNCHANGED,,OUTSIDE_MEMBERSHIP,1,DATED_ALIAS,False,,,217.3,210.0,-0.03359410952600095,RETURN_UNAVAILABLE_EXPLICIT,TREATMENT_NOT_ACCEPTED,0.0,1.0,0.0,
CA_05d4bfc29668bda65981,NSE_D33E443DE34A,SUNDARMFIN,EQ,2018-02-01,STRUCTURAL,SCHEME OF ARRANGEMENT,corporate_actions_20180201_20180228.json,UNCHANGED,,OUTSIDE_MEMBERSHIP,1,DATED_ALIAS,False,,,1882.2,1713.95,-0.08939007544362976,RETURN_UNAVAILABLE_EXPLICIT,TREATMENT_NOT_ACCEPTED,0.0,1.0,0.0,
CA_e8ab3b19871a658e8ec8,NSE_C9C5A501D2C2,ALEMBICLTD,EQ,2018-03-22,BUYBACK,BUYBACK,corporate_actions_20180301_20180331.json,UNCHANGED,,PRE_MEMBERSHIP,1,DATED_ALIAS,False,,,59.25,55.95,-0.05569620253164553,RETURN_UNAVAILABLE_EXPLICIT,TREATMENT_NOT_ACCEPTED,0.0,1.0,0.0,
CA_09d4133ad6ad9024fa83,NSE_42CD50DCCBD6,ADANIENT,EQ,2018-04-05,STRUCTURAL,SCHEME OF ARRANGEMENT,corporate_actions_20180401_20180430.json,UNCHANGED,,OUTSIDE_MEMBERSHIP,1,DATED_ALIAS,False,,,151.45,147.85,-0.02377022119511385,RETURN_UNAVAILABLE_EXPLICIT,TREATMENT_NOT_ACCEPTED,0.0,1.0,0.0,
CA_df384ef3fc428b287dca,NSE_72AFBEE07E5D,STAR,EQ,2018-04-06,STRUCTURAL,SCHEME OF ARRANGEMENT,corporate_actions_20180401_20180430.json,UNCHANGED,,OUTSIDE_MEMBERSHIP,1,DATED_ALIAS,False,,,653.55,663.8,0.015683574324841354,RETURN_UNAVAILABLE_EXPLICIT,TREATMENT_NOT_ACCEPTED,0.0,1.0,0.0,
CA_97597e60defd554b8321,NSE_AE2862139B09,WHEELS,EQ,2018-08-08,DIVIDEND,ANNUAL GENERAL MEETING/DIVIDEND- RS 9 PER SHARE,corporate_actions_20180801_20180831.json,UNCHANGED,9.0,OUTSIDE_MEMBERSHIP,1,DATED_ALIAS,False,,,2322.0,1144.3,-0.507192075796727,RETURN_UNAVAILABLE_EXPLICIT,MULTIPLE_ACTION_UNITS_UNVERIFIED,9.0,1.0,0.0,
CA_3e43c1d1d32f3e1a447e,NSE_AE2862139B09,WHEELS,EQ,2018-08-08,BONUS,BONUS 1:1,corporate_actions_20180801_20180831.json,UNCHANGED,1.0:1.0,OUTSIDE_MEMBERSHIP,1,DATED_ALIAS,False,,,2322.0,1144.3,-0.507192075796727,RETURN_UNAVAILABLE_EXPLICIT,MULTIPLE_ACTION_UNITS_UNVERIFIED,0.0,2.0,0.0,
CA_a4d21420673221a0b482,,MONNETISPA,EQ,2018-08-29,CAPITAL_REDUCTION,CAPITAL REDUCTION RS 10 TO RS 3.30 / CONSOLIDATION RS 3.30 TO RS.10,corporate_actions_20180801_20180831.json,UNCHANGED,,POSSIBLE_MEMBER_IDENTITY_UNRESOLVED,0,UNRESOLVED,False,,,,,,RETURN_UNAVAILABLE_EXPLICIT,POSSIBLE_MEMBER_IDENTITY_UNRESOLVED,0.0,1.0,0.0,
CA_3c6a72f243fcf95ad54a,NSE_851A827BCF83,NAVNETEDUL,EQ,2018-08-30,BUYBACK,BUYBACK,corporate_actions_20180801_20180831.json,UNCHANGED,,OUTSIDE_MEMBERSHIP,1,DATED_ALIAS,False,,,137.0,137.3,0.0021897810218978186,RETURN_UNAVAILABLE_EXPLICIT,TREATMENT_NOT_ACCEPTED,0.0,1.0,0.0,
CA_d6eecab7f0888fc406f6,NSE_42CD50DCCBD6,ADANIENT,EQ,2018-09-06,STRUCTURAL,SCHEME OF ARRANGEMENT,corporate_actions_20180901_20180930.json,UNCHANGED,,OUTSIDE_MEMBERSHIP,1,DATED_ALIAS,False,,,210.95,163.7,-0.2239867267124911,RETURN_UNAVAILABLE_EXPLICIT,TREATMENT_NOT_ACCEPTED,0.0,1.0,0.0,
CA_a547b59a77462e2625dd,NSE_F10717A1FD65,COX&KINGS,EQ,2018-10-25,STRUCTURAL,SCHEME OF DEMERGER,corporate_actions_20181001_20181031.json,UNCHANGED,,OUTSIDE_MEMBERSHIP,1,DATED_ALIAS,False,,,196.7,181.1,-0.07930859176410776,RETURN_UNAVAILABLE_EXPLICIT,TREATMENT_NOT_ACCEPTED,0.0,1.0,0.0,
CA_78c8a95e2472b7c4caa7,NSE_9FB7052822E7,CESC,EQ,2018-10-30,STRUCTURAL,COMPOSITE SCHEME OF ARRANGEMENT,corporate_actions_20181001_20181031.json,UNCHANGED,,OUTSIDE_MEMBERSHIP,1,DATED_ALIAS,False,,,864.0,713.65,-0.17401620370370374,RETURN_UNAVAILABLE_EXPLICIT,TREATMENT_NOT_ACCEPTED,0.0,1.0,0.0,
CA_976da4b23cd71b346dab,NSE_C60D64EC58FE,ARVIND,EQ,2018-11-28,STRUCTURAL,DEMERGER,corporate_actions_20181101_20181130.json,UNCHANGED,,OUTSIDE_MEMBERSHIP,1,DATED_ALIAS,False,,,311.05,108.6,-0.6508599903552483,RETURN_UNAVAILABLE_EXPLICIT,TREATMENT_NOT_ACCEPTED,0.0,1.0,0.0,
CA_9e4a3e84724b4ddd5a30,NSE_64BF9F3DBA41,BSOFT,EQ,2019-01-24,STRUCTURAL,COMPOSITE SCHEME OF ARRANGEMENT,corporate_actions_20190101_20190131.json,UNCHANGED,,OUTSIDE_MEMBERSHIP,0,UNIQUE_ACCEPTED_ALIAS_WITH_EX_DATE_PANEL_ID,False,,,216.65,128.95,-0.40480036925917384,RETURN_UNAVAILABLE_EXPLICIT,TREATMENT_NOT_ACCEPTED,0.0,1.0,0.0,
CA_992b9adde6b0f3d8191c,NSE_6B14B0471978,AARTIDRUGS,EQ,2019-03-28,BUYBACK,BUYBACK,corporate_actions_20190301_20190331.json,UNCHANGED,,OUTSIDE_MEMBERSHIP,1,DATED_ALIAS,False,,,662.3,648.15,-0.021364940359353768,RETURN_UNAVAILABLE_EXPLICIT,TREATMENT_NOT_ACCEPTED,0.0,1.0,0.0,
CA_4a05cf701a78abe65dc6,NSE_D5ACCFD1139D,HTMEDIA,EQ,2019-04-09,STRUCTURAL,DEMERGER,corporate_actions_20190401_20190430.json,UNCHANGED,,OUTSIDE_MEMBERSHIP,1,DATED_ALIAS,False,,,47.45,40.4,-0.14857744994731303,RETURN_UNAVAILABLE_EXPLICIT,TREATMENT_NOT_ACCEPTED,0.0,1.0,0.0,
CA_e1b79649b7b784d97751,NSE_400E6C0FE473,PRAKASH,EQ,2019-04-23,STRUCTURAL,DEMERGER,corporate_actions_20190401_20190430.json,UNCHANGED,,OUTSIDE_MEMBERSHIP,1,DATED_ALIAS,False,,,88.45,78.55,-0.11192764273600908,RETURN_UNAVAILABLE_EXPLICIT,TREATMENT_NOT_ACCEPTED,0.0,1.0,0.0,
CA_bc661c41f226f8cadf0f,NSE_F96D3907BEE7,IIFL,EQ,2019-05-30,STRUCTURAL,SCHEME OF ARRANGEMENT,corporate_actions_20190501_20190531.json,UNCHANGED,,OUTSIDE_MEMBERSHIP,1,DATED_ALIAS,False,,,417.45,199.5,-0.522098454904779,RETURN_UNAVAILABLE_EXPLICIT,TREATMENT_NOT_ACCEPTED,0.0,1.0,0.0,
CA_9a4d1bf3110042d82bf8,NSE_C5E1346C906E,TRIVENI,EQ,2019-06-18,BUYBACK,BUYBACK,corporate_actions_20190601_20190630.json,UNCHANGED,,PRE_MEMBERSHIP,1,DATED_ALIAS,False,,,73.55,67.4,-0.08361658735554034,RETURN_UNAVAILABLE_EXPLICIT,TREATMENT_NOT_ACCEPTED,0.0,1.0,0.0,
CA_f37bb4a3e8a796f6e39c,NSE_418B7FB30526,TATASTLLP,EQ,2019-06-24,RIGHTS,RIGHTS 15:7@ PREMIUM RS 490 PER SHARE,corporate_actions_20190601_20190630.json,UNCHANGED,,OUTSIDE_MEMBERSHIP,0,UNIQUE_ACCEPTED_ALIAS_WITH_EX_DATE_PANEL_ID,False,,,636.7,548.9,-0.13789853934348995,RETURN_UNAVAILABLE_EXPLICIT,TREATMENT_NOT_ACCEPTED,0.0,1.0,0.0,
CA_7c4b422d9b821ca69ce7,NSE_81E1BA306A07,AARTIIND,EQ,2019-07-03,STRUCTURAL,SCHEME OF DEMERGER,corporate_actions_20190701_20190731.json,UNCHANGED,,OUTSIDE_MEMBERSHIP,1,DATED_ALIAS,False,,,1801.25,1753.7,-0.02639833448993756,RETURN_UNAVAILABLE_EXPLICIT,TREATMENT_NOT_ACCEPTED,0.0,1.0,0.0,
CA_3b571433b0b8d5f3cd54,NSE_9BE1DE6AAF18,TTML,EQ,2019-07-11,STRUCTURAL,DE-MERGER,corporate_actions_20190701_20190731.json,UNCHANGED,,OUTSIDE_MEMBERSHIP,1,DATED_ALIAS,False,,,4.05,4.0,-0.012345679012345623,RETURN_UNAVAILABLE_EXPLICIT,TREATMENT_NOT_ACCEPTED,0.0,1.0,0.0,
CA_4d415ee45237ea9628fd,NSE_E33BF28052EC,GREENPLY,EQ,2019-07-12,STRUCTURAL,DEMERGER,corporate_actions_20190701_20190731.json,UNCHANGED,,OUTSIDE_MEMBERSHIP,1,DATED_ALIAS,False,,,168.45,158.65,-0.05817750074205985,RETURN_UNAVAILABLE_EXPLICIT,TREATMENT_NOT_ACCEPTED,0.0,1.0,0.0,
CA_cf1d08cc46707417d90d,NSE_6835A4E7227D,GFLLIMITED,EQ,2019-08-06,STRUCTURAL,DEMERGER,corporate_actions_20190801_20190831.json,UNCHANGED,,OUTSIDE_MEMBERSHIP,1,DATED_ALIAS,False,,,880.85,95.95,-0.8910711244820344,RETURN_UNAVAILABLE_EXPLICIT,TREATMENT_NOT_ACCEPTED,0.0,1.0,0.0,
CA_b76299de65382d4aef6e,NSE_CBDF2B22A73F,AGI,EQ,2019-08-19,DIVIDEND,ANNUAL GENERAL MEETING/DIVIDEND - RS 3 PER SHARE,corporate_actions_20190801_20190831.json,UNCHANGED,3.0,OUTSIDE_MEMBERSHIP,0,UNIQUE_ACCEPTED_ALIAS_WITH_EX_DATE_PANEL_ID,False,,,234.85,61.75,-0.7370662124760485,RETURN_UNAVAILABLE_EXPLICIT,COINCIDENT_UNRESOLVED_ACTION,3.0,1.0,0.0,
CA_77dbd1a3b983e1b3bddf,NSE_CBDF2B22A73F,AGI,EQ,2019-08-19,STRUCTURAL,DEMERGER,corporate_actions_20190801_20190831.json,UNCHANGED,,OUTSIDE_MEMBERSHIP,0,UNIQUE_ACCEPTED_ALIAS_WITH_EX_DATE_PANEL_ID,False,,,234.85,61.75,-0.7370662124760485,RETURN_UNAVAILABLE_EXPLICIT,TREATMENT_NOT_ACCEPTED,0.0,1.0,0.0,
CA_52dafdfb28d9f35d7326,NSE_444C594AB9B7,BRITANNIA,EQ,2019-08-22,DEBENTURE_ENTITLEMENT,SCHEME OF ARANGEMENT- BONUS - 1 DEBENTURE FOR 1 EQUITY SHARE HELD,corporate_actions_20190801_20190831.json,RECLASSIFIED,,IN_MEMBERSHIP,1,ACCEPTED_TREATMENT,True,UNRESOLVED_STRUCTURAL_EVENT,LOCAL_NSE_CA_API:corporate_actions_20190801_20190831.json;BRITANNIA_IM_2019;BRITANNIA_ALLOTMENT_2019_08_28;BRITANNIA_AR_2021_22_2019_EVENT;FIMMDA_VALUATION_CIRCULAR_2012,2384.5,2440.75,0.02358985112182843,RETURN_UNAVAILABLE_EXPLICIT,ACCEPTED_STRICT_RETURN_EXCEPTION,0.0,1.0,0.0,
CA_017f38c6fc975dae27c2,NSE_C9C5A501D2C2,ALEMBICLTD,EQ,2019-08-26,STRUCTURAL,DEMERGER,corporate_actions_20190801_20190831.json,UNCHANGED,,PRE_MEMBERSHIP,1,DATED_ALIAS,False,,,50.35,38.95,-0.2264150943396226,RETURN_UNAVAILABLE_EXPLICIT,TREATMENT_NOT_ACCEPTED,0.0,1.0,0.0,
CA_af6d5a9e2ca05613d874,NSE_7F8B1EBDE62B,PATELENG,EQ,2019-09-17,RIGHTS,RIGHTS 7:5 @ PREMIUM RS 8/- PER SHARE,corporate_actions_20190901_20190930.json,UNCHANGED,,OUTSIDE_MEMBERSHIP,1,DATED_ALIAS,False,,,15.2,12.15,-0.20065789473684204,RETURN_UNAVAILABLE_EXPLICIT,TREATMENT_NOT_ACCEPTED,0.0,1.0,0.0,
CA_4c8e2f9282e35bca8325,NSE_C941893EE311,TATACOMM,EQ,2019-09-17,STRUCTURAL,DEMERGER,corporate_actions_20190901_20190930.json,UNCHANGED,,OUTSIDE_MEMBERSHIP,1,DATED_ALIAS,False,,,426.8,278.25,-0.3480552952202437,RETURN_UNAVAILABLE_EXPLICIT,TREATMENT_NOT_ACCEPTED,0.0,1.0,0.0,
CA_d9bc97fec23e0417a87b,NSE_63EB9280D90F,TEXRAIL,EQ,2019-09-24,RIGHTS,RIGHTS 19:100 @ PREMIUM RS 45.70/-,corporate_actions_20190901_20190930.json,UNCHANGED,,OUTSIDE_MEMBERSHIP,1,DATED_ALIAS,False,,,49.4,49.8,0.00809716599190291,RETURN_UNAVAILABLE_EXPLICIT,TREATMENT_NOT_ACCEPTED,0.0,1.0,0.0,
CA_3ac740cfdd061acec801,NSE_9AE82A200CBD,NIITLTD,EQ,2019-10-17,BUYBACK,BUYBACK,corporate_actions_20191001_20191031.json,UNCHANGED,,OUTSIDE_MEMBERSHIP,1,DATED_ALIAS,False,,,87.0,78.05,-0.1028735632183908,RETURN_UNAVAILABLE_EXPLICIT,TREATMENT_NOT_ACCEPTED,0.0,1.0,0.0,
CA_d04252a952e6874f0431,NSE_AA256B638694,THOMASCOOK,EQ,2019-12-05,STRUCTURAL,DEMERGER,corporate_actions_20191201_20191231.json,UNCHANGED,,OUTSIDE_MEMBERSHIP,1,DATED_ALIAS,False,,,149.5,66.45,-0.5555183946488294,RETURN_UNAVAILABLE_EXPLICIT,TREATMENT_NOT_ACCEPTED,0.0,1.0,0.0,
CA_93e91333c57773c4c322,NSE_FE37750EBD83,ABB,EQ,2019-12-20,STRUCTURAL,DEMERGER,corporate_actions_20191201_20191231.json,UNCHANGED,,OUTSIDE_MEMBERSHIP,1,DATED_ALIAS,False,,,1476.0,1262.0,-0.1449864498644986,RETURN_UNAVAILABLE_EXPLICIT,TREATMENT_NOT_ACCEPTED,0.0,1.0,0.0,
CA_7b5d64c8446ba2bca221,NSE_4723627B4BA6,KESORAMIND,EQ,2019-12-24,STRUCTURAL,DEMERGER,corporate_actions_20191201_20191231.json,UNCHANGED,,OUTSIDE_MEMBERSHIP,1,DATED_ALIAS,False,,,57.65,53.6,-0.07025151777970506,RETURN_UNAVAILABLE_EXPLICIT,TREATMENT_NOT_ACCEPTED,0.0,1.0,0.0,
CA_338e56e977a8f1127065,NSE_3E5680388E4E,JINDALPOLY,EQ,2019-12-30,STRUCTURAL,DEMERGER,corporate_actions_20191201_20191231.json,UNCHANGED,,OUTSIDE_MEMBERSHIP,1,DATED_ALIAS,False,,,234.85,223.25,-0.0493932297210985,RETURN_UNAVAILABLE_EXPLICIT,TREATMENT_NOT_ACCEPTED,0.0,1.0,0.0,
CA_7563b3352a583300b0c8,NSE_3BC23EE3CDD9,SUVEN,EQ,2020-01-21,STRUCTURAL,DEMERGER,corporate_actions_20200101_20200131.json,UNCHANGED,,OUTSIDE_MEMBERSHIP,1,DATED_ALIAS,False,,,301.45,15.95,-0.9470890694974291,RETURN_UNAVAILABLE_EXPLICIT,TREATMENT_NOT_ACCEPTED,0.0,1.0,0.0,
CA_8e27f66d24b7cf8de174,NSE_D84D9BBEAF23,BORORENEW,EQ,2020-03-06,STRUCTURAL,DEMERGER,corporate_actions_20200301_20200331.json,UNCHANGED,,PRE_MEMBERSHIP,1,DATED_ALIAS,False,,,188.8,49.85,-0.7359639830508475,RETURN_UNAVAILABLE_EXPLICIT,TREATMENT_NOT_ACCEPTED,0.0,1.0,0.0,
CA_e208bfc086b777a7c88c,NSE_680430C14CBF,GDL,EQ,2020-07-23,RIGHTS,RIGHTS 4:27 @ PREMIUM RS 62/-,corporate_actions_20200701_20200731.json,UNCHANGED,,OUTSIDE_MEMBERSHIP,1,DATED_ALIAS,False,,,91.4,87.05,-0.04759299781181625,RETURN_UNAVAILABLE_EXPLICIT,TREATMENT_NOT_ACCEPTED,0.0,1.0,0.0,
CA_5e489cbcf5d7b74ce786,NSE_F5B3E0E44D10,PRIVISCL,EQ,2020-08-21,STRUCTURAL,DEMERGER,corporate_actions_20200801_20200831.json,UNCHANGED,,PRE_MEMBERSHIP,0,UNIQUE_ACCEPTED_ALIAS_WITH_EX_DATE_PANEL_ID,False,,,684.8,553.35,-0.1919538551401868,RETURN_UNAVAILABLE_EXPLICIT,TREATMENT_NOT_ACCEPTED,0.0,1.0,0.0,
CA_ea929a66f79614cdae4b,NSE_C5E1346C906E,TRIVENI,EQ,2020-08-27,BUYBACK,BUYBACK,corporate_actions_20200801_20200831.json,UNCHANGED,,PRE_MEMBERSHIP,1,DATED_ALIAS,False,,,78.15,75.85,-0.02943058221369177,RETURN_UNAVAILABLE_EXPLICIT,TREATMENT_NOT_ACCEPTED,0.0,1.0,0.0,
CA_31046ded07eaa34fb3e8,NSE_9EF7F390DA4E,DEEPAKFERT,EQ,2020-09-16,DIVIDEND,ANNUAL GENERAL MEETING/DIVIDEND - RS 3 PER SHARE,corporate_actions_20200901_20200930.json,UNCHANGED,3.0,OUTSIDE_MEMBERSHIP,1,DATED_ALIAS,False,,,173.4,166.75,-0.03835063437139563,RETURN_UNAVAILABLE_EXPLICIT,COINCIDENT_UNRESOLVED_ACTION,3.0,1.0,0.0,
CA_f59befb063935a9017c3,NSE_9EF7F390DA4E,DEEPAKFERT,EQ,2020-09-16,RIGHTS,RIGHTS 3:20 @ PREMIUM RS 123/-,corporate_actions_20200901_20200930.json,UNCHANGED,,OUTSIDE_MEMBERSHIP,1,DATED_ALIAS,False,,,173.4,166.75,-0.03835063437139563,RETURN_UNAVAILABLE_EXPLICIT,TREATMENT_NOT_ACCEPTED,0.0,1.0,0.0,
CA_b7021297bbbf7e4e5fb2,NSE_3E94CB7D547E,ANANTRAJ,EQ,2020-10-06,STRUCTURAL,DEMERGER,corporate_actions_20201001_20201031.json,UNCHANGED,,OUTSIDE_MEMBERSHIP,1,DATED_ALIAS,False,,,36.25,20.35,-0.4386206896551724,RETURN_UNAVAILABLE_EXPLICIT,TREATMENT_NOT_ACCEPTED,0.0,1.0,0.0,
CA_c02455d0200fdabff1ae,NSE_AE4994F757D1,KIOCL,EQ,2020-10-28,BUYBACK,BUYBACK,corporate_actions_20201001_20201031.json,UNCHANGED,,OUTSIDE_MEMBERSHIP,1,DATED_ALIAS,False,,,112.65,110.4,-0.01997336884154466,RETURN_UNAVAILABLE_EXPLICIT,TREATMENT_NOT_ACCEPTED,0.0,1.0,0.0,
CA_579830341255203fac84,NSE_7E9F9084BD7D,JUBLPHARMA,EQ,2021-02-04,STRUCTURAL,DEMERGER,corporate_actions_20210201_20210228.json,UNCHANGED,,OUTSIDE_MEMBERSHIP,0,UNIQUE_ACCEPTED_ALIAS_WITH_EX_DATE_PANEL_ID,False,,,1025.6,902.75,-0.11978354134165359,RETURN_UNAVAILABLE_EXPLICIT,TREATMENT_NOT_ACCEPTED,0.0,1.0,0.0,
CA_44b915807c568aa1c0e5,NSE_806A916D3197,ARVINDFASN,EQ,2021-02-23,RIGHTS,RIGHTS 3:20 @ PREMIUM RS 131/-,corporate_actions_20210201_20210228.json,UNCHANGED,,OUTSIDE_MEMBERSHIP,1,DATED_ALIAS,False,,,164.85,159.15,-0.034576888080072754,RETURN_UNAVAILABLE_EXPLICIT,TREATMENT_NOT_ACCEPTED,0.0,1.0,0.0,
CA_61221f2a9ceafe607eca,NSE_6835A4E7227D,GFLLIMITED,EQ,2021-03-26,STRUCTURAL,DEMERGER,corporate_actions_20210301_20210331.json,UNCHANGED,,OUTSIDE_MEMBERSHIP,1,DATED_ALIAS,False,,,108.35,80.75,-0.2547300415320719,RETURN_UNAVAILABLE_EXPLICIT,TREATMENT_NOT_ACCEPTED,0.0,1.0,0.0,
CA_ac77178a1f3b292f7ee0,NSE_444C594AB9B7,BRITANNIA,EQ,2021-05-25,DIVIDEND,DIVIDEND - RS 12.50 PER SHARE PURSUANT TO SCHEME,corporate_actions_20210501_20210531.json,UNCHANGED,12.5,IN_MEMBERSHIP,1,DATED_ALIAS,False,,,3379.1,3439.5,0.017874581989287153,RETURN_UNAVAILABLE_EXPLICIT,COINCIDENT_UNRESOLVED_ACTION,12.5,1.0,0.0,
CA_9d29c825ee80b650567a,NSE_444C594AB9B7,BRITANNIA,EQ,2021-05-25,DEBENTURE_ENTITLEMENT,SCHEME OF ARANGEMENT- BONUS - 1 DEBENTURE FOR 1 EQUITY SHARE HELD,corporate_actions_20210501_20210531.json,RECLASSIFIED,,IN_MEMBERSHIP,1,ACCEPTED_TREATMENT,True,UNRESOLVED_STRUCTURAL_EVENT,LOCAL_NSE_CA_API:corporate_actions_20210501_20210531.json;BRITANNIA_TERMS_2021_05_21;BRITANNIA_ALLOTMENT_2021_06_03;BRITANNIA_AR_2021_22_2021_EVENT;FIMMDA_VALUATION_CIRCULAR_2012,3379.1,3439.5,0.017874581989287153,RETURN_UNAVAILABLE_EXPLICIT,ACCEPTED_STRICT_RETURN_EXCEPTION,0.0,1.0,0.0,
CA_3ec7762a6e7b220937b8,NSE_4723627B4BA6,KESORAMIND,EQ,2021-09-16,RIGHTS,RIGHTS 133:274 @ PREMIUM RS 40/-,corporate_actions_20210901_20210930.json,UNCHANGED,,OUTSIDE_MEMBERSHIP,1,DATED_ALIAS,False,,,89.65,77.7,-0.13329615170105968,RETURN_UNAVAILABLE_EXPLICIT,TREATMENT_NOT_ACCEPTED,0.0,1.0,0.0,
CA_8a2de48524fdb76769c0,NSE_63EB9280D90F,TEXRAIL,EQ,2021-10-21,RIGHTS,RIGHTS 2:7 @ PREMIUM RS 22/-,corporate_actions_20211001_20211031.json,UNCHANGED,,OUTSIDE_MEMBERSHIP,1,DATED_ALIAS,False,,,39.25,34.0,-0.13375796178343946,RETURN_UNAVAILABLE_EXPLICIT,TREATMENT_NOT_ACCEPTED,0.0,1.0,0.0,
CA_7b1268f51c7f32e3d106,NSE_F8512C975E62,SHK,EQ,2021-11-11,BUYBACK,BUYBACK,corporate_actions_20211101_20211130.json,UNCHANGED,,OUTSIDE_MEMBERSHIP,1,DATED_ALIAS,False,,,193.0,182.5,-0.05440414507772018,RETURN_UNAVAILABLE_EXPLICIT,TREATMENT_NOT_ACCEPTED,0.0,1.0,0.0,
CA_426563cd086ccfc19532,NSE_108254EF6AA4,MOTHERSON,EQ,2022-01-14,STRUCTURAL,DEMERGER,corporate_actions_20220101_20220131.json,UNCHANGED,,OUTSIDE_MEMBERSHIP,0,UNIQUE_ACCEPTED_ALIAS_WITH_EX_DATE_PANEL_ID,False,,,234.8,185.55,-0.20975298126064734,RETURN_UNAVAILABLE_EXPLICIT,TREATMENT_NOT_ACCEPTED,0.0,1.0,0.0,
CA_a28c7ef7be5fba82424e,NSE_03B0BD5CB55C,HGS,EQ,2022-02-22,BONUS,BONUS 1:1,corporate_actions_20220201_20220228.json,UNCHANGED,1.0:1.0,IN_MEMBERSHIP,1,DATED_ALIAS,False,,,2733.8,1310.1,-0.5207769405223499,RETURN_UNAVAILABLE_EXPLICIT,MULTIPLE_ACTION_UNITS_UNVERIFIED,0.0,2.0,0.0,
CA_4bd3ac9cadba72dfd0ee,NSE_03B0BD5CB55C,HGS,EQ,2022-02-22,DIVIDEND,INTERIM DIVIDEND - RS 28 PER SHARE,corporate_actions_20220201_20220228.json,UNCHANGED,28.0,IN_MEMBERSHIP,1,DATED_ALIAS,False,,,2733.8,1310.1,-0.5207769405223499,RETURN_UNAVAILABLE_EXPLICIT,MULTIPLE_ACTION_UNITS_UNVERIFIED,28.0,1.0,0.0,
CA_af4b2106b902a7398f52,NSE_E8494F35C12B,MAYURUNIQ,EQ,2022-02-22,BUYBACK,BUYBACK,corporate_actions_20220201_20220228.json,UNCHANGED,,OUTSIDE_MEMBERSHIP,1,DATED_ALIAS,False,,,458.95,435.1,-0.05196644514653004,RETURN_UNAVAILABLE_EXPLICIT,TREATMENT_NOT_ACCEPTED,0.0,1.0,0.0,
CA_573465bbca3206467dd8,NSE_48390A9F12CC,UNOMINDA,EQ,2022-07-07,BONUS,BONUS 1:1,corporate_actions_20220701_20220731.json,UNCHANGED,1.0:1.0,IN_MEMBERSHIP,0,UNIQUE_ACCEPTED_ALIAS_WITH_EX_DATE_PANEL_ID,False,,,969.2,496.55,-0.4876702434997937,RETURN_UNAVAILABLE_EXPLICIT,MULTIPLE_ACTION_UNITS_UNVERIFIED,0.0,2.0,0.0,
CA_2991c7e2dcd5c9928507,NSE_48390A9F12CC,UNOMINDA,EQ,2022-07-07,DIVIDEND,DIVIDEND - RS 1 PER SHARE,corporate_actions_20220701_20220731.json,UNCHANGED,1.0,IN_MEMBERSHIP,0,UNIQUE_ACCEPTED_ALIAS_WITH_EX_DATE_PANEL_ID,False,,,969.2,496.55,-0.4876702434997937,RETURN_UNAVAILABLE_EXPLICIT,MULTIPLE_ACTION_UNITS_UNVERIFIED,1.0,1.0,0.0,
CA_8bd79e7b22c050462139,,SUPPETRO,EQ,2022-07-22,DIVIDEND,ANNUAL GENERAL MEETING/DIVIDEND - RS 14 PER SHARE,corporate_actions_20220701_20220731.json,UNCHANGED,14.0,POSSIBLE_MEMBER_IDENTITY_UNRESOLVED,0,UNRESOLVED,False,,,,,,RETURN_UNAVAILABLE_EXPLICIT,POSSIBLE_MEMBER_IDENTITY_UNRESOLVED,0.0,1.0,0.0,
CA_3e098f64e58baebfcaec,NSE_238128DD84D9,MSUMI,EQ,2022-08-12,DIVIDEND,ANNUAL GENERAL MEETING/DIVIDEND - RS PER SHARE,corporate_actions_20220801_20220831.json,UNCHANGED,,PRE_MEMBERSHIP,1,DATED_ALIAS,False,,,78.9,78.3,-0.0076045627376426506,RETURN_UNAVAILABLE_EXPLICIT,ORDINARY_ACTION_PARSE_UNVERIFIED,0.0,1.0,0.0,
CA_639afdcd43cd7fcf23bf,NSE_A4B76A210E61,PEL,EQ,2022-08-30,STRUCTURAL,DEMERGER,corporate_actions_20220801_20220831.json,UNCHANGED,,OUTSIDE_MEMBERSHIP,1,DATED_ALIAS,False,,,1926.5,1063.55,-0.4479366727225539,RETURN_UNAVAILABLE_EXPLICIT,TREATMENT_NOT_ACCEPTED,0.0,1.0,0.0,
CA_10d544d633d683f23dca,NSE_873E06A5291B,BEML,EQ,2022-09-08,STRUCTURAL,DEMERGER,corporate_actions_20220901_20220930.json,UNCHANGED,,OUTSIDE_MEMBERSHIP,1,DATED_ALIAS,False,,,1838.95,1537.2,-0.1640882025068653,RETURN_UNAVAILABLE_EXPLICIT,TREATMENT_NOT_ACCEPTED,0.0,1.0,0.0,
CA_8f1a2994503cad9e9964,NSE_FD4A93ADA75B,BAJAJFINSV,EQ,2022-09-13,BONUS,BONUS 1:1,corporate_actions_20220901_20220930.json,UNCHANGED,1.0:1.0,IN_MEMBERSHIP,1,DATED_ALIAS,False,,,17138.05,1784.75,-0.8958603808484629,RETURN_UNAVAILABLE_EXPLICIT,MULTIPLE_ACTION_UNITS_UNVERIFIED,0.0,2.0,0.0,
CA_c48fd23ae89fa0c40398,NSE_FD4A93ADA75B,BAJAJFINSV,EQ,2022-09-13,SPLIT,FACE VALUE SPLIT (SUB-DIVISION) - FROM RS 5/- PER SHARE TO RE 1/- PER SHARE,corporate_actions_20220901_20220930.json,UNCHANGED,5.0:1.0,IN_MEMBERSHIP,1,DATED_ALIAS,False,,,17138.05,1784.75,-0.8958603808484629,RETURN_UNAVAILABLE_EXPLICIT,MULTIPLE_ACTION_UNITS_UNVERIFIED,0.0,5.0,0.0,
CA_ea2a6135ded4b7604002,NSE_3BC23EE3CDD9,SUVEN,EQ,2022-10-17,RIGHTS,RIGHTS 1:2 @ PREMIUM RS 54/-,corporate_actions_20221001_20221031.json,UNCHANGED,,OUTSIDE_MEMBERSHIP,1,DATED_ALIAS,False,,,72.0,67.6,-0.06111111111111123,RETURN_UNAVAILABLE_EXPLICIT,TREATMENT_NOT_ACCEPTED,0.0,1.0,0.0,
CA_8af1fe47739ab6c546c4,NSE_81E1BA306A07,AARTIIND,EQ,2022-10-19,STRUCTURAL,DEMERGER,corporate_actions_20221001_20221031.json,UNCHANGED,,OUTSIDE_MEMBERSHIP,1,DATED_ALIAS,False,,,744.9,683.35,-0.08262854074372394,RETURN_UNAVAILABLE_EXPLICIT,TREATMENT_NOT_ACCEPTED,0.0,1.0,0.0,
CA_c5bcb078df3cc90f65d0,NSE_6693136E8F8D,NMDC,EQ,2022-10-27,STRUCTURAL,DEMERGER,corporate_actions_20221001_20221031.json,UNCHANGED,,OUTSIDE_MEMBERSHIP,1,DATED_ALIAS,False,,,130.75,104.3,-0.20229445506692167,RETURN_UNAVAILABLE_EXPLICIT,TREATMENT_NOT_ACCEPTED,0.0,1.0,0.0,
CA_bd1a9c0fb614d418b033,NSE_4F096D93F0F3,EASEMYTRIP,EQ,2022-11-21,BONUS,BONUS 3:1,corporate_actions_20221101_20221130.json,UNCHANGED,3.0:1.0,IN_MEMBERSHIP,1,DATED_ALIAS,False,,,381.95,57.3,-0.8499803639219793,RETURN_UNAVAILABLE_EXPLICIT,MULTIPLE_ACTION_UNITS_UNVERIFIED,0.0,4.0,0.0,
CA_d980fda0218090aafc5e,NSE_4F096D93F0F3,EASEMYTRIP,EQ,2022-11-21,SPLIT,FACE VALUE SPLIT (SUB-DIVISION) - FROM RS 2/- PER SHARE TO RE 1/- PER SHARE,corporate_actions_20221101_20221130.json,UNCHANGED,2.0:1.0,IN_MEMBERSHIP,1,DATED_ALIAS,False,,,381.95,57.3,-0.8499803639219793,RETURN_UNAVAILABLE_EXPLICIT,MULTIPLE_ACTION_UNITS_UNVERIFIED,0.0,2.0,0.0,
CA_4dfc5e0e1c28a1095d9d,NSE_EEAD76022193,HERITGFOOD,EQ,2023-01-20,RIGHTS,RIGHTS 1:1 @ PREMIUM RS 0/-,corporate_actions_20230101_20230131.json,UNCHANGED,,OUTSIDE_MEMBERSHIP,1,DATED_ALIAS,False,,,351.5,186.85,-0.46842105263157896,RETURN_UNAVAILABLE_EXPLICIT,TREATMENT_NOT_ACCEPTED,0.0,1.0,0.0,
CA_5ed5d1a7537676a71ef4,NSE_7F8B1EBDE62B,PATELENG,EQ,2023-02-06,RIGHTS,RIGHTS 1:2@ PREMIUM RS 11.60/-,corporate_actions_20230201_20230228.json,UNCHANGED,,OUTSIDE_MEMBERSHIP,1,DATED_ALIAS,False,,,17.25,14.95,-0.13333333333333341,RETURN_UNAVAILABLE_EXPLICIT,TREATMENT_NOT_ACCEPTED,0.0,1.0,0.0,
CA_345e36020980c8a5818d,NSE_D40F53D9B283,360ONE,EQ,2023-03-02,BONUS,BONUS 1:1,corporate_actions_20230301_20230331.json,UNCHANGED,1.0:1.0,IN_MEMBERSHIP,1,DATED_ALIAS,False,,,1773.3,441.05,-0.7512829188518582,RETURN_UNAVAILABLE_EXPLICIT,MULTIPLE_ACTION_UNITS_UNVERIFIED,0.0,2.0,0.0,
CA_9313d9639b4150f118c7,NSE_D40F53D9B283,360ONE,EQ,2023-03-02,SPLIT,FACE VALUE SPLIT (SUB-DIVISION) - FROM RS 2/- PER SHARE TO RE 1/- PER SHARE,corporate_actions_20230301_20230331.json,UNCHANGED,2.0:1.0,IN_MEMBERSHIP,1,DATED_ALIAS,False,,,1773.3,441.05,-0.7512829188518582,RETURN_UNAVAILABLE_EXPLICIT,MULTIPLE_ACTION_UNITS_UNVERIFIED,0.0,2.0,0.0,
CA_3d8a0e3f1466b44eb24a,NSE_FECEC1EAA0A3,SCI,EQ,2023-03-31,STRUCTURAL,DEMERGER,corporate_actions_20230301_20230331.json,UNCHANGED,,OUTSIDE_MEMBERSHIP,1,DATED_ALIAS,False,,,120.65,93.6,-0.22420223787816007,RETURN_UNAVAILABLE_EXPLICIT,TREATMENT_NOT_ACCEPTED,0.0,1.0,0.0,
