company_name,old_symbol,new_symbol,effective_date
NIPPON INDIA MF - NIPPON INDIA Dual Advantage FTF  Sr. x Plan E -  GO,RDAXEDG,NDAXEDG,2019-10-30
NIPPON INDIA MF - NIPPON INDIA Dual Advantage FTF  Sr. x Plan E - DPO,RDAXEDD,NDAXEDD,2019-10-30
NIPPON INDIA MF - NIPPON INDIA Dual Advantage FTF  Sr. x Plan E-DPGO,RDAXEDDG,NDAXEDDG,2019-10-30
NIPPON INDIA MF-NIPPON INDIA Dual Advantage FTF Sr.x Plan E- DP- DPO,RDAXEDDD,NDAXEDDD,2019-10-30
360 ONE WAM LIMITED,IIFLWAM,360ONE,2023-01-23
3M India Limited,BIRLA3M,3MINDIA,2004-06-15
3P Land Holdings Limited,PDUMJEAGRO,PDUMJEIND,2008-03-28
3P Land Holdings Limited,PDUMJEIND,3PLAND,2018-05-04
63 moons technologies limited,FINANTECH,63MOONS,2017-01-19
A2Z Infra Engineering Limited,A2ZMES,A2ZINFRA,2014-12-31
AJR INFRA AND TOLLING LIMITED,GAMMNINFRA,AJRINFRA,2021-08-16
AMBANI ORGOCHEM LIMITED,AMBANIORG,AMBANIORGO,2024-08-01
AMD Industries Limited,AMDMET,AMDIND,2008-02-25
ANDHRA PAPER LIMITED,IPAPPM,ANDPAPER,2020-01-22
ANDHRA PAPER LIMITED,APPAPER,IPAPPM,2014-01-21
ANDHRA PAPER LIMITED,ANDPAPER,ANDHRAPAP,2020-03-05
ANG Industries Limited,ANGAUTO,ANGIND,2010-06-16
ARVIND PORT AND INFRA LIMITED,ACSAL,ARVINDPORT,2024-12-09
ATLANTAA LIMITED,ATLANTA,ATLANTAA,2023-12-15
ATN International Limited,ARIHANTCRE,ATNINT,2003-09-17
AURUS GEM CORPORATION LIMITED,LYPSAGEMS,AURUS,2026-07-14
AVATAR Industries Limited,ASLIND,AVATAR,2026-04-24
AVRO INDIA LIMITED,AVONMPL,AVROIND,2019-11-01
AXIS MUTUAL FUND - AXIS NIFTY IT ETF,AXISTECETF,ITAXIS,2026-07-03
AXIS MUTUAL FUND - Axis NIFTY 50 ETF,AXISNIFTY,NIFTYAXIS,2026-07-03
AXIS MUTUAL FUND - Axis NIFTY Bank ETF,AXISBNKETF,BNKETFAXIS,2026-07-03
AXIS MUTUAL FUND - Axis NIFTY Healthcare ETF,AXISHCETF,HEALTHAXIS,2026-07-03
AXIS MUTUAL FUND - Axis NIFTY India Consumption ETF,AXISCETF,CONSUMAXIS,2026-07-03
AXISCADES Technologies Limited,IT&T,AXIS-IT&T,2005-08-16
AXISCADES Technologies Limited,AXIS-IT&T,AXISCADES,2014-10-08
AYM Syntex Limited,WELSYNTEX,AYMSYNTEX,2016-02-03
Aban Offshore Limited,ABANLOYD,ABAN,2006-08-18
Aban Offshore Limited,ABANLLOYD,ABANLOYD,2005-01-17
Abans Financial Services Limited,AHL,AFSL,2025-04-01
Abhishek Corporation Limited,AML,ABHISHEK,2008-06-26
Accelya Solutions India Limited,KALECONSUL,ACCELYA,2012-09-06
Acutaas Chemicals Limited,AMIORG,ACUTAAS,2025-06-02
Adani Energy Solutions Limited,ADANITRANS,ADANIENSOL,2023-08-24
Adani Enterprises Limited,ADANIEXPO,ADANIENT,2006-09-20
Adani Ports and Special Economic Zone Limited,MUNDRAPORT,ADANIPORTS,2012-01-17
Adani Total Gas Limited,ADANIGAS,ATGL,2021-01-13
Addictive Learning Technology Limited,LAWSIKHO,ADDICTIVE,2025-12-17
Aditya Birla Capital Limited,76100ABCL3,761ABCL35A,2026-06-08
Aditya Birla Chemicals (India) Limited,BCCL,ABCIL,2009-03-09
Aditya Birla Chemicals (India) Limited,BIHARCAUST,BCCL,2005-12-05
Aditya Birla Fashion and Retail Limited,PFRL,ABFRL,2016-01-29
Aditya Birla Money Limited,APOLLOSIND,BIRLAMONEY,2009-09-09
Aditya Birla Nuvo Limited,INDRAYON,ABIRLANUVO,2005-12-07
Aditya Birla Real Estate Limited,CENTURYTEX,ABREL,2024-10-10
Ador Welding Limited,ADVANIORLI,ADORWELD,2004-09-27
Ador Welding Limited,ADORWELD,ADOR,2025-04-11
Adroit Infotech Limited,SPHEREGSL,ADROITINFO,2018-04-19
Adroit Infotech Limited,COLORCHIPS,SPHEREGSL,2015-10-13
Adroit Infotech Limited,ARHAMFISCL,COLORCHIPS,2006-04-04
Advani Hotels & Resorts (India) Limited,RAMADHOTEL,ADVANIHOTR,2007-06-25
Aegis Logistics Limited,AEGISCHEM,AEGISLOG,2024-06-07
Aeroflex Enterprises Limited,SATINDLTD,AEROENTER,2025-06-25
Aeroflex Neu Limited,SAH,AERONEU,2025-08-22
Aftek Limited,AFTEKINFO,AFTEK,2006-11-27
Agro Tech Foods Limited,ITCAGRO,ATFL,2002-12-31
Ajmera Realty & Infra India Limited,SHREE,AJMERA,2009-06-23
Akzo Nobel India Limited,ICI,AKZOINDIA,2010-05-27
Alcokraft Distilleries Limited,AURDIS,ALCODIS,2025-11-18
Alembic Limited,ALMBICHEM,ALEMBICLTD,1999-09-22
Alicon Castalloy Limited,ENKEI,ALICON,2011-03-04
Alivus Life Sciences Limited,GLS,ALIVUS,2025-01-20
Allcargo Gati Limited,GATI,ACLGATI,2023-11-30
Alldigi Tech Limited,ALLSEC,ALLDIGI,2024-09-27
Alpha Alternatives Financial Services Private Limited,AAFS27B,AAFS27C,2026-05-28
Amara Raja Energy & Mobility Limited,AMARAJABAT,ARE&M,2023-10-27
Ambuja Cement Rajasthan Limited,DLFCEMENT,AMBUJARAJN,2001-08-20
Ambuja Cements Limited,GUJAMBCEM,AMBUJACEM,2007-07-24
Amir Chand Jagdish Kumar (Exports) Limited,AMIRCHAND,AEROPLANE,2026-07-20
Amj Land Holdings Limited,PDUMJEPULP,AMJLAND,2018-01-19
Angel One Limited,ANGELBRKG,ANGELONE,2021-11-11
Anik Industries Limited,MPGLYCEM,ANIKINDS,2008-05-21
Ansal Properties & Infrastructure Limited,ANSALPROP,ANSALINFRA,2006-01-27
Ansal Properties & Infrastructure Limited,ANSALINFRA,ANSALAPI,2010-05-14
Antelopus Selan Energy Limited,SELAN,ANTELOPUS,2025-09-22
Apcotex Industries Limited,APCOTEXLAT,APCOTEXIND,2006-11-01
Aqylon Nexus Limited,SABTNL,AQYLON,2026-02-11
Arihant Academy Limited,AAL,ARIHANTACA,2023-01-02
Arisinfra Solutions Limited,ARISINFRA,ARIS,2026-02-09
Arrow Greentech Limited,ARROWCOAT,ARROWGREEN,2016-05-11
Arvind Limited,ARVINDMILL,ARVIND,2008-07-07
Arvind SmartSpaces Limited,ARVINFRA,ARVSMART,2016-12-05
Ashika Global Securities Limited,ASHIKA,ASHIKAG,2026-07-27
AstraZeneca Pharma India Limited,ASTRAIDL,ASTRAZEN,2007-04-10
Atcom Technologies Limited,ATCOIND,ATCOM,2004-04-29
Atul Limited,ATULPROD,ATUL,2005-03-10
Auri Grow India Limited,GODHA,AURIGROW,2025-10-17
Aurum PropTech Limited,MAJESCO,AURUM,2021-10-22
Ausom Enterprise Limited,COREBIO,COREEMBLG,2001-10-15
Ausom Enterprise Limited,COREEMBLG,AUSOMENT,2009-12-01
Automotive Stampings and Assemblies Limited,JBMT,ASAL,2003-10-14
Aventus Buildcon Limited,RATNAINFRA,AVENTUS,2017-08-03
AvenuesAI Limited,INFIBEAM,CCAVENUE,2026-02-03
Axis BSE SENSEX ETF,AXSENSEX,SENSEXAXIS,2026-07-03
Axis Bank Limited,UTIBANK,AXISBANK,2007-08-16
Axis Mutual Fund - Axis Gold ETF,AXISGOLD,GOLDAXIS,2026-07-03
Axis Mutual Fund - Axis Nifty500 Value 50 ETF,AXISVALUE,VALUEAXIS,2026-07-03
Axis Mutual Fund - Axis Silver ETF,AXISILVER,SILVERAXIS,2026-07-03
Aztecsoft Limited,AZTEC,AZTECSOFT,2006-09-20
BALAXI PHARMACEUTICALS LIMITED,ANANDAMRUB,BALAXI,2017-09-27
BIL VYAPAR LIMITED,BINANIIND,BILVYAPAR,2025-07-14
BIRLASOFT LIMITED,KPIT,BSOFT,2019-02-26
BOROSIL RENEWABLES LIMITED,BOROSIL,BORORENEW,2020-02-20
BOSCH HOME COMFORT INDIA LIMITED,JCHAC,BOSCH-HCIL,2025-12-24
BS Limited,BSTRANSCOM,BSLIMITED,2012-11-29
BSEL Infrastructure Realty Limited,BSELINFO,BSELINFRA,2004-03-12
Baba Agro Food Limited,SKML,BABAFOOD,2019-05-27
Bajaj Consumer Care Limited,BAJAJCORP,BAJAJCON,2019-01-15
Bajaj Finance Limited,BAJAUTOFIN,BAJFINANCE,2010-09-29
Bajaj Holdings & Investment Limited,BAJAJAUTO,BAJAJHLDNG,2008-03-14
Balkrishna Paper Mills Limited,NIRVIKARA,BALKRISHNA,2016-09-06
Banco Products (I) Limited,BANCOPROD,BANCOINDIA,2006-12-22
Bhagyanagar India Limited,BAGYAMETAL,BHAGYNAGAR,2006-09-12
Bhansali Engineering Polymers Limited,BHANSALENG,BEPL,2005-03-21
Bharat Bijlee Limited,BARATBIJLE,BBL,2006-11-21
Bharat Financial Inclusion Limited,SKSMICRO,BHARATFIN,2016-07-01
Bharati Defence and Infrastructure Limited,BHARTISHIP,BHARATIDIL,2016-02-26
Bharti Airtel Limited,BHARTI,BHARTIARTL,2006-06-19
Bharti Hexacom Limited,LIST000857,BHARTIHEXA,2024-04-08
Birla Cable Limited,BIRLAERIC,BIRLACABLE,2016-09-26
Birla Corporation Limited,BIRLAJUTE,BIRLACORPN,2008-07-28
Birla Power Solutions Limited,BIRLAYAMAH,BIRLAPOWER,2007-06-06
BirlaNu Limited,HIL,BIRLANU,2025-04-09
Bkm Industries Limited,MANAKINDST,BKMINDST,2017-11-23
Black Box Limited,AVAYAGCL,AGCNET,2010-06-08
Black Box Limited,AGCNET,BBOX,2021-12-03
Black Box Limited,TATATELECM,AVAYAGCL,2004-11-01
Blue Coast Hotels Limited,MOREPENHTL,BLUECOAST,2006-12-05
Bosch Chassis Systems India Limited,KALYANBRAK,BOSCHCHASY,2006-02-10
Bosch Limited,MICO,BOSCHLTD,2008-02-28
Brabourne Enterprises Limited,RPGLS,BRABOURNE,2008-03-14
Brabourne Enterprises Limited,SEARLEIND,RPGLS,2006-12-05
Brightcom Group Limited,LYCOS,BCG,2018-10-08
CARYSIL LIMITED,ACRYSIL,CARYSIL,2022-11-18
CARYSIL LIMITED,1201210518,ACRYSIL,2021-01-12
CG Power and Industrial Solutions Limited,CROMPGREAV,CGPOWER,2017-03-08
CIE Automotive India Limited,MAHINDCIE,CIEINDIA,2023-06-19
CLC Industries Limited,SPENTEX,CLCIND,2026-01-01
CORE Education & Technologies Limited,COREPROTEC,COREEDUTEC,2011-09-07
COSMO FIRST LIMITED,COSMOFILMS,COSMOFIRST,2022-07-25
CP Capital Limited,CAREERP,CPCAP,2025-03-20
CRESTO TECHNO LIMITED,SILLYMONKS,CRESTO,2026-09-10
Capital First Limited,FCH,CAPF,2012-12-06
Capri Global Capital Limited,MMFSL,CGCL,2013-08-05
Career Point Limited,CPIL,CAREERP,2011-11-16
Carol Info Services Limited,WOCKLIFE,CAROLINFO,2004-09-27
Castex Technologies Limited,AMTEKINDIA,CASTEXTECH,2015-06-11
Cemindia Projects Limited,ITDCEM,CEMPRO,2025-09-17
Centurion Bank of Punjab Limited,CENBNK,CENTBOP,2005-12-06
Chembond Chemicals Limited,CHEMBONDIN,CHEMBONDCH,2025-07-21
Chennai Petroleum Corporation Limited,MADRASREFN,CHENNPETRO,2000-08-09
Chettinad Cement Corporation Limited,CHETNADCEM,CHETTINAD,2007-05-17
Cholamandalam Financial Holdings Limited,TIFIN,CHOLAHLDNG,2019-04-09
Cholamandalam Investment and Finance Company Limited,CHOLADBS,CHOLAFIN,2010-06-22
Cholamandalam Investment and Finance Company Limited,CHOLAINV,CHOLADBS,2006-06-01
Cineline India Limited,CINEPRO,CINELINE,2013-08-23
Clariant Chemicals (India) Limited,COLORCHEM,CLNINDIA,2006-06-05
Coforge Limited,NIITTECH,COFORGE,2020-08-20
Cohance Lifesciences Limited,SUVENPHAR,COHANCE,2025-05-19
Coral Hub Limited,VITLINFO,CORALHUB,2010-07-26
Coromandel International Limited,COROMNFERT,COROMANDEL,2009-10-12
Country Condo's Limited,NEOCURE,COUNCODOS,2012-08-31
Creative Newtech Limited,CREATIVE,CNL,2025-12-10
Crest Animation Studios Limited,CRESTCOMM,CRESTANI,2005-01-04
Crest Ventures Limited,SHARYANRES,SHARRESLTD,2006-12-27
Crest Ventures Limited,SHARRESLTD,CREST,2014-10-16
Cummins India Limited,KIRLOSKCUM,CUMMINSIND,2005-06-17
Cura Technologies Limited,SOFTPRO,CURATECH,2010-11-23
Cyient Limited,INFOTECENT,CYIENT,2014-05-22
DCB Bank Limited,DCB,DCBBANK,2014-01-15
DCM Shriram Limited,DCMSRMCONS,DCMSHRIRAM,2014-03-13
DEEP ENERGY RESOURCES LIMITED,DEEPIND,DEEPENR,2020-09-30
DELPHI WORLD MONEY LIMITED,WEIZFOREX,EBIXFOREX,2020-03-20
DELPHI WORLD MONEY LIMITED,EBIXFOREX,DELPHIFX,2021-09-01
DHARAN INFRA-EPC LIMITED,KBCGLOBAL,DHARAN,2025-06-26
DIC India Limited,COATESIND,DICIND,2004-09-06
DMCC SPECIALITY CHEMICALS LIMITED,DHARAMSI,DMCC,2022-11-02
DSP  Mutual Fund - DSP Nifty 50 ETF,DSPN50ETF,NIFTY50ADD,2024-02-15
DSP  Mutual Fund - DSP Nifty 50 ETF,NIFTY50ADD,NIFTYADD,2025-12-15
DSP  Mutual Fund - DSP Nifty 50 Equal Weight ETF,DSPNEWETF,EQUAL50ADD,2024-02-15
DSP  Mutual Fund - DSP Nifty Bank ETF,DSPBANKETF,BANKETFADD,2024-02-15
DSP  Mutual Fund - DSP Nifty Bank ETF,BANKETFADD,BANKADD,2025-12-15
DSP  Mutual Fund - DSP Nifty Midcap 150 Quality 50 ETF,DSPQ50ETF,MIDQ50ADD,2024-02-15
DSP  Mutual Fund - DSP Silver ETF,DSPSILVETF,SILVERADD,2024-02-15
DSP BSE Sensex ETF,DSPSENXETF,SENSEXADD,2024-02-15
DSP Mutual Fund - DSP Gold ETF,DSPGOLDETF,GOLDETFADD,2024-02-15
DSP Mutual Fund - DSP Gold ETF,GOLDETFADD,GOLDADD,2025-12-15
DSP Mutual Fund - DSP Nifty IT ETF,DSPITETF,ITETFADD,2024-02-15
DSP Mutual Fund - DSP Nifty IT ETF,ITETFADD,ITADD,2025-12-15
DSP Mutual Fund - DSP Nifty PSU Bank ETF,DSPPSBKETF,PSUBANKADD,2024-02-15
DSP Mutual Fund - DSP Nifty Private Bank ETF,DSPPVBKETF,PVTBANKADD,2024-02-15
Dalmia Bharat Limited,DALMIABEL,DALMIABHA,2013-01-09
Dalmia Bharat Sugar and Industries Limited,DALMIACEM,DALMIASUG,2010-09-30
Dalmia Refractories Limited,SHRINATRAJ,DALMIAREF,2014-05-22
Datamatics Global Services Limited,DATATECH,DATAMATICS,2009-04-20
De Nora India Limited,TITANOCOMP,DENORA,2007-08-20
Deccan Cements Limited,DECCANCEM,DECCANCE,2007-08-02
Delta Corp Limited,ARROWGROUP,DELTACORP,2008-12-11
Delta Manufacturing Limited,GPELECT,DELTAMAGNT,2008-12-15
Dewan Housing Finance Corporation Limited,DEWANHOUS,DHFL,2012-05-22
Dhani Loans and Services Limited,ICFL,DHANILOANS,2020-09-17
Dhani Services Limited,IBVENTURES,DHANI,2020-10-28
Dhani Services Limited,IBVENTPP,DHANIPP,2020-10-28
Dhani Services Limited,IBSEC,IBVENTURES,2015-04-01
Dhansa Labs Limited,AMBEY,DHANSA,2026-06-01
Dhanuka Infra Realty Limited,DRL,DIRL,2026-01-02
Dhunseri Ventures Limited,DTIL,DPTL,2010-07-26
Dhunseri Ventures Limited,DPTL,DPL,2014-11-12
Dhunseri Ventures Limited,DPL,DVL,2019-01-02
DiGiSPICE Technologies Limited,SPICEMOBI,DIGISPICE,2019-08-28
DiGiSPICE Technologies Limited,SPICEMOBIL,SMOBILITY,2011-07-26
DiGiSPICE Technologies Limited,SMOBILITY,SPICEMOBI,2014-08-19
Digjam Limited,BVXL,DIGJAM,2008-04-28
Dolat Algotech Limited,DOLAT,DOLATALGO,2021-12-20
Dr. Datson's Labs Limited,AANJANEYA,DRDATSONS,2013-09-02
Ducon Infratechnologies Limited,DYNATECH,DUCON,2016-05-11
E-Land Apparel Limited,MUDRA,ELAND,2015-03-13
EIH Associated Hotels Limited,OBERHOTEL,EIHAHOTELS,2008-04-08
EMA Partners India Limited,EMAIN,EMAPARTNER,2025-03-11
EPL Limited,ESSELPACK,EPL,2020-10-19
ETERNAL LIMITED,ZOMATO,ETERNAL,2025-04-09
Edelweiss Fixed Maturity Plan - Series 14 - DP-GO,JD14G,ED14G,2016-11-28
Edelweiss Fixed Maturity Plan - Series 14 - Direct Plan - Dividend,JD14D,ED14D,2016-11-28
Edelweiss Fixed Maturity Plan - Series 14 - Regular Plan - Dividend,JP14D,E14D,2016-11-28
Edelweiss Fixed Maturity Plan - Series 14 - Regular Plan - Growth,JP14G,E14G,2016-11-28
Edelweiss Fixed Maturity Plan - Series 20 - Direct Plan - Dividend,JD20D,ED20D,2016-11-28
Edelweiss Fixed Maturity Plan - Series 20 - Direct Plan - Growth,JD20G,ED20G,2016-11-28
Edelweiss Fixed Maturity Plan - Series 20 - Regular Plan - Dividend,JP20D,E20D,2016-11-28
Edelweiss Fixed Maturity Plan - Series 20 - Regular Plan - Growth,JP20G,E20G,2016-11-28
Edelweiss Fixed Maturity Plan - Series 35 - Direct Plan - Growth,JD35G,ED35G,2016-11-28
Edelweiss Fixed Maturity Plan - Series 35 - Regular Plan - Dividend,JP35D,E35D,2016-11-28
Edelweiss Fixed Maturity Plan - Series 35 - Regular Plan - Growth,JP35G,E35G,2016-11-28
Edelweiss Fixed Maturity Plan - Series 37 - Direct Plan - Growth,JD37G,ED37G,2016-11-28
Edelweiss Fixed Maturity Plan - Series 37 - Regular Plan - Dividend,JP37D,E37D,2016-11-28
Edelweiss Fixed Maturity Plan - Series 37 - Regular Plan - Growth,JP37G,E37G,2016-11-28
Edelweiss Fixed Maturity Plan - Series 38 - Direct Plan - Growth,JD38G,ED38G,2016-11-28
Edelweiss Fixed Maturity Plan - Series 38 - Regular Plan - Dividend,JP38D,E38D,2016-11-28
Edelweiss Fixed Maturity Plan - Series 38 - Regular Plan - Growth,JP38G,E38G,2016-11-28
Edelweiss Fixed Maturity Plan - Series 40 - Direct Plan - Growth,JD40G,ED40G,2016-11-28
Edelweiss Fixed Maturity Plan - Series 40 - Regular Plan - Dividend,JP40D,E40D,2016-11-28
Edelweiss Fixed Maturity Plan - Series 40 - Regular Plan - Growth,JP40G,E40G,2016-11-28
Edelweiss Fixed Maturity Plan - Series 502 - Dividend Option,J502D,E502D,2016-11-28
Edelweiss Fixed Maturity Plan - Series 502 - Growth Option,J502G,E502G,2016-11-28
Edelweiss Income Fund - Series 501 - Dividend,J501D,E501D,2016-11-28
Edelweiss Income Fund - Series 501 - Growth,J501G,E501G,2016-11-28
Elecon Engineering Company Limited,ELECONENGG,ELECON,2006-09-29
Elgi Rubber Company Limited,ELGITYRE,ELGIRUBBER,2008-12-22
Emami Realty Limited,EMAMIINFRA,EMAMIREAL,2018-11-15
Embassy Developments Limited,IBREALEST,EMBDL,2024-07-08
Entegra Limited,INDUJENERT,ENTEGRA,2007-04-25
Eon Electric Limited,INDOASIFU,EONELECT,2011-08-18
Epigral Limited,MFL,EPIGRAL,2023-09-11
Equippp Social Impact Technologies Limited,PROINDIA,EQUIPPP,2021-11-30
Era Infra Engineering Limited,ERACONS,ERAINFRA,2008-02-25
Everest Industries Limited,ETERNEVRST,EVERESTIND,2005-05-27
Excel Realty N Infra Limited,EXCELINFO,EXCEL,2015-05-05
Exide Industries Limited,CHLORIDIND,EXIDEIND,2005-09-12
Expleo Solutions Limited,THINKSOFT,SQSBFSI,2014-09-30
Expleo Solutions Limited,SQSBFSI,EXPLEOSOL,2019-05-02
FORCE MOTORS LTD,BAJAJTEMPO,FORCEMOT,2019-08-19
Fame India Limited,SHRINGAR,FAME,2008-02-25
Fedders Electric and Engineering Limited,FEDDERLOYD,FEDDERELEC,2017-06-13
Federal-Mogul Goetze (India) Limited.,GOETZEIND,FMGOETZE,2006-09-12
Fidelity Mutual Fund - Fidelity Fixed Maturity Plan -SVI- Plan F - DP,FIFMPS6FD,LTFMPS6FD,2013-01-14
Flextronics Software Systems Limited,HUGHESSOFT,FSS,2005-03-17
Fresenius Kabi Oncology Limited,DABURPHARM,FKONCO,2009-02-19
Future Consumer Limited,FCEL,FCONSUMER,2016-10-25
Future Consumer Limited,FVIL,FCEL,2013-10-17
Future Enterprises Limited,FRL,FEL,2016-05-13
Future Enterprises Limited,FRLDVR,FELDVR,2016-05-13
Future Enterprises Limited,PANTALOONR,FRL,2013-04-11
Future Enterprises Limited,PRETAILDVR,FRLDVR,2013-04-11
Future Market Networks Limited,AGRE,FMNL,2012-03-06
G-TEC JAINX EDUCATION LIMITED,KEERTI,GTECJAINX,2023-09-12
GACM Technologies Limited,STAMPEDE,GATECH,2023-07-14
GACM Technologies Limited,SCAPDVR,GATECHDVR,2023-08-08
GANESH HOUSING LIMITED,GANESHHOUC,GANESHHOU,2025-09-15
GB Global Limited,MIL,GBGLOBAL,2019-09-09
GE Power India Limited,GEPIL,GVPIL,2025-08-28
GE Power India Limited,ABBALPO,APIL,2003-05-19
GE Power India Limited,AIL,GEPIL,2016-09-14
GE Power India Limited,APIL,AIL,2012-07-11
GE T&D India Limited,GECALSTHOM,AREVA,2008-06-30
GE T&D India Limited,ALSTOMT&D,GET&D,2016-09-14
GE T&D India Limited,AREVA,AREVAT&D,2008-07-14
GE T&D India Limited,AREVAT&D,ALSTOMT&D,2012-03-12
GE Vernova T&D India Limited,GET&D,GVT&D,2024-11-05
GFL Limited,GUJFLUORO,GFLLIMITED,2019-07-25
GMR AIRPORTS LIMITED,GMRINFRA,GMRAIRPORT,2024-12-11
GMR Industries Limited,GMRVASAVI,GMRINDSTRS,2006-04-28
GOCL Corporation Limited,GULFCORP,GOCLCORP,2015-11-10
GP Petroleums Limited,SAHPETRO,GULFPETRO,2015-05-06
GSL Nova Petrochemicals Limited,NOVA,GSLNOVA,2009-12-18
GSS Infotech Limited,GSSAMERICA,GSS,2011-08-24
GTL Limited,GLOBALTELE,GTL,2005-01-14
GTN Industries Limited,GTNTEXT,GTNIND,2006-02-24
GUJARAT ENERGY LIMITED,GUJGASLTD,GUJENERGY,2026-07-01
GVP Infotech Limited,4THDIM,GVPTECH,2023-07-31
Ganesh Housing Corporation Limited,GANHSGFIN,GANESHHOUC,2007-03-02
Garware Technical Fibres Limited,GARWALLROP,GARFIBRES,2018-08-13
GeeCee Ventures Limited,GWALCHEM,GEECEE,2010-03-05
Genus Power Infrastructures Limited,GENUSOVERE,GENUSPOWER,2008-01-14
Geodesic Limited,GEOINFO,GEODESIC,2008-10-06
Geojit Financial Services Limited,GEOJIT,GEOJITBNPP,2009-06-05
Geojit Financial Services Limited,GEOJITBNPP,GEOJITFSL,2017-03-02
Gillette India Limited,INDSHAVING,GILLETTE,2006-04-04
GlaxoSmithKline Consumer Healthcare Limited,SMITKLBECH,GSKCONS,2003-07-29
Global Offshore Services Limited,GARWOFFS,GLOBOFFS,2011-06-07
Glodyne Technoserve Limited,PARADYNE,GLODYNE,2007-11-19
Golden Tobacco Limited,GTCIND,GOLDENTOBC,2008-09-29
Goldkart Jewels Limited,SONAHISONA,GOLDKART,2023-12-01
Government of India,692MH2039,692GS2039,2024-11-25
Government of India,620MH2029,620GS2029,2026-08-18
Government of India,657MH2033,657GS2033A,2026-08-18
Graphite India Limited,CARBEVFLOW,GRAPHITE,2003-01-13
Greaves Cotton Limited,GREAVES,GREAVESCOT,2004-09-09
Greenply Industries Limited,MITTALLAMI,GREENPLY,2004-12-09
Groww Mutual Fund - Groww Nifty EV & New Age Automotive ETF,GROWEV,GROWWEV,2024-08-23
Gujarat Apollo Industries Limited,GUJAPOLIND,GUJAPOLLO,2007-07-06
Gujarat Apollo Industries Limited,GUJAPOLEQP,GUJAPOLIND,2007-06-04
Gulf Oil Corporation Limited,IDLCHEM,GULFOILCOR,2007-11-08
HALEOS LABS LIMITED,SMSLIFE,HALEOSLABS,2025-11-26
HBL Engineering Limited,HBLPOWER,HBLENGINE,2024-12-23
HCL Infosystems Limited,HCL-HP,HCL-INSYS,2000-04-12
HDFC BSE SENSEX ETF,HDFCSENETF,HDFCSENSEX,2023-06-16
HDFC Gold ETF,HDFCMFGETF,HDFCGOLD,2023-06-16
HDFC NIFTY 50 ETF,HDFCNIFETF,HDFCNIFTY,2023-06-16
HDFC NIFTY Bank ETF,HBANKETF,HDFCNIFBAN,2023-06-16
HIL Limited,HYDRBADIND,HIL,2012-10-26
HLV LIMITED,HOTELEELA,HLVLTD,2020-01-08
HSBC InvestDirect (India) Limited,INVSTSMART,HINVDIR,2009-09-07
HSIL Limited,HINDSANIT,HSIL,2009-04-27
HSIL Limited,HSIL,AGI,2022-05-11
HandsOn Global Management (HGM) Limited,HOVS,HGM,2025-09-03
Heads UP Ventures Limited,TMRVL,HEADSUP,2022-07-18
Health X Platform Limited,SASTASUNDR,HEALTHX,2026-04-30
HeidelbergCement India Limited,MYSORECEM,HEIDELBERG,2009-05-15
Hero MotoCorp Limited,HEROHONDA,HEROMOTOCO,2011-08-08
Himadri Speciality Chemical Limited,HCIL,HSCL,2016-08-16
Himadri Speciality Chemical Limited,HIMADCHEM,HCIL,2007-03-02
Hindalco Industries Limited,HINDALC0,HINDALCO,2007-08-27
Hinduja Foundries Limited,ENNOREFO,HINDUJAFO,2008-03-24
Hinduja Global Solutions Limited,HGSL,HGS,2011-11-30
Hinduja Global Solutions Limited,HTMTGLOBAL,HGSL,2009-01-23
Hinduja TMT Limited,HINDUJAFIN,HTMT,2003-01-13
Hindustan Construction Company Limited,HINDCONS,HCC,2006-07-10
Hindustan Unilever Limited,HINDLEVER,HINDUNILVR,2007-07-19
Hindware Home Innovation Limited,SHIL,HINDWAREAP,2022-06-21
Hitech Corporation Limited,HITECHPLAS,HITECHCORP,2017-05-23
Honda India Power Products Limited,SHRMHONDA,HONDAPOWER,2006-04-04
Honeywell Automation India Limited,TATAHONEY,HONAUT,2005-03-24
Hubtown Limited,AKRUTI,ACKRUTI,2009-06-30
Hubtown Limited,ACKRUTI,HUBTOWN,2011-11-15
Huhtamaki India Limited,PAPERPROD,HUHTAMAKI,2020-11-26
ICICI PRUDENTIAL MUTUAL FUND - ICICI Prudential Nifty FMCG ETF,ICICIFMCG,FMCGIETF,2023-12-20
ICICI PRUDENTIAL MUTUAL FUND - ICICI Prudential Nifty Healthcare ETF,ICICIPHARM,HEALTHIETF,2023-12-20
ICICI PRUDENTIAL MUTUAL FUND - ICICI Prudential Nifty IT ETF,ICICITECH,ITIETF,2023-12-20
ICICI PRUDENTIAL MUTUAL FUND - ICICI Prudential Nifty Midcap 150 ETF,ICICIM150,MIDCAPIETF,2023-12-20
ICICI Pru Mutual Fund-ICICI Prudential Nifty 10 yr Benchmark G-Sec ETF,ICICI10GS,GSEC10IETF,2023-12-20
ICICI Prudential BSE 500 ETF,ICICI500,BSE500IETF,2023-12-20
ICICI Prudential BSE Liquid Rate ETF- IDCW,ICICILIQ,LIQUIDIETF,2023-12-20
ICICI Prudential Bank ETF Nifty Bank Index,IPRU5008,ICICIBANKN,2019-07-19
ICICI Prudential Gold ETF,IGOLD,GOLDIWIN,2016-07-25
ICICI Prudential Gold ETF,GOLDIWIN,ICICIGOLD,2018-04-10
ICICI Prudential Gold ETF,IPGETF,IGOLD,2014-05-05
ICICI Prudential MF - ICICI Prudential IF S1 - DQDP,IPRU8112,IPRU8122,2013-12-16
ICICI Prudential MF - ICICI Prudential Nifty 200 Quality 30 ETF,ICICIQTY30,QUAL30IETF,2023-12-20
ICICI Prudential Midcap Select ETF,IMIDCAP,MIDCAPIWIN,2016-07-25
ICICI Prudential Midcap Select ETF,MIDCAPIWIN,ICICIMCAP,2018-04-10
ICICI Prudential Mutual Fund -  ICICI Pru Nifty 200 Momentum 30 ETF,ICICIMOM30,MOM30IETF,2023-12-20
ICICI Prudential Mutual Fund - BHARAT 22 ETF,BHARATIWIN,ICICIB22,2018-04-19
ICICI Prudential Mutual Fund - ICICI Pru Nifty Fin Ser Ex-Bank ETF,ICICIFIN,FINIETF,2023-12-20
ICICI Prudential Mutual Fund - ICICI Prudential  Nifty Auto ETF,ICICIAUTO,AUTOIETF,2023-12-20
ICICI Prudential Mutual Fund - ICICI Prudential Nifty Commodities ETF,ICICICOMMO,COMMOIETF,2023-12-20
ICICI Prudential Mutual Fund - ICICI Prudential Nifty Next 50 ETF,ICICINXT50,NEXT50IETF,2023-12-20
ICICI Prudential Mutual Fund - ICICI Prudential Nifty PSU Bank ETF,PSUBANKICI,PSUBNKIETF,2023-12-20
ICICI Prudential Mutual Fund - ICICI Prudential Silver ETF,ICICISILVE,SILVERIETF,2023-12-20
ICICI Prudential Mutual Fund-ICICI Prudential Nifty Infrastructure ETF,ICICIINFRA,INFRAIETF,2023-12-20
ICICI Prudential NV20 ETF,INV20,NV20IWIN,2016-07-25
ICICI Prudential NV20 ETF,NV20IWIN,ICICINV20,2018-04-10
ICICI Prudential Nifty 100 ETF,ICNX100,NIF100IWIN,2016-07-25
ICICI Prudential Nifty 100 ETF,NIF100IWIN,ICICINF100,2018-04-10
ICICI Prudential Nifty 100 ETF,ICCNX100,ICNX100,2014-05-05
ICICI Prudential Nifty 5 Yr Benchmark G-SEC ETF,ICICI5GSEC,GSEC5IETF,2023-12-20
ICICI Prudential Nifty Alpha Low Volatility 30 ETF,ICICIALPLV,ALPL30IETF,2023-12-20
ICICI Prudential Nifty ETF,INIFTY,NIFTYIWIN,2016-07-25
ICICI Prudential Nifty ETF,NIFTYIWIN,ICICINIFTY,2018-04-10
ICICI Prudential Nifty ETF,NIFETF,INIFTY,2014-05-05
ICICI Prudential Nifty India Consumption ETF,ICICICONSU,CONSUMIETF,2023-12-20
ICICI Prudential Nifty Low Vol 30 ETF,LOWVOLIWIN,ICICILOVOL,2018-04-10
ICICI Prudential Nifty Private Bank ETF - NIFTY PRIVATE BANK INDEX,ICICIBANKP,PVTBANIETF,2023-12-20
ICICI Prudential Sensex ETF,ISENSEX,SENSEXIWIN,2016-07-25
ICICI Prudential Sensex ETF,SPICE,ISENSEX,2014-08-18
ICICI Prudential Sensex ETF,SENSEXIWIN,ICICISENSX,2018-04-10
IDFC First Bank Limited,IDFCBANK,IDFCFIRSTB,2019-01-16
IG Petrochemicals Limited,IGPETRO,IGPL,2007-01-29
IIFL Capital Services Limited,IIFLSEC,IIFLCAPS,2024-12-03
IIFL Finance Limited,INDIAINFO,IIFL,2014-03-13
IL&FS Engineering and Construction Company Limited,MAYTASINFR,IL&FSENGG,2011-02-08
IL&FS Transportation Networks Limited,ILFSTRANS,IL&FSTRANS,2010-04-16
INCREDIBLE INDUSTRIES LIMITED,ADHUNIKIND,INCREDIBLE,2021-05-20
INEOS Styrolution India Limited,LANABS,INEABS,2008-07-21
INEOS Styrolution India Limited,INEABS,STYABS,2012-06-20
INEOS Styrolution India Limited,ABSIND,LANABS,2005-06-14
INEOS Styrolution India Limited,STYABS,INEOSSTYRO,2016-04-04
ING Vysya Bank Limited,VYSYABANK,INGVYSYABK,2005-08-16
IOL Netcom Limited,IOLB,IOLN,2008-02-18
ITD Cementation India Limited,TRAFALHSE,ITDCEM,2005-08-16
IVRCL Assets & Holdings Limited,IVRPRIME,IVRCLAH,2010-04-13
IZMO Limited,LOGIXMICRO,IZMO,2015-05-15
Igarashi Motors India Limited,CGIGARSH,IGARASHI,2005-04-21
Imagicaaworld Entertainment Limited,ADLABS,IMAGICAA,2020-04-22
Indbank Merchant Banking Services Limited,INDBANKMER,INDBANK,2008-10-08
India Infoline Finance Limited,IIISL,IIFLFIN,2012-08-27
Indiabulls Commercial Credit Limited,955ICCL26,955SFIL26,2025-12-26
Indiabulls Commercial Credit Limited,980ICCL29,980SFIL29,2025-12-26
Indiabulls Limited,YAARI,IBULLSLTD,2025-11-10
Indo Count Industries Limited,INDOCOUNT,ICIL,2005-09-12
Indosolar Limited,INDOSOLAR,WAAREEINDO,2025-06-17
Indus Infra Trust,BHINVIT,INDUSINVIT,2025-01-23
Indus Towers Limited,INFRATEL,INDUSTOWER,2020-12-18
Infomedia India Limited,TATAPRESS,TATAINFO,2003-09-17
Infosys Limited,INFOSYSTCH,INFY,2011-06-29
Insecticides (India) Limited,IILTD,INSECTICID,2009-05-11
Inspirisys Solutions Limited,AFL,INSPIRISYS,2018-10-12
Interise Trust,INDINFR,INTERISE,2024-11-12
Invesco India Gold Exchange Traded Fund,RELIGAREGO,IVZINGOLD,2016-06-23
Invesco India Nifty Exchange Traded Fund,RELGRNIFTY,IVZINNIFTY,2016-06-23
Invesco MF – Invesco India AIF - Sr 1 - Pl B - DS-P-GO,RIMFAI1BDG,IVZINA1BDG,2016-06-23
Invesco MF – Invesco India AIF - Sr 1 - Pl B - RS-P-GO,RIMFAI1BRG,IVZINA1BRG,2016-06-23
JBM Auto Limited,JBMAUTOCOM,JBMA,2006-01-04
JD Orgochem Limited,JAYSYNTDYE,JDORGO,2004-09-13
JSW Dulux Limited,AKZOINDIA,JSWDULUX,2026-04-15
JSW Holdings Limited,JINDALSWHL,JSWHL,2013-07-30
JSW ISPAT Steel Limited,ISPATIND,JSWISPAT,2011-08-16
JSW Ispat Special Products Limited,AIONJSW,JSWISPL,2020-10-12
JSW Steel Limited,JSWSTL,JSWSTEEL,2005-09-16
JTL INDUSTRIES LIMITED,JTLINFRA,JTLIND,2022-11-21
Jai Balaji Industries Limited,BALASPONGE,JAIBALAJI,2007-08-10
Jaiprakash Power Ventures Limited,JPHYDRO,JPPOWER,2010-01-08
Jayaswal Neco Industries Limited,NAGPURENG,JAYNECOIND,2008-02-22
Jindal Saw Limited,SAWPIPES,JINDALSAW,2005-02-18
Jindal Stainless Limited,JSTAINLESS,JSL,2008-10-23
Johnson Controls - Hitachi Air Conditioning India Limited,HITACHIHOM,JCHAC,2016-09-12
Johnson Controls - Hitachi Air Conditioning India Limited,AMTREXAPPL,HITACHIHOM,2006-04-04
Jtekt India Limited,SONASTEER,JTEKTINDIA,2018-04-23
Jubilant Agri and Consumer Products Limited,JACPL,JUBLCPL,2025-07-03
Jubilant Pharmova Limited,VAMORGANIC,JUBILANT,2003-09-30
Jubilant Pharmova Limited,JUBILANT,JUBLPHARMA,2021-02-12
Jupiter Wagons Limited,CEBBCO,JWL,2022-06-20
KBC Global Limited,KARDA,KBCGLOBAL,2021-12-16
KD Green Industries Limited,MANBRO,KDGREEN,2026-09-03
KPI Green Energy Limited,KPIGLOBAL,KPIGREEN,2022-04-27
KSS Limited,KSERAPRO,KSERASERA,2011-03-07
Kalpataru Projects International Limited,KALPATPOWR,KPIL,2023-06-06
Kalyani Steels Limited,KALYANISTL,KALSTEELS,2008-10-21
Kamdhenu Limited,KIL,KAMDHENU,2016-03-18
Kansai Nerolac Paints Limited,GOODLASNER,KANSAINER,2006-07-26
Karuturi Global Limited,KNL,KGL,2008-11-20
Kavveri Defence & Wireless Technologies Limited,KAVVERITEL,KAVDEFENCE,2025-06-23
Kennametal India Limited,WIDIA,KENNAMET,2019-08-19
Kesar Enterprises Limited,KESARENTER,KESARENT,2007-01-02
Keynote Financial Services Limited,KEYCORPSER,KEYFINSERV,2019-05-03
Kinetic Motor Company Limited,KINHONDA,KINETICMOT,2004-09-20
Kingfisher Airlines Limited,AIRDECCAN,KFA,2008-10-06
Kiri Industries Limited,KIRIDYES,KIRIINDUS,2011-03-28
Kirloskar Electric Company Limited,KIRELECTRI,KECL,2010-03-09
Kohinoor Foods Limited,SATNAMOVER,KOHINOOR,2006-08-18
Kokuyo Camlin Limited,CAMLIN,KOKUYOCMLN,2012-02-14
Kotak Mahindra Bank Limited,KOTAKMAH,KOTAKBANK,2003-04-21
Kotak Mahindra MF - Kotak NV 20 ETF - DPO,KTKNV20ETF,KOTAKNV20,2015-12-21
Kotak Mahindra Mutual Fund - Kotak Nifty 1D Rate Liquid ETF,KOTAKLIQ,LIQUID1,2024-03-20
Kotak Mahindra Mutual Fund - Kotak Nifty Alpha 50 ETF,KOTAKALPHA,ALPHA,2024-03-20
Kotak Mahindra Mutual Fund - Kotak Nifty MNC ETF,KOTAKMNC,MNC,2024-03-20
Kotak Mahindra Mutual Fund - Kotak Nifty200 Quality 30 ETF,QUALITY,QUALITY30,2025-07-18
Kotak Mahindra Mutual Fund - Kotak Silver ETF,KOTAKSILVE,SILVER1,2024-04-16
Kotak Mutual Fund - Gold Exchange Traded Fund,KOTAKGOLD,GOLD1,2024-04-16
Kotak Nifty 100 Low Volatility 30 ETF,KOTAKLOVOL,LOWVOL1,2024-03-20
Kotak Nifty 50 ETF,KOTAKNIFTY,NIFTY1,2024-03-20
Kotak Nifty Bank ETF,KOTAKBKETF,BANKNIFTY1,2024-03-20
Kotak Nifty IT ETF,KOTAKIT,IT,2024-03-20
Kotak Nifty India Consumption ETF,KOTAKCONS,CONS,2024-03-20
Kotak Nifty Midcap 50 ETF,KOTAKMID50,MIDCAP,2024-03-20
Kotak Nifty PSU Bank ETF,KOTAKPSUBK,PSUBANK,2024-03-20
Ksb Limited,KSBPUMPS,KSB,2018-10-23
Kundan Minerals and Metals Limited,EASTSUGIND,KUNDANMM,2024-10-09
L&T Finance Limited,L&TFH,LTF,2024-04-23
L&T Fixed Maturity Plan Series - VI Plan F,FIFMPS6FG,LTFMPS6FG,2013-01-14
L&T Fixed Maturity Plane Series - VI Plan E,FIFMPS6EG,LTFMPS6EG,2013-01-14
L&T Fixed Maturiy Plan Series - VI Plan F,FIFMPS6ED,LTFMPS6ED,2013-01-14
LEAP India Limited,LEAP,LEAPIND,2026-08-21
LEEL Electricals Limited,LLOYDELENG,LEEL,2017-06-19
LIC MF - LIC MF EXCHANGE TRADED FUND - NIFTY 50,LICNFENGP,LICNETFN50,2015-12-30
LIC MF - LIC MF G-sec LT ETF - GO,LICNMFET,LICNETFGSC,2015-12-30
LIC MF Gold EXCHANGE TRADED FUND,IDBIGOLD,LICMFGOLD,2023-07-31
LIC Mutual Fund - LIC MF EXCHANGE TRADED FUND - SENSEX,LICNFESGP,LICNETFSEN,2015-12-30
LLOYDS ENGINEERING WORKS LIMITED,LSIL,LLOYDSENGG,2023-10-16
LMW Limited,LAXMIMACH,LMW,2024-10-10
LT Foods Limited,DAAWAT,LTFOODS,2023-11-06
LTIMindtree Limited,LTI,LTIM,2022-12-05
LTM Limited,LTIM,LTM,2026-02-27
Landsmill Green Limited,EXCEL,LANDSMILL,2026-04-02
Linc Limited,LINCPEN,LINC,2021-12-20
Linde India Limited,IOL,BOC,2005-03-10
Linde India Limited,BOC,LINDEINDIA,2013-04-10
Lotte India Corporation Limited,PARRYSCON,LOTTEINDIA,2004-12-17
MIRAE ASSET MUTUAL FUND - Mirae Asset Nifty 100 ESG Sector Leaders ETF,MAESGETF,ESG,2023-09-01
MM Forgings Limited,MMFORGINGS,MMFL,2006-12-20
MODISON LIMITED,MODISNME,MODISONLTD,2022-08-16
MPS Limited,MACMILLAN,MPSLTD,2009-09-11
Maan Aluminium Limited,MANALU,MAANALU,2011-03-16
Madura Coats Limited,COATVIYELA,MADURACOAT,2002-11-29
Mahindra CIE Automotive Limited,MAHINDFORG,MAHINDCIE,2013-12-17
Mahindra Lifespace Developers Limited,GESCOCORP,MAHLIFE,2007-11-23
Man Industries (India) Limited,MANALUMN,MANINDS,2005-06-24
Marico Limited,MARICOIND,MARICO,2005-06-14
Marksans Pharma Limited,TASCPHARMA,MARKSANS,2005-11-14
Max Financial Services Limited,MAX,MFSL,2016-02-26
Mercator Limited,MLL,MERCATOR,2011-12-08
Metalyst Forgings Limited,AHMEDFORGE,METALFORGE,2015-06-01
Metkore Alloys & Industries Limited,GMRFER,CRONIMET,2010-06-02
Metkore Alloys & Industries Limited,CRONIMET,METKORE,2012-04-02
Micro Inks Limited,HINDINKS,MICRO,2004-03-26
Mirae Asset Mutual Fund - MIRAE ASSET NIFTY NEXT 50 ETF (MANXT50) - Mi,MANXT50,NEXT50,2023-09-01
Mirae Asset Mutual Fund - Mirae Asset Gold ETF,MAGOLDETF,GOLDETF,2023-09-01
Mirae Asset Mutual Fund - Mirae Asset Nifty 100 Low Volatility 30 ETF,MANV30F,LOWVOL,2023-09-01
Mirae Asset Mutual Fund - Mirae Asset Nifty 50 ETF,MAN50ETF,NIFTYETF,2023-09-01
Mirae Asset Mutual Fund - Mirae Asset Nifty 8-13 yr G-Sec ETF,MAGS813ETF,GSEC10YEAR,2023-09-01
Mirae Asset Mutual Fund - Mirae Asset Nifty Financial Services ETF,MAFSETF,BFSI,2023-09-01
Mirae Asset Mutual Fund - Mirae Asset Nifty India Manufacturing ETF,MAMFGETF,MAKEINDIA,2023-09-01
Mirae Asset Mutual Fund - Mirae Asset Nifty Midcap 150 ETF,MAM150ETF,MIDCAPETF,2023-09-01
Mirae Asset Mutual Fund - Mirae Asset Silver ETF,SILVRETF,SILVERAG,2025-09-15
Mirae Asset Mutual Fund - Mirae Asset Silver ETF,MASILVER,SILVRETF,2023-09-01
Mirza International Limited,MIRZATAN,MIRZAINT,2006-07-05
Mohota Industries Limited,MOHOTAMILL,MOHOTAIND,2017-12-26
Mohota Industries Limited,RAIREKMOH,MOHOTAMILL,2017-08-01
Motilal Oswal Mutual Fund - Motilal Oswal 5 Year G Sec ETF - Growth,G5,MOGSEC,2021-06-16
Motilal Oswal Mutual Fund - Motilal Oswal MOSt Shares M100 ETF GO,M100,MOM100,2021-06-16
Motilal Oswal Mutual Fund - Motilal Oswal MOSt Shares M50 ETF,M50,MOM50,2021-06-16
Motilal Oswal Mutual Fund-Motilal Oswal MOSt Shares NASDAQ 100 ETF -GO,N100,MON100,2021-06-16
MphasiS Limited,MPHASISBFL,MPHASIS,2006-12-26
MphasiS Limited,BFLSOFTWAR,MPHASISBFL,2004-06-15
NACL Industries Limited,NAGAAGRI,NACLIND,2017-09-29
NAVA LIMITED,NAVBARFERO,NBVENTURES,2006-07-31
NAVA LIMITED,NBVENTURES,NAVA,2022-07-29
NCC Limited,NAGARCONST,NCC,2011-03-15
NDL Ventures Limited,NXTDIGITAL,NDLVENTURE,2023-05-09
NIPPON INDIA ETF CONSUMPTION,RELCONS,NETFCONSUM,2019-10-30
NIPPON INDIA ETF CONSUMPTION,NETFCONSUM,CONSUMBEES,2022-05-10
NIPPON INDIA ETF LONG TERM GILT,RRSLGETF,NETFLTGILT,2016-07-08
NIPPON INDIA ETF NIFTY 100,RELCNX100,NETFNIF100,2019-10-30
NIPPON INDIA ETF NIFTY 100,NETFNIF100,NIF100BEES,2022-05-10
NIPPON INDIA ETF NIFTY MIDCAP 150,RETFMID150,NETFMID150,2019-10-30
NIPPON INDIA ETF NIFTY MIDCAP 150,NETFMID150,MID150BEES,2022-05-10
NIPPON INDIA ETF NV20,RELNV20,NETFNV20,2015-06-22
NIPPON INDIA ETF NV20,NETFNV20,NV20BEES,2022-05-10
NIPPON INDIA MF - NIPPON INDIA Dual Adv FTF Sr III Pl A - DP-GO,RDAIIIADG,NDAIIIADG,2019-10-30
NIPPON INDIA MF - NIPPON INDIA Dual Adv FTF Sr III Pl A - DPO,RDAIIIARD,NDAIIIARD,2019-10-30
NIPPON INDIA MF - NIPPON INDIA Dual Adv FTF Sr III Pl A - GO,RDAIIIARG,NDAIIIARG,2019-10-30
NIPPON INDIA MF - NIPPON INDIA Dual Adv FTF Sr IX Pl D - DP-DPO,RDAIXDDD,NDAIXDDD,2019-10-30
NIPPON INDIA MF - NIPPON INDIA Dual Adv FTF Sr IX Pl D - DP-GO,RDAIXDDG,NDAIXDDG,2019-10-30
NIPPON INDIA MF - NIPPON INDIA Dual Adv FTF Sr IX Pl D - DPO,RDAIXDD,NDAIXDD,2019-10-30
NIPPON INDIA MF - NIPPON INDIA Dual Adv FTF Sr IX Pl D - GO,RDAIXDG,NDAIXDG,2019-10-30
NIPPON INDIA MF - NIPPON INDIA Dual Adv FTF Sr IX Pl E - DP-DPO,RDAIXEDDD,NDAIXEDDD,2019-10-30
NIPPON INDIA MF - NIPPON INDIA Dual Adv FTF Sr IX Pl E - DP-GO,RDAIXEDDG,NDAIXEDDG,2019-10-30
NIPPON INDIA MF - NIPPON INDIA Dual Adv FTF Sr IX Pl E - DPO,RDAIXEDD,NDAIXEDD,2019-10-30
NIPPON INDIA MF - NIPPON INDIA Dual Adv FTF Sr IX Pl E - GO,RDAIXEDG,NDAIXEDG,2019-10-30
NIPPON INDIA MF - NIPPON INDIA Dual Adv FTF Sr IX Pl F - DP-DPO,RDAIXFDDD,NDAIXFDDD,2019-10-30
NIPPON INDIA MF - NIPPON INDIA Dual Adv FTF Sr IX Pl F - DP-GO,RDAIXFDDG,NDAIXFDDG,2019-10-30
NIPPON INDIA MF - NIPPON INDIA Dual Adv FTF Sr IX Pl F - DPO,RDAIXFDD,NDAIXFDD,2019-10-30
NIPPON INDIA MF - NIPPON INDIA Dual Adv FTF Sr IX Pl F - GO,RDAIXFDG,NDAIXFDG,2019-10-30
NIPPON INDIA MF - NIPPON INDIA Dual Adv FTF Sr VII Pl C - DP-GO,RDAVIIPCDG,NDAVIIPCDG,2019-10-30
NIPPON INDIA MF - NIPPON INDIA Dual Adv FTF Sr VII Pl D - DP-DPO,RDAVIIPDDD,NDAVIIPDDD,2019-10-30
NIPPON INDIA MF - NIPPON INDIA Dual Adv FTF Sr VII Pl D - DP-GO,RDAVIIPDDG,NDAVIIPDDG,2019-10-30
NIPPON INDIA MF - NIPPON INDIA Dual Adv FTF Sr VII Pl D - DPO,RDAVIIPDD,NDAVIIPDD,2019-10-30
NIPPON INDIA MF - NIPPON INDIA Dual Adv FTF Sr VII Pl D - O,RDAVIIPDG,NDAVIIPDG,2019-10-30
NIPPON INDIA MF - NIPPON INDIA Dual Adv FTF Sr VIII Pl C - DP-DPO,RDAFVIIICX,NDAFVIIICX,2019-10-30
NIPPON INDIA MF - NIPPON INDIA Dual Adv FTF Sr VIII Pl C - DPO,RDAFVIIICD,NDAFVIIICD,2019-10-30
NIPPON INDIA MF - NIPPON INDIA Dual Adv FTF Sr X Pl A - DP-DPO,RDAXADDD,NDAXADDD,2019-10-30
NIPPON INDIA MF - NIPPON INDIA Dual Adv FTF Sr X Pl A - DP-GO,RDAXADDG,NDAXADDG,2019-10-30
NIPPON INDIA MF - NIPPON INDIA Dual Adv FTF Sr X Pl A - DPO,RDAXADD,NDAXADD,2019-10-30
NIPPON INDIA MF - NIPPON INDIA Dual Adv FTF Sr X Pl A - GO,RDAXADG,NDAXADG,2019-10-30
NIPPON INDIA MF - NIPPON INDIA Dual Adv FTF Sr X Pl D - DP-DPO,RDAXDDDD,NDAXDDDD,2019-10-30
NIPPON INDIA MF - NIPPON INDIA Dual Adv FTF Sr X Pl D - DP-GO,RDAXDDDG,NDAXDDDG,2019-10-30
NIPPON INDIA MF - NIPPON INDIA Dual Adv FTF Sr X Pl D - DPO,RDAXDDD,NDAXDDD,2019-10-30
NIPPON INDIA MF - NIPPON INDIA Dual Adv FTF Sr X Pl D - GO,RDAXDDG,NDAXDDG,2019-10-30
NIPPON INDIA MF - NIPPON INDIA Dual Adv FTF V - Pl C - DP-GO,RDAFTVCDG,NDAFTVCDG,2019-10-30
NIPPON INDIA MF - NIPPON INDIA Dual Adv FTF V - Pl C - DPO,RDAFTFVCD,NDAFTFVCD,2019-10-30
NIPPON INDIA MF - NIPPON INDIA Dual Adv FTF V - Pl C - GO,RDAFTFVCG,NDAFTFVCG,2019-10-30
NIPPON INDIA MF - NIPPON INDIA Dual Advantage FTF XI Plan C - DP - DPO,RDAXICDDD,NDAXICDDD,2019-10-30
NIPPON INDIA MF - NIPPON INDIA Dual Advantage FTF XI Plan C - DP - GO,RDAXICDDG,NDAXICDDG,2019-10-30
NIPPON INDIA MF - NIPPON INDIA Dual Advantage FTF XI Plan C - DPO,RDAXICDD,NDAXICDD,2019-10-30
NIPPON INDIA MF - NIPPON INDIA Dual Advantage FTF XI Plan C - GO,RDAXICDG,NDAXICDG,2019-10-30
NIPPON INDIA MF - NIPPON INDIA IF - AIF S-I - IDR,RMFINAIDR1,NMFINAIDR1,2019-10-30
NIPPON INDIA MF - NIPPON INDIA Intr Fund - QIF SR I-DIV,RMFINQADP1,NMFINQADP1,2019-10-30
NIPPON INDIA MF - NIPPON INDIA Intr Fund - QIF SR I-GRW,RMFINQRAG1,NMFINQRAG1,2019-10-30
NIPPON INDIA MF - Nippon India DA Fixed Tenure Fund   Sr x Plan B - GO,RDAXBDG,NDAXBDG,2019-10-30
NIPPON INDIA MF- Nippon India DA Fixed Tenure Fund Sr x Plan B - DPO,RDAXBDD,NDAXBDD,2019-10-30
NIPPON INDIA MF- Nippon India DA Fixed Tenure Fund Sr x Plan B-DP-DPO,RDAXBDDD,NDAXBDDD,2019-10-30
NIPPON INDIA MF-Nippon India  Dual Adv. Fix. Ten. Fund Sr.x Plan C-GO,RDAXCDG,NDAXCDG,2019-10-30
NIPPON INDIA MF-Nippon India  Dual Adv. Fix.Ten. Fund Sr.x Plan C-DPO,RDAXCDD,NDAXCDD,2019-10-30
NIPPON INDIA MF-Nippon India DA Fixed Tenure Fund Sr x Plan B -DP - GO,RDAXBDDG,NDAXBDDG,2019-10-30
NIPPON INDIA MF-Nippon India Dual Adv.FixTen. Fund Sr.x Plan C-DP-GO,RDAXCDDG,NDAXCDDG,2019-10-30
NIPPON INDIA MF-Nippon India DualAdv. Fix.Ten. Fund Sr.x Plan C-DP-DPO,RDAXCDDD,NDAXCDDD,2019-10-30
NIPPON INDIA MUTUAL FUND  - NIPPON INDIA DA-FTF IV-P-C-D,RDAFTFIVCD,NDAFTFIVCD,2019-10-30
NIPPON INDIA MUTUAL FUND  - NIPPON INDIA DA-FTF IV-P-C-DD,RDAFTIVCDD,NDAFTIVCDD,2019-10-30
NIPPON INDIA MUTUAL FUND  - NIPPON INDIA DA-FTF IV-P-C-DG,RDAFTIVCDG,NDAFTIVCDG,2019-10-30
NIPPON INDIA MUTUAL FUND  - NIPPON INDIA DA-FTF IV-P-C-G,RDAFTFIVCG,NDAFTFIVCG,2019-10-30
NIPPON INDIA MUTUAL FUND  - NIPPON INDIA DAFTF II - P - G - DP,RDAFTIIPGD,NDAFTIIPGD,2019-10-30
NIPPON INDIA MUTUAL FUND  - NIPPON INDIA DAFTF II - P - G - Growth,RDAFTIIPGG,NDAFTIIPGG,2019-10-30
NIPPON INDIA MUTUAL FUND  - NIPPON INDIA Dual Ad FTF XI Plan A - GO,RDAXIADG,NDAXIADG,2019-10-30
NIPPON INDIA MUTUAL FUND  - NIPPON INDIA Dual Ad FTF XI Plan D-DPDPO,RDAXIDDDD,NDAXIDDDD,2019-10-30
NIPPON INDIA MUTUAL FUND  - NIPPON INDIA Dual Ad FTF XI Plan D-DPGO,RDAXIDDDG,NDAXIDDDG,2019-10-30
NIPPON INDIA MUTUAL FUND  - NIPPON INDIA Dual Ad FTF XI Plan D-GO,RDAXIDDG,NDAXIDDG,2019-10-30
NIPPON INDIA MUTUAL FUND  - NIPPON INDIA Dual Ad FTF XII Plan A-DPDPO,RDAXIIADDD,NDAXIIADDD,2019-10-30
NIPPON INDIA MUTUAL FUND - NIPPON INDIA Dual Ad FTF V- Plan H - DPDPO,RDAFDVHDR,NDAFDVHDR,2019-10-30
NIPPON INDIA MUTUAL FUND - NIPPON INDIA Dual Ad FTF V- Plan H - DPGO,RDAFDVHGR,NDAFDVHGR,2019-10-30
NIPPON INDIA MUTUAL FUND - NIPPON INDIA Dual Ad FTF V- Plan H - DPO,RDAFTVHDR,NDAFTVHDR,2019-10-30
NIPPON INDIA MUTUAL FUND - NIPPON INDIA Dual Ad FTF V- Plan H - GO,RDAFTVHGR,NDAFTVHGR,2019-10-30
NIPPON INDIA MUTUAL FUND - NIPPON INDIA Dual Ad FTF XI Plan A - DPDPO,RDAXIADDD,NDAXIADDD,2019-10-30
NIPPON INDIA MUTUAL FUND - NIPPON INDIA Dual Ad FTF XI Plan A - DPGO,RDAXIADDG,NDAXIADDG,2019-10-30
NIPPON INDIA MUTUAL FUND - NIPPON INDIA Dual Ad FTF XI Plan A - DPO,RDAXIADD,NDAXIADD,2019-10-30
NIPPON INDIA MUTUAL FUND - NIPPON INDIA Dual Ad Fixed Tenure Fund Seri,RDAXFDDD,NDAXFDDD,2019-10-30
NIPPON INDIA MUTUAL FUND -NIPPON INDIA Dual Ad Fixed Tenure Fund  Seri,RDAXFDD,NDAXFDD,2019-10-30
NIPPON INDIA MUTUAL FUND -NIPPON INDIA Dual Ad Fixed Tenure Fund XI (P,RDAXIEDG,NDAXIEDG,2019-10-30
NIPPON INDIA MUTUAL FUND- NIPPON INDIA Dual Ad FTF XI Plan D-DPO,RDAXIDDD,NDAXIDDD,2019-10-30
NIPPON INDIA MUTUAL FUND- NIPPON INDIA Dual Ad FTF XI Sr XI Plan B-DPO,RDAXIBDD,NDAXIBDD,2019-10-30
NIPPON INDIA MUTUAL FUND- NIPPON INDIA Dual Ad FTF XI SrXI Plan B-DPGO,RDAXIBDDG,NDAXIBDDG,2019-10-30
NIPPON INDIA MUTUAL FUND- NIPPON INDIA Dual Ad FTF XII Plan A-DPGO,RDAXIIADDG,NDAXIIADDG,2019-10-30
NIPPON INDIA MUTUAL FUND- NIPPON INDIA Dual Ad FTF XII Plan A-DPO,RDAXIIADD,NDAXIIADD,2019-10-30
NIPPON INDIA MUTUAL FUND- NIPPON INDIA Dual Ad FTF XII Plan A-GO,RDAXIIADG,NDAXIIADG,2019-10-30
NIPPON INDIA MUTUAL FUND- NIPPON INDIA Dual Ad Fixed Tenure Fund  Seri,RDAXFDDG,NDAXFDDG,2019-10-30
NIPPON INDIA MUTUAL FUND- NIPPON INDIA Dual Ad Fixed Tenure Fund  Seri,RDAXFDG,NDAXFDG,2019-10-30
NIPPON INDIA MUTUAL FUND- NIPPON INDIA Dual Ad Fixed Tenure Fund V- Pl,RDAFVGDD,NDAFVGDD,2019-10-30
NIPPON INDIA MUTUAL FUND- NIPPON INDIA Dual Ad Fixed Tenure Fund V- Pl,RDAFVGDG,NDAFVGDG,2019-10-30
NIPPON INDIA MUTUAL FUND- NIPPON INDIA Dual Ad Fixed Tenure Fund V- Pl,RDAFVGDO,NDAFVGDO,2019-10-30
NIPPON INDIA MUTUAL FUND- NIPPON INDIA Dual Ad Fixed Tenure Fund V- Pl,RDAFVGGO,NDAFVGGO,2019-10-30
NIPPON INDIA MUTUAL FUND- NIPPON INDIA Dual Ad Fixed Tenure Fund XI (P,RDAXIEDD,NDAXIEDD,2019-10-30
NIPPON INDIA MUTUAL FUND- NIPPON INDIA Dual Ad Fixed Tenure Fund XI (P,RDAXIEDDD,NDAXIEDDD,2019-10-30
NIPPON INDIA MUTUAL FUND- NIPPON INDIA Dual Ad Fixed Tenure Fund XI (P,RDAXIEDDG,NDAXIEDDG,2019-10-30
NIPPON INDIA MUTUAL FUND- NIPPON INDIA Int.Fund-QIF-SI-IP-DP-DPO,RMFINQIDP1,NMFINQIDP1,2019-10-30
NIPPON INDIA MUTUAL FUND-NIPPON INDIA Dual Ad FTF XI Sr XI Plan B - GO,RDAXIBDG,NDAXIBDG,2019-10-30
NIPPON INDIA MUTUAL FUND-NIPPON INDIA Dual Ad FTF XI SrXI Plan B-DPDPO,RDAXIBDDD,NDAXIBDDD,2019-10-30
NIPPON INDIA MUTUAL FUND-NIPPON INDIA Int. Fund-AIF-SI - RP- DP - RO,RMFINARDR1,NMFINARDR1,2019-10-30
NIPPON INDIA MUTUAL FUND-NIPPON INDIA Int. Fund-QIF-SI-RP-DP-DPO,RMFINQRDP1,NMFINQRDP1,2019-10-30
NLC India Limited,NEYVELILIG,NLCINDIA,2016-08-04
NXTDIGITAL LIMITED,HINDUJATMT,HINDUJAVEN,2007-11-29
NXTDIGITAL LIMITED,HINDUJAVEN,NXTDIGITAL,2019-11-11
Nagreeka Exports Limited,NAGREKAEXP,NAGREEKA,2005-12-22
Nahar Poly Films Limited,NAHARINVST,NAHARPOLY,2011-06-15
Nahar Poly Films Limited,NAHAREXPOT,NAHARINVST,2007-11-01
Nalwa Sons Investments Limited,JSTRIPS,NSIL,2005-06-07
Nandan Denim Limited,NANDANEXIM,NDL,2013-11-21
Nandani Creation Limited,NANDANI,JAIPURKURT,2021-08-06
Nashik Municipal Corporation,0503260317,805NMC29,2026-03-09
National Bank For Financing Infrastructure And Development,725NBFID40,725NBFI40,2026-06-08
Navneet Education Limited,NAVNETPUBL,NAVNETEDUL,2013-09-19
Net 4 India Limited,NET4INDIA,NET4,2011-02-28
Netvista Information Technology Limited,KRAFTIND,NETVISTAIT,2000-08-09
Neueon Corporation Limited,NTL,NEUEON,2025-12-22
Neueon Towers Limited,SUJANATWR,NTL,2017-02-17
Next Mediaworks Limited,MID-DAY,NEXTMEDIA,2011-06-15
Nido Home Finance Limited,EHFLNCD,NIDO,2023-07-18
Nilkamal Limited,NILKAMPLST,NILKAMAL,2007-01-05
Nippon India Mutual Fund - ETF Nifty SDL - 2026 Maturity,NETFSDL26,SDL26BEES,2022-05-10
Nippon India Mutual Fund - Nippon India ETF 5 Year Gilt,NETFGILT5Y,GILT5YBEES,2022-05-10
Nippon India Mutual Fund - Nippon India Nifty Auto ETF,NETFAUTO,AUTOBEES,2022-05-10
Nippon India Mutual Fund - Nippon India Nifty Pharma ETF,NETFPHARMA,PHARMABEES,2022-05-10
Nippon India Mutual Fund - Nippon India Silver ETF,NETFSILVER,SILVERBEES,2022-05-10
Nippon India Mutual Fund-Nippon India ETF Nifty CPSE Bond Plus SDL-24,NCPSESDL24,SDL24BEES,2022-05-10
Nippon Life India Asset Management Limited,RNAM,NAM-INDIA,2020-01-23
Nippon Life India Asset Management Limited,NETFIT,ITBEES,2022-05-10
Noesis Industries Limited,MEDIA,MVLIND,2009-02-20
Noesis Industries Limited,MVLIND,NOESISIND,2014-06-04
NuCent Finance Limited,PRESSMAN,NUCENTFIN,2001-08-20
OCL India Limited,ORISSACEM,OCL,2004-09-15
OM INFRA LIMITED,OMMETALS,OMINFRAL,2021-02-10
ORIENT CERATECH LIMITED,ORIENTABRA,ORIENTCER,2023-07-31
ORTIN GLOBAL LIMITED,ORTINLAB,ORTINGLOBE,2024-09-03
Oberoi Realty Limited,OBEROIREAL,OBEROIRLTY,2010-12-10
Olectra Greentech Limited,GOLDTELE,GOLDINFRA,2008-02-29
Olectra Greentech Limited,GOLDINFRA,OLECTRA,2018-07-26
Onida Electronics Limited,MIRCELECTR,ONIDA,2026-06-19
Oracle Financial Services Software Limited,I-FLEX,OFSS,2008-09-18
Orchid Pharma Limited,ORCHIDCHEM,ORCHIDPHAR,2015-12-21
Orient Bell Limited,ORIENTCERA,ORIENTBELL,2012-04-17
Oriental Trimex Limited,OTL,ORIENTALTL,2009-12-17
Oswal Greentech Limited,BINDALAGRO,OSWALGREEN,2023-05-19
PAE Limited,PREMAUTOEL,PAEL,2005-11-23
PARAMPARA DAIRY DELIGHTS LIMITED,AMJUMBO,PARAMPARA,2026-01-23
PGIM India Dual Advantage Fund - Series 1 - DPG,DPRMDAD1,PGIMDAD1G,2019-08-22
PGIM India Dual Advantage Fund - Series 1 - DPQDPO,DPRMDAD3,PGIMDAD3D,2019-08-22
PGIM India Dual Advantage Fund - Series 1 - DPRDPO,DPRMDAD2,PGIMDAD2D,2019-08-22
PGIM India Dual Advantage Fund - Series 1 - RPADPO,DPRMDAAD,PGIMDAADD,2019-08-22
PGIM India Dual Advantage Fund - Series 1 - RPG,DPRMDAGP,PGIMDAGPG,2019-08-22
PGIM India Dual Advantage Fund - Series 1 - RPQDPO,DPRMDAQD,PGIMDAQDD,2019-08-22
PGIM India Dual Advantage Fund - Series 1 - RPRDPO,DPRMDADP,PGIMDADPD,2019-08-22
PGIM India Fixed Duration Fund - Series 31 - DPG,PRM1SD1,PGIM1SD1G,2019-08-22
PGIM India Fixed Duration Fund - Series 31 - RPDPO,PRM1SDP,PGIM1SDPD,2019-08-22
PGIM India Fixed Duration Fund - Series 31 - RPG,PRM1SGP,PGIM1SGPG,2019-08-22
PGIM India Fixed Duration Fund - Series AA - DPG,DPRMAAD1,PGIMAAD1G,2019-08-22
PGIM India Fixed Duration Fund - Series AA - DPQDPO,DPRMAAD3,PGIMAAD3D,2019-08-22
PGIM India Fixed Duration Fund - Series AA - RPADPO,DPRMAAAD,PGIMAAADD,2019-08-22
PGIM India Fixed Duration Fund - Series AA - RPG,DPRMAAGP,PGIMAAGPG,2019-08-22
PGIM India Fixed Duration Fund - Series AA - RPQDPO,DPRMAAQD,PGIMAAQDD,2019-08-22
PGIM India Fixed Duration Fund - Series AB - DPG,DPRMABD1,PGIMABD1G,2019-08-22
PGIM India Fixed Duration Fund - Series AB - RPADPO,DPRMABAD,PGIMABADD,2019-08-22
PGIM India Fixed Duration Fund - Series AB - RPG,DPRMABGP,PGIMABGPG,2019-08-22
PGIM India Fixed Duration Fund - Series AB - RPQDPO,DPRMABQD,PGIMABQDD,2019-08-22
PGIM India Fixed Duration Fund - Series AB - RPRDPO,DPRMABDP,PGIMABDPD,2019-08-22
PGIM India Fixed Duration Fund - Series AC - DPADPO,DPRMACD4,PGIMACD4D,2019-08-22
PGIM India Fixed Duration Fund - Series AC - DPG,DPRMACD1,PGIMACD1G,2019-08-22
PGIM India Fixed Duration Fund - Series AC - DPRDPO,DPRMACD2,PGIMACD2D,2019-08-22
PGIM India Fixed Duration Fund - Series AC - RPADPO,DPRMACAD,PGIMACADD,2019-08-22
PGIM India Fixed Duration Fund - Series AC - RPG,DPRMACGP,PGIMACGPG,2019-08-22
PGIM India Fixed Duration Fund - Series AC - RPQDPO,DPRMACQD,PGIMACQDD,2019-08-22
PGIM India Fixed Duration Fund - Series AC - RPRDPO,DPRMACDP,PGIMACDPD,2019-08-22
PGIM India Fixed Duration Fund - Series AE - DPADPO,DPRMAED4,PGIMAED4D,2019-08-22
PGIM India Fixed Duration Fund - Series AE - DPG,DPRMAED1,PGIMAED1G,2019-08-22
PGIM India Fixed Duration Fund - Series AE - RPADPO,DPRMAEAD,PGIMAEADD,2019-08-22
PGIM India Fixed Duration Fund - Series AE - RPG,DPRMAEGP,PGIMAEGPG,2019-08-22
PGIM India Fixed Duration Fund - Series AE - RPRDPO,DPRMAEDP,PGIMAEDPD,2019-08-22
PGIM India Fixed Duration Fund - Series AF - DPADPO,DPRMFAD4,PGIMFAD4D,2019-08-22
PGIM India Fixed Duration Fund - Series AF - DPG,DPRMFAD1,PGIMFAD1G,2019-08-22
PGIM India Fixed Duration Fund - Series AF - RPADPO,DPRMFAAD,PGIMFAADD,2019-08-22
PGIM India Fixed Duration Fund - Series AF - RPG,DPRMFAGP,PGIMFAGPG,2019-08-22
PGIM India Fixed Duration Fund - Series AF - RPQDPO,DPRMFAQD,PGIMFAQDD,2019-08-22
PGIM India Fixed Duration Fund - Series AG - DPG,DPRMAGD1,PGIMAGD1G,2019-08-22
PGIM India Fixed Duration Fund - Series AG - RPG,DPRMAGGP,PGIMAGGPG,2019-08-22
PGIM India Fixed Duration Fund - Series AH - DPADPO,DPRMAHD4,PGIMAHD4D,2019-08-22
PGIM India Fixed Duration Fund - Series AH - DPG,DPRMAHD1,PGIMAHD1G,2019-08-22
PGIM India Fixed Duration Fund - Series AH - DPQDPO,DPRMAHD3,PGIMAHD3D,2019-08-22
PGIM India Fixed Duration Fund - Series AH - RPADPO,DPRMAHAD,PGIMAHADD,2019-08-22
PGIM India Fixed Duration Fund - Series AH - RPG,DPRMAHGP,PGIMAHGPG,2019-08-22
PGIM India Fixed Duration Fund - Series AH - RPQDPO,DPRMAHQD,PGIMAHQDD,2019-08-22
PGIM India Fixed Duration Fund - Series AP - DPG,DPRMAPD1G,PGIMAPD1G,2019-08-22
PGIM India Fixed Duration Fund - Series AP - RPG,DPRMAPGPG,PGIMAPGPG,2019-08-22
PGIM India Fixed Duration Fund - Series AP - RPSDPO,DPRMAPDPD,PGIMAPDPD,2019-08-22
PGIM India Fixed Duration Fund - Series AQ - DPG,DPRMAQD1G,PGIMAQD1G,2019-08-22
PGIM India Fixed Duration Fund - Series AQ - DPSDPO,DPRMAQD2D,PGIMAQD2D,2019-08-22
PGIM India Fixed Duration Fund - Series AQ - RPG,DPRMAQGPG,PGIMAQGPG,2019-08-22
PGIM India Fixed Duration Fund - Series AR - DPG,DPRMARD1G,PGIMRAD1G,2019-08-22
PGIM India Fixed Duration Fund - Series AR - RPG,DPRMARGPG,PGIMRAGPG,2019-08-22
PGIM India Fixed Duration Fund - Series AR - RPQDPO,DPRMARQDD,PGIMRAQDD,2019-08-22
PGIM India Fixed Duration Fund - Series AR - RPSDPO,DPRMARDPD,PGIMRADPD,2019-08-22
PGIM India Fixed Duration Fund - Series AT - DPG,DPRMATD1G,PGIMATD1G,2019-08-22
PGIM India Fixed Duration Fund - Series AT - RPG,DPRMATGPG,PGIMATGPG,2019-08-22
PGIM India Fixed Duration Fund - Series AT - RPQDPO,DPRMATQDD,PGIMATQDD,2019-08-22
PGIM India Fixed Duration Fund - Series AT - RPSDPO,DPRMATDPD,PGIMATDPD,2019-08-22
PGIM India Fixed Duration Fund - Series AU - DPG,DPRMAUD1G,PGIMAUD1G,2019-08-22
PGIM India Fixed Duration Fund - Series AU - RPG,DPRMAUGPG,PGIMAUGPG,2019-08-22
PGIM India Fixed Duration Fund - Series AU - RPQDPO,DPRMAUQDD,PGIMAUQDD,2019-08-22
PGIM India Fixed Duration Fund - Series AU - RPSDPO,DPRMAUDPD,PGIMAUDPD,2019-08-22
PGIM India Fixed Duration Fund - Series AY - DPG,DPRMAYD1G,PGIMAYD1G,2019-08-22
PGIM India Fixed Duration Fund - Series AY - RPG,DPRMAYGPG,PGIMAYGPG,2019-08-22
PGIM India Fixed Duration Fund - Series AZ - DPG,DPRMAZD1G,PGIMAZD1G,2019-08-22
PGIM India Fixed Duration Fund - Series AZ - RPG,DPRMAZGPG,PGIMAZGPG,2019-08-22
PGIM India Fixed Duration Fund - Series AZ - RPSDPO,DPRMAZDPD,PGIMAZDPD,2019-08-22
PGIM India Fixed Duration Fund - Series BA - DPG,DPRMBAD1G,PGIMBAD1G,2019-08-22
PGIM India Fixed Duration Fund - Series BA - RPG,DPRMBAGPG,PGIMBAGPG,2019-08-22
PGIM India Fixed Duration Fund - Series BA - RPQDPO,DPRMBAQDD,PGIMBAQDD,2019-08-22
PGIM India Fixed Duration Fund - Series BA - RPSDPO,DPRMBADPD,PGIMBADPD,2019-08-22
PGIM India Fixed Duration Fund - Series BB - DPG,DPRMBBD1G,PGIMBBD1G,2019-08-22
PGIM India Fixed Duration Fund - Series BB - RPG,DPRMBBGPG,PGIMBBGPG,2019-08-22
PGIM India Fixed Duration Fund - Series BB - RPQDPO,DPRMBBQDD,PGIMBBQDD,2019-08-22
PGIM India Fixed Duration Fund - Series BB - RPSDPO,DPRMBBDPD,PGIMBBDPD,2019-08-22
PGIM India Fixed Duration Fund - Series BC - DPG,DPRMBCD1G,PGIMBCD1G,2019-08-22
PGIM India Fixed Duration Fund - Series BC - DPSDT,DPRMBCD2S,PGIMBCD2S,2019-08-22
PGIM India Fixed Duration Fund - Series BC - RPG,DPRMBCGPG,PGIMBCGPG,2019-08-22
PGIM India Fixed Duration Fund - Series BC - RPQDPO,DPRMBCQDD,PGIMBCQDD,2019-08-22
PGIM India Fixed Duration Fund - Series BC - RPSDPO,DPRMBCDPD,PGIMBCDPD,2019-08-22
PGIM India Fixed Duration Fund - Series BE - DPG,DPRMBED1G,PGIMBED1G,2019-08-22
PGIM India Fixed Duration Fund - Series BE - RPG,DPRMBEGPG,PGIMBEGPG,2019-08-22
PGIM India Fixed Duration Fund - Series BE - RPQDPO,DPRMBEQDD,PGIMBEQDD,2019-08-22
PGIM India Fixed Duration Fund - Series BE - RPSDPO,DPRMBEDPD,PGIMBEDPD,2019-08-22
PGIM India Large Cap Fund Series 2 - DPDPO,DWSLCFS2DD,PGIMC6D2D,2019-08-22
PGIM India Large Cap Fund Series 2 - DPG,DWSLCFS2DG,PGIMC6D1G,2019-08-22
PGIM India Large Cap Fund Series 2 - RPDPO,DWSLCFS2RD,PGIMC6DPD,2019-08-22
PGIM India Large Cap Fund Series 2 - RPG,DWSLCFS2RG,PGIMC6GPG,2019-08-22
PIL ITALICA LIFESTYLE LIMITED,PILIND,PILITA,2015-09-03
PSL Limited,PSLHOLD,PSL,2003-05-19
PVP Ventures Limited,SOFTSOLINT,PVP,2008-06-23
PVR INOX Limited,PVR,PVRINOX,2023-05-12
Paisalo Digital Limited,SEINV,PAISALO,2018-01-24
Palred Technologies Limited,FOURSOFT,PALRED,2014-01-16
Panasonic AVC Networks India Company Limited.,MTAL,PAVCI,2004-03-12
Parrys Sugar Industries Limited,GMRINDS,PARRYSUGAR,2010-12-02
Pearl Global Industries Limited,HOPFL,PGIL,2012-07-02
Peninsula Land Limited,MORARJESPG,MORAREALTY,2004-10-15
Peninsula Land Limited,MORAREALTY,PENINLAND,2006-06-09
Pharmacia Healthcare Limited,ABBOTTLAB,PHARMACIA,2003-03-24
Phoenix Lamps Limited,HALONIX,PHOENIXLL,2013-10-30
Phoenix Lamps Limited,PHOENIXLMP,HALONIX,2009-03-09
Piramal Enterprises Limited,PIRHEALTH,PEL,2012-09-21
Piramal Enterprises Limited,NICOLASPIR,PIRHEALTH,2008-06-19
Piramal Glass Limited,GUJGLASS,PIRGLASS,2008-05-12
Piramal Phytocare Limited,PIRLIFE,PIRPHYTO,2013-10-23
Pitti Engineering Limited,PITTILAM,PITTIENG,2018-06-06
Poonawalla Fincorp Limited,MAGMA,POONAWALLA,2021-08-05
Precot Limited,PRECOTMILL,PRECOT,2006-11-01
Premier Limited,PREMAUTO,PREMIER,2005-06-14
Pressman Advertising Limited,NUCENT,PRESSMN,2013-09-11
Pricol Limited,PREMINSTR,PRICOL,2005-08-16
Prism Johnson Limited,PRISMCEM,PRSMJOHNSN,2018-05-04
Privi Speciality Chemicals Limited,ADI,FAIRCHEM,2017-01-19
Privi Speciality Chemicals Limited,FAIRCHEM,PRIVISCL,2020-10-14
Procter & Gamble Health Limited,MERCK,PGHL,2019-06-11
Procter & Gamble Health Limited,EMERCK,MERCK,2007-11-05
Procter & Gamble Hygiene and Health Care Limited,P&G,PGHH,2004-07-07
Profectus Capital Private Limited,PCPL27,975PCPL27A,2026-07-03
Profectus Capital Private Limited,10157PCP24,10157PCP27,2025-04-02
Proseed India Limited,GREENFIRE,PROSEED,2018-07-18
Prozone Intu Properties Limited,PROZONE,PROZONECSC,2012-09-24
Prozone Intu Properties Limited,PROZONECSC,PROZONINTU,2014-10-07
Prozone Realty Limited,PROZONINTU,PROZONER,2023-08-04
Quintegra Solutions Limited,SOFFIASOFT,QUINTEGRA,2005-08-22
RHI MAGNESITA INDIA LTD,ORIENTREF,RHIM,2021-07-22
RPG Cables Limited,RPGTELECOM,RPGCABLES,2006-04-04
RPG Transmission Limited,SAELTD,RPGTLTD,2006-12-05
RPSG VENTURES LIMITED,CESCVENT,RPSGVENT,2021-02-01
RSWM Limited,RAJASSPG,RSWM,2006-09-01
Rain Industries Limited,RAINCOM,RAIN,2013-08-23
Rain Industries Limited,PRIYADCEM,RAINCOM,2008-03-03
Rane Holdings Limited,RANEMADRAS,RANEHOLDIN,2005-08-22
RattanIndia Enterprises Limited,IBIPL,RTNINFRA,2014-11-20
RattanIndia Enterprises Limited,RTNINFRA,RTNINDIA,2021-04-07
RattanIndia Power Limited,IBPOW,RTNPOWER,2014-11-20
Raymond Realty Limited,RRL,RAYMONDREL,2025-06-27
Reliance Broadcast Network Limited,RMEDIA,RBN,2010-08-20
Reliance Communications Limited,RCVL,RCOM,2006-06-30
Reliance Infrastructure Limited,REL,RELINFRA,2008-05-16
Reliance Infrastructure Limited,BSES,REL,2004-03-12
Reliance MediaWorks Limited,ADLABSFILM,RELMEDIA,2009-10-20
Reliance Naval and Engineering Limited,PIPAVAVYD,PIPAVAVDOC,2011-09-29
Reliance Naval and Engineering Limited,RDEL,RNAVAL,2017-09-18
Reliance Naval and Engineering Limited,PIPAVAVDOC,RDEL,2016-03-18
Renaissance Global Limited,RJL,RGL,2019-04-08
Renol Polychem Limited,RENOL,RNPL,2025-08-06
Revathi Equipment India Limited,REVATHIEQU,RVTH,2024-11-26
Roofit Industries Limited,RATNABLDG,ROOFITIND,1999-09-15
SBI-ETF Gold,SBIGETS,SETFGOLD,2015-11-24
SBI-ETF Nifty 50,SETFNIFTY,SETFNIF50,2015-11-24
SBI-ETF Nifty Bank,SETFBANK,SETFNIFBK,2015-11-24
SBI-ETF Nifty Next 50,SETFNIFJR,SETFNN50,2015-11-24
SECUREKLOUD TECHNOLOGIES LIMITED,8KMILES,SECURKLOUD,2021-01-20
SEJAL GLASS LIMITED,SEZAL,SEJAL,2021-08-16
SI Group - India Limited,SCHENHERD,SIGROUPIND,2006-11-28
SI Group - India Limited,HERDILCHEM,SCHENHERD,2006-04-04
SIGMA ADVANCED SYSTEMS LIMITED,MEGASOFT,SIGMAADV,2026-02-09
SIL Investments Limited,SUTLEJINDS,SILINV,2007-06-21
SKF India Limited,SKFBEARING,SKFINDIA,2004-10-20
SKIL Infrastructure Limited,HORIZONINF,SKIL,2014-03-24
SKIL Infrastructure Limited,HORIZONBAT,HORIZONINF,2008-02-22
SML Isuzu Limited,SWARAJMAZD,SMLISUZU,2011-01-17
SML Mahindra Limited,SMLISUZU,SMLMAH,2025-11-10
SONAM LIMITED,SONAMCLOCK,SONAMLTD,2023-11-15
SORIL Infra Resources Limited,IBRETAILS,STOREONE,2009-10-26
SORIL Infra Resources Limited,STOREONE,SORILINFRA,2017-01-10
SORIL Infra Resources Limited,PIRAMYDRET,IBRETAILS,2008-06-09
SOVEREIGN GOLD BONDS 2.50% JULY 2029 SR-IV 2021-22,SGBJUN29IV,SGBJUL29IV,2021-07-28
SPICEJET LTD,MODILUFT,SPICEJET,2019-08-19
SPML Infra Limited,SUBHASPROJ,SPMLINFRA,2010-05-14
SREI Infrastructure Finance Limited,SREINTFIN,SREINFRA,2010-07-21
SVOGL Oil Gas And Energy Limited,SHIV-VANI,SVOGL,2015-10-23
SWAN CORP LIMITED,SWANENERGY,SWANCORP,2025-09-04
Sagar Cements Limited,SAGARCEM,SAGCEM,2007-01-29
Sambhaav Media Limited,PERLENGINF,SAMBHAAV,2005-10-18
Sammaan Capital Limited,IBULHSGFIN,SAMMAANCAP,2024-07-26
Sammaan Capital Limited,IBULPP,SCLPP,2024-07-26
Sampann Utpadan India Limited,SEPOWER,SAMPANN,2023-08-23
Samvardhana Motherson International Limited,MOTHERSUMI,MOTHERSON,2022-06-09
Sanofi India Limited,HOECHST,AVENTIS,2003-05-19
Sanofi India Limited,AVENTIS,SANOFI,2012-07-11
Saregama India Limited,GRAMOPHONE,SAREGAMA,2001-08-20
Sastasundar Ventures Limited,MICROSEC,SASTASUNDR,2016-11-22
Sathavahana Ispat Limited,SATHVANISP,SATHAISPAT,2006-12-27
Savita Oil Technologies Limited,SAVITACHEM,SOTL,2009-08-24
Schaeffler India Limited,FAGPRECISN,FAGBEARING,2001-08-20
Schaeffler India Limited,FAGBEARING,SCHAEFFLER,2017-08-01
Seamec Limited,PEERLESHIP,SEAMECLTD,2001-08-20
Semac Construction Limited,REVATHI,SEMAC,2023-09-21
Setubandhan Infrastructure Limited,PRAKASHCON,SETUINFRA,2019-07-30
Sezal Glass Limited,SEJALGLASS,SEZALGLASS,2010-07-14
Shah Metacorp Limited,GAL,SHAH,2023-07-03
Shalimar Paints Limited,SHALMPAINT,SHALPAINTS,2008-03-03
Shasun Pharmaceuticals Limited,SHASUNCHEM,SHASUNPHAR,2011-01-28
Shekhawati Industries Limited,SPYL,SHEKHAWATI,2024-08-09
Shirpur Gold Refinery Limited,AGEEGOLD,SHIRPUR-G,2013-01-17
Shiva Texyarn Limited,ANAMALFIN,SHIVTEX,2004-01-22
Shreyas Shipping & Logistics Limited,SHREYASHIP,SHREYAS,2006-04-03
Shri Aster Silicates Limited,ASTERSILI,SHRIASTER,2014-02-03
Shriram Finance Limited,SRTRANSFIN,SHRIRAMFIN,2022-12-20
Simplex Infrastructures Limited,SIMPLEXCON,SIMPLEXINF,2005-12-21
Siti Networks Limited,SITICABLE,SITINET,2016-08-17
Siti Networks Limited,WWIL,SITICABLE,2012-10-03
Siyaram Silk Mills Limited,SIYARSILK,SIYSIL,2007-01-29
Small Industries Development Bank of India,768SIDBI27,768SID27,2026-09-11
Smartlink Holdings Limited,D-LINK,SMARTLINK,2009-07-29
Solar Industries India Limited,SOLAREX,SOLARINDS,2009-04-13
Somany Ceramics Limited,SPLLTD,SOMANYCERA,2007-03-21
Sovereign Gold Bonds 2.75% NOV 2023 Tr-I,GBNOV23,SBNOV23,2016-09-15
Sovereign Gold Bonds 2.75% NOV 2023 Tr-I,SBNOV23,SGBNOV23,2016-09-15
Spentex Industries Limited,SPENTXIND,SPENTEX,2006-12-20
Sri Havisha Hospitality and Infrastructure Limited,SHAKTIGAS,HAVISHA,2018-04-12
Srikalahasthi Pipes Limited,LANCOIND,LANCOIN,2007-08-28
Srikalahasthi Pipes Limited,LANCOIN,SRIPIPES,2014-12-17
Standard Engineering Technology Limited,SGLTL,SETL,2026-01-19
Stel Holdings Limited,SENTINEL,STEL,2011-11-08
Sterling Biotech Limited,STERLINTEA,STERLINBIO,2003-07-09
Sterlite Technologies Limited,STRTECH,STLTECH,2020-10-29
Sterlite Technologies Limited,STROPTICAL,STRTECH,2007-12-17
Styrenix Performance Materials Limited,INEOSSTYRO,STYRENIX,2023-01-20
Sudarshan Colorants India Limited,HEUBACHIND,SUDARCOLOR,2026-01-20
Sudarshan Colorants India Limited,CLNINDIA,HEUBACHIND,2023-03-10
Summit Securities Limited,KECINTL,KECINFRA,2006-02-21
Summit Securities Limited,KECINFRA,SUMMIT,2008-04-21
Sundrop Brands Limited,ATFL,SUNDROP,2025-03-28
Sunflag Iron And Steel Company Limited,SUNFLAGIRN,SUNFLAG,2005-09-29
Supreme Tex Mart Limited,SUPREMYARN,SUPREMETEX,2008-02-15
Surana Solar Limited,SURANAVEL,SURANASOL,2014-11-19
Surana Telecom and Power Limited,SURANATELE,SURANAT&P,2010-02-08
Swelect Energy Systems Limited,NUMERICPW,SWELECTES,2012-07-09
TATA CONSUMER PRODUCTS LIMITED,TATAGLOBAL,TATACONSUM,2020-02-27
TATA CONSUMER PRODUCTS LIMITED,TATATEA,TATAGLOBAL,2010-07-21
TGB Banquets And Hotels Limited,BHAGWATIHO,TGBHOTELS,2013-05-31
TITAGARH RAIL SYSTEMS LIMITED,TWL,TITAGARH,2023-06-19
TRANSWORLD SHIPPING LINES LIMITED,SHREYAS,TRANSWORLD,2024-10-23
TSF INVESTMENTS LIMITED,SUNDARMHLD,TSFINV,2025-10-16
TV18 Broadcast Limited,IBN18,TV18BRDCST,2011-07-19
TV18 Broadcast Limited,GBN,IBN18,2008-05-15
TVS Holdings Limited,SUNCLAYLTD,TVSHLTD,2023-08-10
TVS Motor Company Limited,TVS-SUZUKI,TVSMOTOR,2001-12-03
TVS Srichakra Limited,SRICHAKTYR,TVSSRICHAK,2007-02-13
Tarmat Limited,ROMAN,TARMAT,2012-09-12
Tata Coffee Limited,CONSCOFFEE,TATACOFFEE,2006-04-04
Tata Communications Limited,VSNL,TATACOMM,2008-02-25
Tata Investment Corporation Limited,INVESTCORP,TATAINVEST,2005-07-07
Tata Motors Limited,TELCO,TATAMOTORS,2003-12-26
Tata Motors Passenger Vehicles Limited,TATAMOTORS,TMPV,2025-10-24
Tata Steel Bsl Limited,BHUSANSTL,TATASTLBSL,2018-12-10
Tata Steel Limited,TISCO,TATASTEEL,2005-10-17
Tata Steel Long Products Limited,IPITATASPO,TATASPONGE,2004-02-11
Tata Steel Long Products Limited,TATASPONGE,TATASTLLP,2019-09-03
Tata Teleservices (Maharashtra) Limited,HUGHESTELE,TATATELSER,2003-06-25
Tata Teleservices (Maharashtra) Limited,TATATELSER,TTML,2005-01-14
Team India Guaranty Limited,TIMESGTY,TEAMGTY,2025-08-13
Teamo Productions HQ Limited,GISOLUTION,TPHQ,2023-10-20
Techindia Nirman Limited,NATHSEED,TECHIN,2014-10-31
Tembo Global Industries Limited,SAKETH,TEMBO,2020-04-13
Texmaco Infrastructure & Holdings Limited,TEXMACOLTD,TEXINFRA,2012-03-20
The Investment Trust Of India Limited,FORTUNEFIN,THEINVEST,2018-07-25
The Madras Aluminium Company Limited,MADRASALMN,MALCO,2007-04-12
The Ramco Cements Limited,MADRASCEM,RAMCOCEM,2013-09-30
Timken India Limited,TATATIMKEN,TIMKEN,2007-02-06
Tips Music Limited,TIPSINDLTD,TIPSMUSIC,2024-09-30
Tirupati Forge Limited,FORGE,TIRUPATIFL,2018-01-15
Torrent Power AEC Limited,AHMEDELEC,TORRENTAEC,2005-06-17
Torrent Power SEC Limited,SURATELEC,TORRENTSEC,2005-06-07
Transformers And Rectifiers (India) Limited,TRIL,TARIL,2024-08-26
Trent Limited,LAKME,TRENT,2004-06-07
Trident Limited,ABSHEKINDS,TRIDENT,2011-05-03
Trigyn Technologies Limited,LEADEDSYS,TRIGYN,2005-07-26
TruCap Finance Limited,DHANVARSHA,TRU,2022-09-01
Twamev Construction and Infrastructure Limited,TCLCONS,TICL,2025-02-07
UCAL LIMITED,UCALFUEL,UCAL,2023-07-26
UFLEX Limited,FLEX,UFLEX,2007-04-17
UMIYA BUILDCON LIMITED,MRO-TEK,UMIYA-MRO,2025-04-15
UNO Minda Limited,MINDAIND,UNOMINDA,2022-08-05
UPL Limited,UNIPHOS,UPL,2013-10-23
UTI BSE Sensex ETF,UTISENSETF,SENSEXBETA,2025-12-24
UTI BSE Sensex Next 50 ETF,UTISXN50,SNXT50BETA,2025-12-24
UTI Mutual Fund - UTI Gold Exchange Traded Fund,GOLDSHARE,GOLDBETA,2025-12-24
UTI Mutual Fund - UTI NIfty Next 50 Exchange Traded Fund - UTI NIFTY N,UTINEXT50,NEXT50BETA,2025-12-24
UTI Mutual Fund - UTI Nifty 10 yr Benchmark G-Sec ETF,NIF10GETF,GILT10BETA,2025-12-24
UTI Mutual Fund - UTI Nifty 5 yr Benchmark G-Sec ETF,NIF5GETF,GILT5BETA,2025-12-24
UTI Mutual Fund - UTI Nifty IT ETF,NIFITETF,ITBETA,2025-12-24
UTI Mutual Fund - UTI Nifty Midcap 150 Exchange Traded Fund (ETF),NIFMID150,MIDCAPBETA,2025-12-24
UTI Mutual Fund - UTI Silver Exchange Traded Fund (UTI Silver ETF),SILVERETF,SILVERBETA,2025-12-24
UTI Nifty 50 ETF,UTINIFTETF,NIFTYBETA,2025-12-24
UTI Nifty Bank ETF,UTIBANKETF,BANKBETA,2025-12-24
Ujaas Energy Limited,MBSWITCH,UJAAS,2013-09-23
United Foodbrands Limited,BARBEQUE,UFBL,2025-10-13
United Spirits Limited,MCDOWELL-N,UNITDSPR,2024-06-07
Univa Foods Limited,HOTELRUGBY,UNIVAFOODS,2022-11-23
Uravi Defence and Technology Limited,URAVI,URAVIDEF,2025-01-16
Usha Martin Education & Solutions Limited,UMITL,UMESL,2010-01-07
Usha Martin Limited,USHABEL,USHAMART,2004-10-20
Uttam Value Steels Limited,LLOYDSTEEL,UTTAMVALUE,2013-04-29
V2 Retail Limited,VISHALRET,V2RETAIL,2012-02-24
VA Tech Wabag Limited,VATECH,WABAG,2010-12-15
VARVEE GLOBAL LIMITED,AARVEEDEN,VGL,2025-10-13
VIP Clothing Limited,MAXWELL,VIPCLOTHNG,2016-12-21
VISA Chrome Limited,VISASTEEL,VISACHROME,2026-05-20
VTX Industries Limited,VIJAYTEX,VTXIND,2011-04-04
Vaibhav Global Limited,VAIBHAVGEM,VAIBHAVGBL,2012-12-24
Vakrangee Limited,VAKRANSOFT,VAKRANGEE,2013-11-27
Value Industries Limited,VDOCONAPPL,VALUEIND,2008-05-22
Vardhman Holdings Limited,VSGML,VHL,2006-04-17
Vardhman Textiles Limited,MAHAVIRSPG,VTL,2006-10-11
Vatsa Music Limited,BABABUSERV,VATSMUSC,2001-08-20
Vedanta Limited,SSLT,VEDL,2015-05-07
Vedanta Limited,SESAGOA,SSLT,2013-10-04
Vedanta Power Limited,VPL,VEDPOWER,2026-06-11
Veedol Corporation Limited,TIDEWATER,VEEDOL,2024-10-09
Venky's (India) Limited,WESTHATCH,VENKEYS,2003-09-17
Vertis Infrastructure Trust,HIGHWAYS,VERTIS,2025-07-22
Videocon Industries Limited,VDOLEASE,VIDEOIND,2004-09-21
Vidhi Specialty Food Ingredients Limited,VIDHIDYE,VIDHIING,2017-03-01
Vikas EcoTech Limited,VIKASGLOB,VIKASECO,2015-12-21
Vikas Lifecare Limited,VIKASMCORP,VIKASLIFE,2021-05-06
Visdem Technosys Limited,KEL,VISDEM,2026-08-06
Viyash Scientific Limited,SEQUENT,VIYASH,2026-01-23
W S Industries (I) Limited,WSIND,WSI,2007-08-01
WABCO India Limited,WABCO-TVS,WABCOINDIA,2011-09-06
WE WIN LIMITED,SUREVIN,WEWIN,2020-07-01
Wartsila India Limited,WARTDEISEL,WARTSILA,2000-09-20
Welspun Corp Limited,WELGUJ,WELCORP,2010-05-17
Welspun Enterprises Limited,WELPROJ,WELENT,2015-06-24
Welspun Enterprises Limited,MSKPROJ,WELPROJ,2011-01-04
Welspun Living Limited,WELSPUNIND,WELSPUNLIV,2023-12-14
Wendt (India) Limited,WENDTINDIA,WENDT,2006-08-07
WinPro Industries Limited,JUMPNET,WINPRO,2021-12-22
Windsor Machines Limited,DGPWINDSOR,WINDSOR,2005-04-05
Winsome Diamonds and Jewellery Limited,SURAJDIAMN,WINSOMEDJ,2012-07-24
Wonder Electricals Limited,WFL,WEL,2023-01-04
Wopolin Plastics Limited,BAJAJPLAST,WOPOLIN,2005-11-23
Worth Peripherals Limited,WORTH,WORTHPERI,2025-10-10
Wyeth Limited,WYETHLEDE,WYETH,2006-09-01
XL Energy Limited,XLTL,XLTELENE,2009-07-22
XL Energy Limited,XLTELENE,XLENERGY,2010-12-13
Xchanging Solutions Limited,CAMBRIDGE,XCHANGING,2012-06-25
Xchanging Solutions Limited,SCANDENT,CAMBRIDGE,2006-07-17
Yaari Digital Integrated Services Limited,IBWSL,SORILHOLD,2017-04-18
Yaari Digital Integrated Services Limited,YAARII,YAARI,2021-12-15
Yaari Digital Integrated Services Limited,SORILHOLD,IBULISL,2018-06-08
Yaari Digital Integrated Services Limited,IBULISL,YAARII,2020-12-08
ZUARI INDUSTRIES LIMITED,ZUARIAGRO,ZUARIGLOB,2012-09-25
ZUARI INDUSTRIES LIMITED,ZUARIGLOB,ZUARIIND,2022-07-04
Zandu Realty Limited,ZANDUPHARM,ZANDUREALT,2010-03-10
Zee Entertainment Enterprises Limited,ZEETELE,ZEEL,2007-02-28
Zee Media Corporation Limited,ZEENEWS,ZEEMEDIA,2013-07-30
Zenith Steel Pipes & Industries Limited,ZENITHBIR,ZENITHSTL,2020-08-19
Zensar Technologies Limited,FUJITSICIM,ZENSARTECH,2004-03-04
Zydus Lifesciences Limited,CADILAHC,ZYDUSLIFE,2022-03-07
e-Serve International Limited,CITICORSEC,E-SERVEINT,2003-07-09
iGate Global Solutions Limited,MASCOT,IGS,2003-08-07
,780LTFL30,799LTFL30,2025-02-19
