symbol_a,symbol_b,source,evidence,effective_date
RDAXEDG,NDAXEDG,nse_symbolchange,symbolchange.csv,2019-10-30
RDAXEDD,NDAXEDD,nse_symbolchange,symbolchange.csv,2019-10-30
RDAXEDDG,NDAXEDDG,nse_symbolchange,symbolchange.csv,2019-10-30
RDAXEDDD,NDAXEDDD,nse_symbolchange,symbolchange.csv,2019-10-30
IIFLWAM,360ONE,nse_symbolchange,symbolchange.csv,2023-01-23
BIRLA3M,3MINDIA,nse_symbolchange,symbolchange.csv,2004-06-15
PDUMJEAGRO,PDUMJEIND,nse_symbolchange,symbolchange.csv,2008-03-28
PDUMJEIND,3PLAND,nse_symbolchange,symbolchange.csv,2018-05-04
FINANTECH,63MOONS,nse_symbolchange,symbolchange.csv,2017-01-19
A2ZMES,A2ZINFRA,nse_symbolchange,symbolchange.csv,2014-12-31
GAMMNINFRA,AJRINFRA,nse_symbolchange,symbolchange.csv,2021-08-16
AMBANIORG,AMBANIORGO,nse_symbolchange,symbolchange.csv,2024-08-01
AMDMET,AMDIND,nse_symbolchange,symbolchange.csv,2008-02-25
IPAPPM,ANDPAPER,nse_symbolchange,symbolchange.csv,2020-01-22
APPAPER,IPAPPM,nse_symbolchange,symbolchange.csv,2014-01-21
ANDPAPER,ANDHRAPAP,nse_symbolchange,symbolchange.csv,2020-03-05
ANGAUTO,ANGIND,nse_symbolchange,symbolchange.csv,2010-06-16
ACSAL,ARVINDPORT,nse_symbolchange,symbolchange.csv,2024-12-09
ATLANTA,ATLANTAA,nse_symbolchange,symbolchange.csv,2023-12-15
ARIHANTCRE,ATNINT,nse_symbolchange,symbolchange.csv,2003-09-17
LYPSAGEMS,AURUS,nse_symbolchange,symbolchange.csv,2026-07-14
ASLIND,AVATAR,nse_symbolchange,symbolchange.csv,2026-04-24
AVONMPL,AVROIND,nse_symbolchange,symbolchange.csv,2019-11-01
AXISTECETF,ITAXIS,nse_symbolchange,symbolchange.csv,2026-07-03
AXISNIFTY,NIFTYAXIS,nse_symbolchange,symbolchange.csv,2026-07-03
AXISBNKETF,BNKETFAXIS,nse_symbolchange,symbolchange.csv,2026-07-03
AXISHCETF,HEALTHAXIS,nse_symbolchange,symbolchange.csv,2026-07-03
AXISCETF,CONSUMAXIS,nse_symbolchange,symbolchange.csv,2026-07-03
IT&T,AXIS-IT&T,nse_symbolchange,symbolchange.csv,2005-08-16
AXIS-IT&T,AXISCADES,nse_symbolchange,symbolchange.csv,2014-10-08
WELSYNTEX,AYMSYNTEX,nse_symbolchange,symbolchange.csv,2016-02-03
ABANLOYD,ABAN,nse_symbolchange,symbolchange.csv,2006-08-18
ABANLLOYD,ABANLOYD,nse_symbolchange,symbolchange.csv,2005-01-17
AHL,AFSL,nse_symbolchange,symbolchange.csv,2025-04-01
AML,ABHISHEK,nse_symbolchange,symbolchange.csv,2008-06-26
KALECONSUL,ACCELYA,nse_symbolchange,symbolchange.csv,2012-09-06
AMIORG,ACUTAAS,nse_symbolchange,symbolchange.csv,2025-06-02
ADANITRANS,ADANIENSOL,nse_symbolchange,symbolchange.csv,2023-08-24
ADANIEXPO,ADANIENT,nse_symbolchange,symbolchange.csv,2006-09-20
MUNDRAPORT,ADANIPORTS,nse_symbolchange,symbolchange.csv,2012-01-17
ADANIGAS,ATGL,nse_symbolchange,symbolchange.csv,2021-01-13
LAWSIKHO,ADDICTIVE,nse_symbolchange,symbolchange.csv,2025-12-17
76100ABCL3,761ABCL35A,nse_symbolchange,symbolchange.csv,2026-06-08
BCCL,ABCIL,nse_symbolchange,symbolchange.csv,2009-03-09
BIHARCAUST,BCCL,nse_symbolchange,symbolchange.csv,2005-12-05
PFRL,ABFRL,nse_symbolchange,symbolchange.csv,2016-01-29
APOLLOSIND,BIRLAMONEY,nse_symbolchange,symbolchange.csv,2009-09-09
INDRAYON,ABIRLANUVO,nse_symbolchange,symbolchange.csv,2005-12-07
CENTURYTEX,ABREL,nse_symbolchange,symbolchange.csv,2024-10-10
ADVANIORLI,ADORWELD,nse_symbolchange,symbolchange.csv,2004-09-27
ADORWELD,ADOR,nse_symbolchange,symbolchange.csv,2025-04-11
SPHEREGSL,ADROITINFO,nse_symbolchange,symbolchange.csv,2018-04-19
COLORCHIPS,SPHEREGSL,nse_symbolchange,symbolchange.csv,2015-10-13
ARHAMFISCL,COLORCHIPS,nse_symbolchange,symbolchange.csv,2006-04-04
RAMADHOTEL,ADVANIHOTR,nse_symbolchange,symbolchange.csv,2007-06-25
AEGISCHEM,AEGISLOG,nse_symbolchange,symbolchange.csv,2024-06-07
SATINDLTD,AEROENTER,nse_symbolchange,symbolchange.csv,2025-06-25
SAH,AERONEU,nse_symbolchange,symbolchange.csv,2025-08-22
AFTEKINFO,AFTEK,nse_symbolchange,symbolchange.csv,2006-11-27
ITCAGRO,ATFL,nse_symbolchange,symbolchange.csv,2002-12-31
SHREE,AJMERA,nse_symbolchange,symbolchange.csv,2009-06-23
ICI,AKZOINDIA,nse_symbolchange,symbolchange.csv,2010-05-27
AURDIS,ALCODIS,nse_symbolchange,symbolchange.csv,2025-11-18
ALMBICHEM,ALEMBICLTD,nse_symbolchange,symbolchange.csv,1999-09-22
ENKEI,ALICON,nse_symbolchange,symbolchange.csv,2011-03-04
GLS,ALIVUS,nse_symbolchange,symbolchange.csv,2025-01-20
GATI,ACLGATI,nse_symbolchange,symbolchange.csv,2023-11-30
ALLSEC,ALLDIGI,nse_symbolchange,symbolchange.csv,2024-09-27
AAFS27B,AAFS27C,nse_symbolchange,symbolchange.csv,2026-05-28
AMARAJABAT,ARE&M,nse_symbolchange,symbolchange.csv,2023-10-27
DLFCEMENT,AMBUJARAJN,nse_symbolchange,symbolchange.csv,2001-08-20
GUJAMBCEM,AMBUJACEM,nse_symbolchange,symbolchange.csv,2007-07-24
AMIRCHAND,AEROPLANE,nse_symbolchange,symbolchange.csv,2026-07-20
PDUMJEPULP,AMJLAND,nse_symbolchange,symbolchange.csv,2018-01-19
ANGELBRKG,ANGELONE,nse_symbolchange,symbolchange.csv,2021-11-11
MPGLYCEM,ANIKINDS,nse_symbolchange,symbolchange.csv,2008-05-21
ANSALPROP,ANSALINFRA,nse_symbolchange,symbolchange.csv,2006-01-27
ANSALINFRA,ANSALAPI,nse_symbolchange,symbolchange.csv,2010-05-14
SELAN,ANTELOPUS,nse_symbolchange,symbolchange.csv,2025-09-22
APCOTEXLAT,APCOTEXIND,nse_symbolchange,symbolchange.csv,2006-11-01
SABTNL,AQYLON,nse_symbolchange,symbolchange.csv,2026-02-11
AAL,ARIHANTACA,nse_symbolchange,symbolchange.csv,2023-01-02
ARISINFRA,ARIS,nse_symbolchange,symbolchange.csv,2026-02-09
ARROWCOAT,ARROWGREEN,nse_symbolchange,symbolchange.csv,2016-05-11
ARVINDMILL,ARVIND,nse_symbolchange,symbolchange.csv,2008-07-07
ARVINFRA,ARVSMART,nse_symbolchange,symbolchange.csv,2016-12-05
ASHIKA,ASHIKAG,nse_symbolchange,symbolchange.csv,2026-07-27
ASTRAIDL,ASTRAZEN,nse_symbolchange,symbolchange.csv,2007-04-10
ATCOIND,ATCOM,nse_symbolchange,symbolchange.csv,2004-04-29
ATULPROD,ATUL,nse_symbolchange,symbolchange.csv,2005-03-10
GODHA,AURIGROW,nse_symbolchange,symbolchange.csv,2025-10-17
MAJESCO,AURUM,nse_symbolchange,symbolchange.csv,2021-10-22
COREBIO,COREEMBLG,nse_symbolchange,symbolchange.csv,2001-10-15
COREEMBLG,AUSOMENT,nse_symbolchange,symbolchange.csv,2009-12-01
JBMT,ASAL,nse_symbolchange,symbolchange.csv,2003-10-14
RATNAINFRA,AVENTUS,nse_symbolchange,symbolchange.csv,2017-08-03
INFIBEAM,CCAVENUE,nse_symbolchange,symbolchange.csv,2026-02-03
AXSENSEX,SENSEXAXIS,nse_symbolchange,symbolchange.csv,2026-07-03
UTIBANK,AXISBANK,nse_symbolchange,symbolchange.csv,2007-08-16
AXISGOLD,GOLDAXIS,nse_symbolchange,symbolchange.csv,2026-07-03
AXISVALUE,VALUEAXIS,nse_symbolchange,symbolchange.csv,2026-07-03
AXISILVER,SILVERAXIS,nse_symbolchange,symbolchange.csv,2026-07-03
AZTEC,AZTECSOFT,nse_symbolchange,symbolchange.csv,2006-09-20
ANANDAMRUB,BALAXI,nse_symbolchange,symbolchange.csv,2017-09-27
BINANIIND,BILVYAPAR,nse_symbolchange,symbolchange.csv,2025-07-14
KPIT,BSOFT,nse_symbolchange,symbolchange.csv,2019-02-26
BOROSIL,BORORENEW,nse_symbolchange,symbolchange.csv,2020-02-20
JCHAC,BOSCH-HCIL,nse_symbolchange,symbolchange.csv,2025-12-24
BSTRANSCOM,BSLIMITED,nse_symbolchange,symbolchange.csv,2012-11-29
BSELINFO,BSELINFRA,nse_symbolchange,symbolchange.csv,2004-03-12
SKML,BABAFOOD,nse_symbolchange,symbolchange.csv,2019-05-27
BAJAJCORP,BAJAJCON,nse_symbolchange,symbolchange.csv,2019-01-15
BAJAUTOFIN,BAJFINANCE,nse_symbolchange,symbolchange.csv,2010-09-29
BAJAJAUTO,BAJAJHLDNG,nse_symbolchange,symbolchange.csv,2008-03-14
NIRVIKARA,BALKRISHNA,nse_symbolchange,symbolchange.csv,2016-09-06
BANCOPROD,BANCOINDIA,nse_symbolchange,symbolchange.csv,2006-12-22
BAGYAMETAL,BHAGYNAGAR,nse_symbolchange,symbolchange.csv,2006-09-12
BHANSALENG,BEPL,nse_symbolchange,symbolchange.csv,2005-03-21
BARATBIJLE,BBL,nse_symbolchange,symbolchange.csv,2006-11-21
SKSMICRO,BHARATFIN,nse_symbolchange,symbolchange.csv,2016-07-01
BHARTISHIP,BHARATIDIL,nse_symbolchange,symbolchange.csv,2016-02-26
BHARTI,BHARTIARTL,nse_symbolchange,symbolchange.csv,2006-06-19
LIST000857,BHARTIHEXA,nse_symbolchange,symbolchange.csv,2024-04-08
BIRLAERIC,BIRLACABLE,nse_symbolchange,symbolchange.csv,2016-09-26
BIRLAJUTE,BIRLACORPN,nse_symbolchange,symbolchange.csv,2008-07-28
BIRLAYAMAH,BIRLAPOWER,nse_symbolchange,symbolchange.csv,2007-06-06
HIL,BIRLANU,nse_symbolchange,symbolchange.csv,2025-04-09
MANAKINDST,BKMINDST,nse_symbolchange,symbolchange.csv,2017-11-23
AVAYAGCL,AGCNET,nse_symbolchange,symbolchange.csv,2010-06-08
AGCNET,BBOX,nse_symbolchange,symbolchange.csv,2021-12-03
TATATELECM,AVAYAGCL,nse_symbolchange,symbolchange.csv,2004-11-01
MOREPENHTL,BLUECOAST,nse_symbolchange,symbolchange.csv,2006-12-05
KALYANBRAK,BOSCHCHASY,nse_symbolchange,symbolchange.csv,2006-02-10
MICO,BOSCHLTD,nse_symbolchange,symbolchange.csv,2008-02-28
RPGLS,BRABOURNE,nse_symbolchange,symbolchange.csv,2008-03-14
SEARLEIND,RPGLS,nse_symbolchange,symbolchange.csv,2006-12-05
LYCOS,BCG,nse_symbolchange,symbolchange.csv,2018-10-08
ACRYSIL,CARYSIL,nse_symbolchange,symbolchange.csv,2022-11-18
1201210518,ACRYSIL,nse_symbolchange,symbolchange.csv,2021-01-12
CROMPGREAV,CGPOWER,nse_symbolchange,symbolchange.csv,2017-03-08
MAHINDCIE,CIEINDIA,nse_symbolchange,symbolchange.csv,2023-06-19
SPENTEX,CLCIND,nse_symbolchange,symbolchange.csv,2026-01-01
COREPROTEC,COREEDUTEC,nse_symbolchange,symbolchange.csv,2011-09-07
COSMOFILMS,COSMOFIRST,nse_symbolchange,symbolchange.csv,2022-07-25
CAREERP,CPCAP,nse_symbolchange,symbolchange.csv,2025-03-20
SILLYMONKS,CRESTO,nse_symbolchange,symbolchange.csv,2026-09-10
FCH,CAPF,nse_symbolchange,symbolchange.csv,2012-12-06
MMFSL,CGCL,nse_symbolchange,symbolchange.csv,2013-08-05
CPIL,CAREERP,nse_symbolchange,symbolchange.csv,2011-11-16
WOCKLIFE,CAROLINFO,nse_symbolchange,symbolchange.csv,2004-09-27
AMTEKINDIA,CASTEXTECH,nse_symbolchange,symbolchange.csv,2015-06-11
ITDCEM,CEMPRO,nse_symbolchange,symbolchange.csv,2025-09-17
CENBNK,CENTBOP,nse_symbolchange,symbolchange.csv,2005-12-06
CHEMBONDIN,CHEMBONDCH,nse_symbolchange,symbolchange.csv,2025-07-21
MADRASREFN,CHENNPETRO,nse_symbolchange,symbolchange.csv,2000-08-09
CHETNADCEM,CHETTINAD,nse_symbolchange,symbolchange.csv,2007-05-17
TIFIN,CHOLAHLDNG,nse_symbolchange,symbolchange.csv,2019-04-09
CHOLADBS,CHOLAFIN,nse_symbolchange,symbolchange.csv,2010-06-22
CHOLAINV,CHOLADBS,nse_symbolchange,symbolchange.csv,2006-06-01
CINEPRO,CINELINE,nse_symbolchange,symbolchange.csv,2013-08-23
COLORCHEM,CLNINDIA,nse_symbolchange,symbolchange.csv,2006-06-05
NIITTECH,COFORGE,nse_symbolchange,symbolchange.csv,2020-08-20
SUVENPHAR,COHANCE,nse_symbolchange,symbolchange.csv,2025-05-19
VITLINFO,CORALHUB,nse_symbolchange,symbolchange.csv,2010-07-26
COROMNFERT,COROMANDEL,nse_symbolchange,symbolchange.csv,2009-10-12
NEOCURE,COUNCODOS,nse_symbolchange,symbolchange.csv,2012-08-31
CREATIVE,CNL,nse_symbolchange,symbolchange.csv,2025-12-10
CRESTCOMM,CRESTANI,nse_symbolchange,symbolchange.csv,2005-01-04
SHARYANRES,SHARRESLTD,nse_symbolchange,symbolchange.csv,2006-12-27
SHARRESLTD,CREST,nse_symbolchange,symbolchange.csv,2014-10-16
KIRLOSKCUM,CUMMINSIND,nse_symbolchange,symbolchange.csv,2005-06-17
SOFTPRO,CURATECH,nse_symbolchange,symbolchange.csv,2010-11-23
INFOTECENT,CYIENT,nse_symbolchange,symbolchange.csv,2014-05-22
DCB,DCBBANK,nse_symbolchange,symbolchange.csv,2014-01-15
DCMSRMCONS,DCMSHRIRAM,nse_symbolchange,symbolchange.csv,2014-03-13
DEEPIND,DEEPENR,nse_symbolchange,symbolchange.csv,2020-09-30
WEIZFOREX,EBIXFOREX,nse_symbolchange,symbolchange.csv,2020-03-20
EBIXFOREX,DELPHIFX,nse_symbolchange,symbolchange.csv,2021-09-01
KBCGLOBAL,DHARAN,nse_symbolchange,symbolchange.csv,2025-06-26
COATESIND,DICIND,nse_symbolchange,symbolchange.csv,2004-09-06
DHARAMSI,DMCC,nse_symbolchange,symbolchange.csv,2022-11-02
DSPN50ETF,NIFTY50ADD,nse_symbolchange,symbolchange.csv,2024-02-15
NIFTY50ADD,NIFTYADD,nse_symbolchange,symbolchange.csv,2025-12-15
DSPNEWETF,EQUAL50ADD,nse_symbolchange,symbolchange.csv,2024-02-15
DSPBANKETF,BANKETFADD,nse_symbolchange,symbolchange.csv,2024-02-15
BANKETFADD,BANKADD,nse_symbolchange,symbolchange.csv,2025-12-15
DSPQ50ETF,MIDQ50ADD,nse_symbolchange,symbolchange.csv,2024-02-15
DSPSILVETF,SILVERADD,nse_symbolchange,symbolchange.csv,2024-02-15
DSPSENXETF,SENSEXADD,nse_symbolchange,symbolchange.csv,2024-02-15
DSPGOLDETF,GOLDETFADD,nse_symbolchange,symbolchange.csv,2024-02-15
GOLDETFADD,GOLDADD,nse_symbolchange,symbolchange.csv,2025-12-15
DSPITETF,ITETFADD,nse_symbolchange,symbolchange.csv,2024-02-15
ITETFADD,ITADD,nse_symbolchange,symbolchange.csv,2025-12-15
DSPPSBKETF,PSUBANKADD,nse_symbolchange,symbolchange.csv,2024-02-15
DSPPVBKETF,PVTBANKADD,nse_symbolchange,symbolchange.csv,2024-02-15
DALMIABEL,DALMIABHA,nse_symbolchange,symbolchange.csv,2013-01-09
DALMIACEM,DALMIASUG,nse_symbolchange,symbolchange.csv,2010-09-30
SHRINATRAJ,DALMIAREF,nse_symbolchange,symbolchange.csv,2014-05-22
DATATECH,DATAMATICS,nse_symbolchange,symbolchange.csv,2009-04-20
TITANOCOMP,DENORA,nse_symbolchange,symbolchange.csv,2007-08-20
DECCANCEM,DECCANCE,nse_symbolchange,symbolchange.csv,2007-08-02
ARROWGROUP,DELTACORP,nse_symbolchange,symbolchange.csv,2008-12-11
GPELECT,DELTAMAGNT,nse_symbolchange,symbolchange.csv,2008-12-15
DEWANHOUS,DHFL,nse_symbolchange,symbolchange.csv,2012-05-22
ICFL,DHANILOANS,nse_symbolchange,symbolchange.csv,2020-09-17
IBVENTURES,DHANI,nse_symbolchange,symbolchange.csv,2020-10-28
IBVENTPP,DHANIPP,nse_symbolchange,symbolchange.csv,2020-10-28
IBSEC,IBVENTURES,nse_symbolchange,symbolchange.csv,2015-04-01
AMBEY,DHANSA,nse_symbolchange,symbolchange.csv,2026-06-01
DRL,DIRL,nse_symbolchange,symbolchange.csv,2026-01-02
DTIL,DPTL,nse_symbolchange,symbolchange.csv,2010-07-26
DPTL,DPL,nse_symbolchange,symbolchange.csv,2014-11-12
DPL,DVL,nse_symbolchange,symbolchange.csv,2019-01-02
SPICEMOBI,DIGISPICE,nse_symbolchange,symbolchange.csv,2019-08-28
SPICEMOBIL,SMOBILITY,nse_symbolchange,symbolchange.csv,2011-07-26
SMOBILITY,SPICEMOBI,nse_symbolchange,symbolchange.csv,2014-08-19
BVXL,DIGJAM,nse_symbolchange,symbolchange.csv,2008-04-28
DOLAT,DOLATALGO,nse_symbolchange,symbolchange.csv,2021-12-20
AANJANEYA,DRDATSONS,nse_symbolchange,symbolchange.csv,2013-09-02
DYNATECH,DUCON,nse_symbolchange,symbolchange.csv,2016-05-11
MUDRA,ELAND,nse_symbolchange,symbolchange.csv,2015-03-13
OBERHOTEL,EIHAHOTELS,nse_symbolchange,symbolchange.csv,2008-04-08
EMAIN,EMAPARTNER,nse_symbolchange,symbolchange.csv,2025-03-11
ESSELPACK,EPL,nse_symbolchange,symbolchange.csv,2020-10-19
ZOMATO,ETERNAL,nse_symbolchange,symbolchange.csv,2025-04-09
JD14G,ED14G,nse_symbolchange,symbolchange.csv,2016-11-28
JD14D,ED14D,nse_symbolchange,symbolchange.csv,2016-11-28
JP14D,E14D,nse_symbolchange,symbolchange.csv,2016-11-28
JP14G,E14G,nse_symbolchange,symbolchange.csv,2016-11-28
JD20D,ED20D,nse_symbolchange,symbolchange.csv,2016-11-28
JD20G,ED20G,nse_symbolchange,symbolchange.csv,2016-11-28
JP20D,E20D,nse_symbolchange,symbolchange.csv,2016-11-28
JP20G,E20G,nse_symbolchange,symbolchange.csv,2016-11-28
JD35G,ED35G,nse_symbolchange,symbolchange.csv,2016-11-28
JP35D,E35D,nse_symbolchange,symbolchange.csv,2016-11-28
JP35G,E35G,nse_symbolchange,symbolchange.csv,2016-11-28
JD37G,ED37G,nse_symbolchange,symbolchange.csv,2016-11-28
JP37D,E37D,nse_symbolchange,symbolchange.csv,2016-11-28
JP37G,E37G,nse_symbolchange,symbolchange.csv,2016-11-28
JD38G,ED38G,nse_symbolchange,symbolchange.csv,2016-11-28
JP38D,E38D,nse_symbolchange,symbolchange.csv,2016-11-28
JP38G,E38G,nse_symbolchange,symbolchange.csv,2016-11-28
JD40G,ED40G,nse_symbolchange,symbolchange.csv,2016-11-28
JP40D,E40D,nse_symbolchange,symbolchange.csv,2016-11-28
JP40G,E40G,nse_symbolchange,symbolchange.csv,2016-11-28
J502D,E502D,nse_symbolchange,symbolchange.csv,2016-11-28
J502G,E502G,nse_symbolchange,symbolchange.csv,2016-11-28
J501D,E501D,nse_symbolchange,symbolchange.csv,2016-11-28
J501G,E501G,nse_symbolchange,symbolchange.csv,2016-11-28
ELECONENGG,ELECON,nse_symbolchange,symbolchange.csv,2006-09-29
ELGITYRE,ELGIRUBBER,nse_symbolchange,symbolchange.csv,2008-12-22
EMAMIINFRA,EMAMIREAL,nse_symbolchange,symbolchange.csv,2018-11-15
IBREALEST,EMBDL,nse_symbolchange,symbolchange.csv,2024-07-08
INDUJENERT,ENTEGRA,nse_symbolchange,symbolchange.csv,2007-04-25
INDOASIFU,EONELECT,nse_symbolchange,symbolchange.csv,2011-08-18
MFL,EPIGRAL,nse_symbolchange,symbolchange.csv,2023-09-11
PROINDIA,EQUIPPP,nse_symbolchange,symbolchange.csv,2021-11-30
ERACONS,ERAINFRA,nse_symbolchange,symbolchange.csv,2008-02-25
ETERNEVRST,EVERESTIND,nse_symbolchange,symbolchange.csv,2005-05-27
EXCELINFO,EXCEL,nse_symbolchange,symbolchange.csv,2015-05-05
CHLORIDIND,EXIDEIND,nse_symbolchange,symbolchange.csv,2005-09-12
THINKSOFT,SQSBFSI,nse_symbolchange,symbolchange.csv,2014-09-30
SQSBFSI,EXPLEOSOL,nse_symbolchange,symbolchange.csv,2019-05-02
BAJAJTEMPO,FORCEMOT,nse_symbolchange,symbolchange.csv,2019-08-19
SHRINGAR,FAME,nse_symbolchange,symbolchange.csv,2008-02-25
FEDDERLOYD,FEDDERELEC,nse_symbolchange,symbolchange.csv,2017-06-13
GOETZEIND,FMGOETZE,nse_symbolchange,symbolchange.csv,2006-09-12
FIFMPS6FD,LTFMPS6FD,nse_symbolchange,symbolchange.csv,2013-01-14
HUGHESSOFT,FSS,nse_symbolchange,symbolchange.csv,2005-03-17
DABURPHARM,FKONCO,nse_symbolchange,symbolchange.csv,2009-02-19
FCEL,FCONSUMER,nse_symbolchange,symbolchange.csv,2016-10-25
FVIL,FCEL,nse_symbolchange,symbolchange.csv,2013-10-17
FRL,FEL,nse_symbolchange,symbolchange.csv,2016-05-13
FRLDVR,FELDVR,nse_symbolchange,symbolchange.csv,2016-05-13
PANTALOONR,FRL,nse_symbolchange,symbolchange.csv,2013-04-11
PRETAILDVR,FRLDVR,nse_symbolchange,symbolchange.csv,2013-04-11
AGRE,FMNL,nse_symbolchange,symbolchange.csv,2012-03-06
KEERTI,GTECJAINX,nse_symbolchange,symbolchange.csv,2023-09-12
STAMPEDE,GATECH,nse_symbolchange,symbolchange.csv,2023-07-14
SCAPDVR,GATECHDVR,nse_symbolchange,symbolchange.csv,2023-08-08
GANESHHOUC,GANESHHOU,nse_symbolchange,symbolchange.csv,2025-09-15
MIL,GBGLOBAL,nse_symbolchange,symbolchange.csv,2019-09-09
GEPIL,GVPIL,nse_symbolchange,symbolchange.csv,2025-08-28
ABBALPO,APIL,nse_symbolchange,symbolchange.csv,2003-05-19
AIL,GEPIL,nse_symbolchange,symbolchange.csv,2016-09-14
APIL,AIL,nse_symbolchange,symbolchange.csv,2012-07-11
GECALSTHOM,AREVA,nse_symbolchange,symbolchange.csv,2008-06-30
ALSTOMT&D,GET&D,nse_symbolchange,symbolchange.csv,2016-09-14
AREVA,AREVAT&D,nse_symbolchange,symbolchange.csv,2008-07-14
AREVAT&D,ALSTOMT&D,nse_symbolchange,symbolchange.csv,2012-03-12
GET&D,GVT&D,nse_symbolchange,symbolchange.csv,2024-11-05
GUJFLUORO,GFLLIMITED,nse_symbolchange,symbolchange.csv,2019-07-25
GMRINFRA,GMRAIRPORT,nse_symbolchange,symbolchange.csv,2024-12-11
GMRVASAVI,GMRINDSTRS,nse_symbolchange,symbolchange.csv,2006-04-28
GULFCORP,GOCLCORP,nse_symbolchange,symbolchange.csv,2015-11-10
SAHPETRO,GULFPETRO,nse_symbolchange,symbolchange.csv,2015-05-06
NOVA,GSLNOVA,nse_symbolchange,symbolchange.csv,2009-12-18
GSSAMERICA,GSS,nse_symbolchange,symbolchange.csv,2011-08-24
GLOBALTELE,GTL,nse_symbolchange,symbolchange.csv,2005-01-14
GTNTEXT,GTNIND,nse_symbolchange,symbolchange.csv,2006-02-24
GUJGASLTD,GUJENERGY,nse_symbolchange,symbolchange.csv,2026-07-01
4THDIM,GVPTECH,nse_symbolchange,symbolchange.csv,2023-07-31
GANHSGFIN,GANESHHOUC,nse_symbolchange,symbolchange.csv,2007-03-02
GARWALLROP,GARFIBRES,nse_symbolchange,symbolchange.csv,2018-08-13
GWALCHEM,GEECEE,nse_symbolchange,symbolchange.csv,2010-03-05
GENUSOVERE,GENUSPOWER,nse_symbolchange,symbolchange.csv,2008-01-14
GEOINFO,GEODESIC,nse_symbolchange,symbolchange.csv,2008-10-06
GEOJIT,GEOJITBNPP,nse_symbolchange,symbolchange.csv,2009-06-05
GEOJITBNPP,GEOJITFSL,nse_symbolchange,symbolchange.csv,2017-03-02
INDSHAVING,GILLETTE,nse_symbolchange,symbolchange.csv,2006-04-04
SMITKLBECH,GSKCONS,nse_symbolchange,symbolchange.csv,2003-07-29
GARWOFFS,GLOBOFFS,nse_symbolchange,symbolchange.csv,2011-06-07
PARADYNE,GLODYNE,nse_symbolchange,symbolchange.csv,2007-11-19
GTCIND,GOLDENTOBC,nse_symbolchange,symbolchange.csv,2008-09-29
SONAHISONA,GOLDKART,nse_symbolchange,symbolchange.csv,2023-12-01
692MH2039,692GS2039,nse_symbolchange,symbolchange.csv,2024-11-25
620MH2029,620GS2029,nse_symbolchange,symbolchange.csv,2026-08-18
657MH2033,657GS2033A,nse_symbolchange,symbolchange.csv,2026-08-18
CARBEVFLOW,GRAPHITE,nse_symbolchange,symbolchange.csv,2003-01-13
GREAVES,GREAVESCOT,nse_symbolchange,symbolchange.csv,2004-09-09
MITTALLAMI,GREENPLY,nse_symbolchange,symbolchange.csv,2004-12-09
GROWEV,GROWWEV,nse_symbolchange,symbolchange.csv,2024-08-23
GUJAPOLIND,GUJAPOLLO,nse_symbolchange,symbolchange.csv,2007-07-06
GUJAPOLEQP,GUJAPOLIND,nse_symbolchange,symbolchange.csv,2007-06-04
IDLCHEM,GULFOILCOR,nse_symbolchange,symbolchange.csv,2007-11-08
SMSLIFE,HALEOSLABS,nse_symbolchange,symbolchange.csv,2025-11-26
HBLPOWER,HBLENGINE,nse_symbolchange,symbolchange.csv,2024-12-23
HCL-HP,HCL-INSYS,nse_symbolchange,symbolchange.csv,2000-04-12
HDFCSENETF,HDFCSENSEX,nse_symbolchange,symbolchange.csv,2023-06-16
HDFCMFGETF,HDFCGOLD,nse_symbolchange,symbolchange.csv,2023-06-16
HDFCNIFETF,HDFCNIFTY,nse_symbolchange,symbolchange.csv,2023-06-16
HBANKETF,HDFCNIFBAN,nse_symbolchange,symbolchange.csv,2023-06-16
HYDRBADIND,HIL,nse_symbolchange,symbolchange.csv,2012-10-26
HOTELEELA,HLVLTD,nse_symbolchange,symbolchange.csv,2020-01-08
INVSTSMART,HINVDIR,nse_symbolchange,symbolchange.csv,2009-09-07
HINDSANIT,HSIL,nse_symbolchange,symbolchange.csv,2009-04-27
HSIL,AGI,nse_symbolchange,symbolchange.csv,2022-05-11
HOVS,HGM,nse_symbolchange,symbolchange.csv,2025-09-03
TMRVL,HEADSUP,nse_symbolchange,symbolchange.csv,2022-07-18
SASTASUNDR,HEALTHX,nse_symbolchange,symbolchange.csv,2026-04-30
MYSORECEM,HEIDELBERG,nse_symbolchange,symbolchange.csv,2009-05-15
HEROHONDA,HEROMOTOCO,nse_symbolchange,symbolchange.csv,2011-08-08
HCIL,HSCL,nse_symbolchange,symbolchange.csv,2016-08-16
HIMADCHEM,HCIL,nse_symbolchange,symbolchange.csv,2007-03-02
HINDALC0,HINDALCO,nse_symbolchange,symbolchange.csv,2007-08-27
ENNOREFO,HINDUJAFO,nse_symbolchange,symbolchange.csv,2008-03-24
HGSL,HGS,nse_symbolchange,symbolchange.csv,2011-11-30
HTMTGLOBAL,HGSL,nse_symbolchange,symbolchange.csv,2009-01-23
HINDUJAFIN,HTMT,nse_symbolchange,symbolchange.csv,2003-01-13
HINDCONS,HCC,nse_symbolchange,symbolchange.csv,2006-07-10
HINDLEVER,HINDUNILVR,nse_symbolchange,symbolchange.csv,2007-07-19
SHIL,HINDWAREAP,nse_symbolchange,symbolchange.csv,2022-06-21
HITECHPLAS,HITECHCORP,nse_symbolchange,symbolchange.csv,2017-05-23
SHRMHONDA,HONDAPOWER,nse_symbolchange,symbolchange.csv,2006-04-04
TATAHONEY,HONAUT,nse_symbolchange,symbolchange.csv,2005-03-24
AKRUTI,ACKRUTI,nse_symbolchange,symbolchange.csv,2009-06-30
ACKRUTI,HUBTOWN,nse_symbolchange,symbolchange.csv,2011-11-15
PAPERPROD,HUHTAMAKI,nse_symbolchange,symbolchange.csv,2020-11-26
ICICIFMCG,FMCGIETF,nse_symbolchange,symbolchange.csv,2023-12-20
ICICIPHARM,HEALTHIETF,nse_symbolchange,symbolchange.csv,2023-12-20
ICICITECH,ITIETF,nse_symbolchange,symbolchange.csv,2023-12-20
ICICIM150,MIDCAPIETF,nse_symbolchange,symbolchange.csv,2023-12-20
ICICI10GS,GSEC10IETF,nse_symbolchange,symbolchange.csv,2023-12-20
ICICI500,BSE500IETF,nse_symbolchange,symbolchange.csv,2023-12-20
ICICILIQ,LIQUIDIETF,nse_symbolchange,symbolchange.csv,2023-12-20
IPRU5008,ICICIBANKN,nse_symbolchange,symbolchange.csv,2019-07-19
IGOLD,GOLDIWIN,nse_symbolchange,symbolchange.csv,2016-07-25
GOLDIWIN,ICICIGOLD,nse_symbolchange,symbolchange.csv,2018-04-10
IPGETF,IGOLD,nse_symbolchange,symbolchange.csv,2014-05-05
IPRU8112,IPRU8122,nse_symbolchange,symbolchange.csv,2013-12-16
ICICIQTY30,QUAL30IETF,nse_symbolchange,symbolchange.csv,2023-12-20
IMIDCAP,MIDCAPIWIN,nse_symbolchange,symbolchange.csv,2016-07-25
MIDCAPIWIN,ICICIMCAP,nse_symbolchange,symbolchange.csv,2018-04-10
ICICIMOM30,MOM30IETF,nse_symbolchange,symbolchange.csv,2023-12-20
BHARATIWIN,ICICIB22,nse_symbolchange,symbolchange.csv,2018-04-19
ICICIFIN,FINIETF,nse_symbolchange,symbolchange.csv,2023-12-20
ICICIAUTO,AUTOIETF,nse_symbolchange,symbolchange.csv,2023-12-20
ICICICOMMO,COMMOIETF,nse_symbolchange,symbolchange.csv,2023-12-20
ICICINXT50,NEXT50IETF,nse_symbolchange,symbolchange.csv,2023-12-20
PSUBANKICI,PSUBNKIETF,nse_symbolchange,symbolchange.csv,2023-12-20
ICICISILVE,SILVERIETF,nse_symbolchange,symbolchange.csv,2023-12-20
ICICIINFRA,INFRAIETF,nse_symbolchange,symbolchange.csv,2023-12-20
INV20,NV20IWIN,nse_symbolchange,symbolchange.csv,2016-07-25
NV20IWIN,ICICINV20,nse_symbolchange,symbolchange.csv,2018-04-10
ICNX100,NIF100IWIN,nse_symbolchange,symbolchange.csv,2016-07-25
NIF100IWIN,ICICINF100,nse_symbolchange,symbolchange.csv,2018-04-10
ICCNX100,ICNX100,nse_symbolchange,symbolchange.csv,2014-05-05
ICICI5GSEC,GSEC5IETF,nse_symbolchange,symbolchange.csv,2023-12-20
ICICIALPLV,ALPL30IETF,nse_symbolchange,symbolchange.csv,2023-12-20
INIFTY,NIFTYIWIN,nse_symbolchange,symbolchange.csv,2016-07-25
NIFTYIWIN,ICICINIFTY,nse_symbolchange,symbolchange.csv,2018-04-10
NIFETF,INIFTY,nse_symbolchange,symbolchange.csv,2014-05-05
ICICICONSU,CONSUMIETF,nse_symbolchange,symbolchange.csv,2023-12-20
LOWVOLIWIN,ICICILOVOL,nse_symbolchange,symbolchange.csv,2018-04-10
ICICIBANKP,PVTBANIETF,nse_symbolchange,symbolchange.csv,2023-12-20
ISENSEX,SENSEXIWIN,nse_symbolchange,symbolchange.csv,2016-07-25
SPICE,ISENSEX,nse_symbolchange,symbolchange.csv,2014-08-18
SENSEXIWIN,ICICISENSX,nse_symbolchange,symbolchange.csv,2018-04-10
IDFCBANK,IDFCFIRSTB,nse_symbolchange,symbolchange.csv,2019-01-16
IGPETRO,IGPL,nse_symbolchange,symbolchange.csv,2007-01-29
IIFLSEC,IIFLCAPS,nse_symbolchange,symbolchange.csv,2024-12-03
INDIAINFO,IIFL,nse_symbolchange,symbolchange.csv,2014-03-13
MAYTASINFR,IL&FSENGG,nse_symbolchange,symbolchange.csv,2011-02-08
ILFSTRANS,IL&FSTRANS,nse_symbolchange,symbolchange.csv,2010-04-16
ADHUNIKIND,INCREDIBLE,nse_symbolchange,symbolchange.csv,2021-05-20
LANABS,INEABS,nse_symbolchange,symbolchange.csv,2008-07-21
INEABS,STYABS,nse_symbolchange,symbolchange.csv,2012-06-20
ABSIND,LANABS,nse_symbolchange,symbolchange.csv,2005-06-14
STYABS,INEOSSTYRO,nse_symbolchange,symbolchange.csv,2016-04-04
VYSYABANK,INGVYSYABK,nse_symbolchange,symbolchange.csv,2005-08-16
IOLB,IOLN,nse_symbolchange,symbolchange.csv,2008-02-18
TRAFALHSE,ITDCEM,nse_symbolchange,symbolchange.csv,2005-08-16
IVRPRIME,IVRCLAH,nse_symbolchange,symbolchange.csv,2010-04-13
LOGIXMICRO,IZMO,nse_symbolchange,symbolchange.csv,2015-05-15
CGIGARSH,IGARASHI,nse_symbolchange,symbolchange.csv,2005-04-21
ADLABS,IMAGICAA,nse_symbolchange,symbolchange.csv,2020-04-22
INDBANKMER,INDBANK,nse_symbolchange,symbolchange.csv,2008-10-08
IIISL,IIFLFIN,nse_symbolchange,symbolchange.csv,2012-08-27
955ICCL26,955SFIL26,nse_symbolchange,symbolchange.csv,2025-12-26
980ICCL29,980SFIL29,nse_symbolchange,symbolchange.csv,2025-12-26
YAARI,IBULLSLTD,nse_symbolchange,symbolchange.csv,2025-11-10
INDOCOUNT,ICIL,nse_symbolchange,symbolchange.csv,2005-09-12
INDOSOLAR,WAAREEINDO,nse_symbolchange,symbolchange.csv,2025-06-17
BHINVIT,INDUSINVIT,nse_symbolchange,symbolchange.csv,2025-01-23
INFRATEL,INDUSTOWER,nse_symbolchange,symbolchange.csv,2020-12-18
TATAPRESS,TATAINFO,nse_symbolchange,symbolchange.csv,2003-09-17
INFOSYSTCH,INFY,nse_symbolchange,symbolchange.csv,2011-06-29
IILTD,INSECTICID,nse_symbolchange,symbolchange.csv,2009-05-11
AFL,INSPIRISYS,nse_symbolchange,symbolchange.csv,2018-10-12
INDINFR,INTERISE,nse_symbolchange,symbolchange.csv,2024-11-12
RELIGAREGO,IVZINGOLD,nse_symbolchange,symbolchange.csv,2016-06-23
RELGRNIFTY,IVZINNIFTY,nse_symbolchange,symbolchange.csv,2016-06-23
RIMFAI1BDG,IVZINA1BDG,nse_symbolchange,symbolchange.csv,2016-06-23
RIMFAI1BRG,IVZINA1BRG,nse_symbolchange,symbolchange.csv,2016-06-23
JBMAUTOCOM,JBMA,nse_symbolchange,symbolchange.csv,2006-01-04
JAYSYNTDYE,JDORGO,nse_symbolchange,symbolchange.csv,2004-09-13
AKZOINDIA,JSWDULUX,nse_symbolchange,symbolchange.csv,2026-04-15
JINDALSWHL,JSWHL,nse_symbolchange,symbolchange.csv,2013-07-30
ISPATIND,JSWISPAT,nse_symbolchange,symbolchange.csv,2011-08-16
AIONJSW,JSWISPL,nse_symbolchange,symbolchange.csv,2020-10-12
JSWSTL,JSWSTEEL,nse_symbolchange,symbolchange.csv,2005-09-16
JTLINFRA,JTLIND,nse_symbolchange,symbolchange.csv,2022-11-21
BALASPONGE,JAIBALAJI,nse_symbolchange,symbolchange.csv,2007-08-10
JPHYDRO,JPPOWER,nse_symbolchange,symbolchange.csv,2010-01-08
NAGPURENG,JAYNECOIND,nse_symbolchange,symbolchange.csv,2008-02-22
SAWPIPES,JINDALSAW,nse_symbolchange,symbolchange.csv,2005-02-18
JSTAINLESS,JSL,nse_symbolchange,symbolchange.csv,2008-10-23
HITACHIHOM,JCHAC,nse_symbolchange,symbolchange.csv,2016-09-12
AMTREXAPPL,HITACHIHOM,nse_symbolchange,symbolchange.csv,2006-04-04
SONASTEER,JTEKTINDIA,nse_symbolchange,symbolchange.csv,2018-04-23
JACPL,JUBLCPL,nse_symbolchange,symbolchange.csv,2025-07-03
VAMORGANIC,JUBILANT,nse_symbolchange,symbolchange.csv,2003-09-30
JUBILANT,JUBLPHARMA,nse_symbolchange,symbolchange.csv,2021-02-12
CEBBCO,JWL,nse_symbolchange,symbolchange.csv,2022-06-20
KARDA,KBCGLOBAL,nse_symbolchange,symbolchange.csv,2021-12-16
MANBRO,KDGREEN,nse_symbolchange,symbolchange.csv,2026-09-03
KPIGLOBAL,KPIGREEN,nse_symbolchange,symbolchange.csv,2022-04-27
KSERAPRO,KSERASERA,nse_symbolchange,symbolchange.csv,2011-03-07
KALPATPOWR,KPIL,nse_symbolchange,symbolchange.csv,2023-06-06
KALYANISTL,KALSTEELS,nse_symbolchange,symbolchange.csv,2008-10-21
KIL,KAMDHENU,nse_symbolchange,symbolchange.csv,2016-03-18
GOODLASNER,KANSAINER,nse_symbolchange,symbolchange.csv,2006-07-26
KNL,KGL,nse_symbolchange,symbolchange.csv,2008-11-20
KAVVERITEL,KAVDEFENCE,nse_symbolchange,symbolchange.csv,2025-06-23
WIDIA,KENNAMET,nse_symbolchange,symbolchange.csv,2019-08-19
KESARENTER,KESARENT,nse_symbolchange,symbolchange.csv,2007-01-02
KEYCORPSER,KEYFINSERV,nse_symbolchange,symbolchange.csv,2019-05-03
KINHONDA,KINETICMOT,nse_symbolchange,symbolchange.csv,2004-09-20
AIRDECCAN,KFA,nse_symbolchange,symbolchange.csv,2008-10-06
KIRIDYES,KIRIINDUS,nse_symbolchange,symbolchange.csv,2011-03-28
KIRELECTRI,KECL,nse_symbolchange,symbolchange.csv,2010-03-09
SATNAMOVER,KOHINOOR,nse_symbolchange,symbolchange.csv,2006-08-18
CAMLIN,KOKUYOCMLN,nse_symbolchange,symbolchange.csv,2012-02-14
KOTAKMAH,KOTAKBANK,nse_symbolchange,symbolchange.csv,2003-04-21
KTKNV20ETF,KOTAKNV20,nse_symbolchange,symbolchange.csv,2015-12-21
KOTAKLIQ,LIQUID1,nse_symbolchange,symbolchange.csv,2024-03-20
KOTAKALPHA,ALPHA,nse_symbolchange,symbolchange.csv,2024-03-20
KOTAKMNC,MNC,nse_symbolchange,symbolchange.csv,2024-03-20
QUALITY,QUALITY30,nse_symbolchange,symbolchange.csv,2025-07-18
KOTAKSILVE,SILVER1,nse_symbolchange,symbolchange.csv,2024-04-16
KOTAKGOLD,GOLD1,nse_symbolchange,symbolchange.csv,2024-04-16
KOTAKLOVOL,LOWVOL1,nse_symbolchange,symbolchange.csv,2024-03-20
KOTAKNIFTY,NIFTY1,nse_symbolchange,symbolchange.csv,2024-03-20
KOTAKBKETF,BANKNIFTY1,nse_symbolchange,symbolchange.csv,2024-03-20
KOTAKIT,IT,nse_symbolchange,symbolchange.csv,2024-03-20
KOTAKCONS,CONS,nse_symbolchange,symbolchange.csv,2024-03-20
KOTAKMID50,MIDCAP,nse_symbolchange,symbolchange.csv,2024-03-20
KOTAKPSUBK,PSUBANK,nse_symbolchange,symbolchange.csv,2024-03-20
KSBPUMPS,KSB,nse_symbolchange,symbolchange.csv,2018-10-23
EASTSUGIND,KUNDANMM,nse_symbolchange,symbolchange.csv,2024-10-09
L&TFH,LTF,nse_symbolchange,symbolchange.csv,2024-04-23
FIFMPS6FG,LTFMPS6FG,nse_symbolchange,symbolchange.csv,2013-01-14
FIFMPS6EG,LTFMPS6EG,nse_symbolchange,symbolchange.csv,2013-01-14
FIFMPS6ED,LTFMPS6ED,nse_symbolchange,symbolchange.csv,2013-01-14
LEAP,LEAPIND,nse_symbolchange,symbolchange.csv,2026-08-21
LLOYDELENG,LEEL,nse_symbolchange,symbolchange.csv,2017-06-19
LICNFENGP,LICNETFN50,nse_symbolchange,symbolchange.csv,2015-12-30
LICNMFET,LICNETFGSC,nse_symbolchange,symbolchange.csv,2015-12-30
IDBIGOLD,LICMFGOLD,nse_symbolchange,symbolchange.csv,2023-07-31
LICNFESGP,LICNETFSEN,nse_symbolchange,symbolchange.csv,2015-12-30
LSIL,LLOYDSENGG,nse_symbolchange,symbolchange.csv,2023-10-16
LAXMIMACH,LMW,nse_symbolchange,symbolchange.csv,2024-10-10
DAAWAT,LTFOODS,nse_symbolchange,symbolchange.csv,2023-11-06
LTI,LTIM,nse_symbolchange,symbolchange.csv,2022-12-05
LTIM,LTM,nse_symbolchange,symbolchange.csv,2026-02-27
EXCEL,LANDSMILL,nse_symbolchange,symbolchange.csv,2026-04-02
LINCPEN,LINC,nse_symbolchange,symbolchange.csv,2021-12-20
IOL,BOC,nse_symbolchange,symbolchange.csv,2005-03-10
BOC,LINDEINDIA,nse_symbolchange,symbolchange.csv,2013-04-10
PARRYSCON,LOTTEINDIA,nse_symbolchange,symbolchange.csv,2004-12-17
MAESGETF,ESG,nse_symbolchange,symbolchange.csv,2023-09-01
MMFORGINGS,MMFL,nse_symbolchange,symbolchange.csv,2006-12-20
MODISNME,MODISONLTD,nse_symbolchange,symbolchange.csv,2022-08-16
MACMILLAN,MPSLTD,nse_symbolchange,symbolchange.csv,2009-09-11
MANALU,MAANALU,nse_symbolchange,symbolchange.csv,2011-03-16
COATVIYELA,MADURACOAT,nse_symbolchange,symbolchange.csv,2002-11-29
MAHINDFORG,MAHINDCIE,nse_symbolchange,symbolchange.csv,2013-12-17
GESCOCORP,MAHLIFE,nse_symbolchange,symbolchange.csv,2007-11-23
MANALUMN,MANINDS,nse_symbolchange,symbolchange.csv,2005-06-24
MARICOIND,MARICO,nse_symbolchange,symbolchange.csv,2005-06-14
TASCPHARMA,MARKSANS,nse_symbolchange,symbolchange.csv,2005-11-14
MAX,MFSL,nse_symbolchange,symbolchange.csv,2016-02-26
MLL,MERCATOR,nse_symbolchange,symbolchange.csv,2011-12-08
AHMEDFORGE,METALFORGE,nse_symbolchange,symbolchange.csv,2015-06-01
GMRFER,CRONIMET,nse_symbolchange,symbolchange.csv,2010-06-02
CRONIMET,METKORE,nse_symbolchange,symbolchange.csv,2012-04-02
HINDINKS,MICRO,nse_symbolchange,symbolchange.csv,2004-03-26
MANXT50,NEXT50,nse_symbolchange,symbolchange.csv,2023-09-01
MAGOLDETF,GOLDETF,nse_symbolchange,symbolchange.csv,2023-09-01
MANV30F,LOWVOL,nse_symbolchange,symbolchange.csv,2023-09-01
MAN50ETF,NIFTYETF,nse_symbolchange,symbolchange.csv,2023-09-01
MAGS813ETF,GSEC10YEAR,nse_symbolchange,symbolchange.csv,2023-09-01
MAFSETF,BFSI,nse_symbolchange,symbolchange.csv,2023-09-01
MAMFGETF,MAKEINDIA,nse_symbolchange,symbolchange.csv,2023-09-01
MAM150ETF,MIDCAPETF,nse_symbolchange,symbolchange.csv,2023-09-01
SILVRETF,SILVERAG,nse_symbolchange,symbolchange.csv,2025-09-15
MASILVER,SILVRETF,nse_symbolchange,symbolchange.csv,2023-09-01
MIRZATAN,MIRZAINT,nse_symbolchange,symbolchange.csv,2006-07-05
MOHOTAMILL,MOHOTAIND,nse_symbolchange,symbolchange.csv,2017-12-26
RAIREKMOH,MOHOTAMILL,nse_symbolchange,symbolchange.csv,2017-08-01
G5,MOGSEC,nse_symbolchange,symbolchange.csv,2021-06-16
M100,MOM100,nse_symbolchange,symbolchange.csv,2021-06-16
M50,MOM50,nse_symbolchange,symbolchange.csv,2021-06-16
N100,MON100,nse_symbolchange,symbolchange.csv,2021-06-16
MPHASISBFL,MPHASIS,nse_symbolchange,symbolchange.csv,2006-12-26
BFLSOFTWAR,MPHASISBFL,nse_symbolchange,symbolchange.csv,2004-06-15
NAGAAGRI,NACLIND,nse_symbolchange,symbolchange.csv,2017-09-29
NAVBARFERO,NBVENTURES,nse_symbolchange,symbolchange.csv,2006-07-31
NBVENTURES,NAVA,nse_symbolchange,symbolchange.csv,2022-07-29
NAGARCONST,NCC,nse_symbolchange,symbolchange.csv,2011-03-15
NXTDIGITAL,NDLVENTURE,nse_symbolchange,symbolchange.csv,2023-05-09
RELCONS,NETFCONSUM,nse_symbolchange,symbolchange.csv,2019-10-30
NETFCONSUM,CONSUMBEES,nse_symbolchange,symbolchange.csv,2022-05-10
RRSLGETF,NETFLTGILT,nse_symbolchange,symbolchange.csv,2016-07-08
RELCNX100,NETFNIF100,nse_symbolchange,symbolchange.csv,2019-10-30
NETFNIF100,NIF100BEES,nse_symbolchange,symbolchange.csv,2022-05-10
RETFMID150,NETFMID150,nse_symbolchange,symbolchange.csv,2019-10-30
NETFMID150,MID150BEES,nse_symbolchange,symbolchange.csv,2022-05-10
RELNV20,NETFNV20,nse_symbolchange,symbolchange.csv,2015-06-22
NETFNV20,NV20BEES,nse_symbolchange,symbolchange.csv,2022-05-10
RDAIIIADG,NDAIIIADG,nse_symbolchange,symbolchange.csv,2019-10-30
RDAIIIARD,NDAIIIARD,nse_symbolchange,symbolchange.csv,2019-10-30
RDAIIIARG,NDAIIIARG,nse_symbolchange,symbolchange.csv,2019-10-30
RDAIXDDD,NDAIXDDD,nse_symbolchange,symbolchange.csv,2019-10-30
RDAIXDDG,NDAIXDDG,nse_symbolchange,symbolchange.csv,2019-10-30
RDAIXDD,NDAIXDD,nse_symbolchange,symbolchange.csv,2019-10-30
RDAIXDG,NDAIXDG,nse_symbolchange,symbolchange.csv,2019-10-30
RDAIXEDDD,NDAIXEDDD,nse_symbolchange,symbolchange.csv,2019-10-30
RDAIXEDDG,NDAIXEDDG,nse_symbolchange,symbolchange.csv,2019-10-30
RDAIXEDD,NDAIXEDD,nse_symbolchange,symbolchange.csv,2019-10-30
RDAIXEDG,NDAIXEDG,nse_symbolchange,symbolchange.csv,2019-10-30
RDAIXFDDD,NDAIXFDDD,nse_symbolchange,symbolchange.csv,2019-10-30
RDAIXFDDG,NDAIXFDDG,nse_symbolchange,symbolchange.csv,2019-10-30
RDAIXFDD,NDAIXFDD,nse_symbolchange,symbolchange.csv,2019-10-30
RDAIXFDG,NDAIXFDG,nse_symbolchange,symbolchange.csv,2019-10-30
RDAVIIPCDG,NDAVIIPCDG,nse_symbolchange,symbolchange.csv,2019-10-30
RDAVIIPDDD,NDAVIIPDDD,nse_symbolchange,symbolchange.csv,2019-10-30
RDAVIIPDDG,NDAVIIPDDG,nse_symbolchange,symbolchange.csv,2019-10-30
RDAVIIPDD,NDAVIIPDD,nse_symbolchange,symbolchange.csv,2019-10-30
RDAVIIPDG,NDAVIIPDG,nse_symbolchange,symbolchange.csv,2019-10-30
RDAFVIIICX,NDAFVIIICX,nse_symbolchange,symbolchange.csv,2019-10-30
RDAFVIIICD,NDAFVIIICD,nse_symbolchange,symbolchange.csv,2019-10-30
RDAXADDD,NDAXADDD,nse_symbolchange,symbolchange.csv,2019-10-30
RDAXADDG,NDAXADDG,nse_symbolchange,symbolchange.csv,2019-10-30
RDAXADD,NDAXADD,nse_symbolchange,symbolchange.csv,2019-10-30
RDAXADG,NDAXADG,nse_symbolchange,symbolchange.csv,2019-10-30
RDAXDDDD,NDAXDDDD,nse_symbolchange,symbolchange.csv,2019-10-30
RDAXDDDG,NDAXDDDG,nse_symbolchange,symbolchange.csv,2019-10-30
RDAXDDD,NDAXDDD,nse_symbolchange,symbolchange.csv,2019-10-30
RDAXDDG,NDAXDDG,nse_symbolchange,symbolchange.csv,2019-10-30
RDAFTVCDG,NDAFTVCDG,nse_symbolchange,symbolchange.csv,2019-10-30
RDAFTFVCD,NDAFTFVCD,nse_symbolchange,symbolchange.csv,2019-10-30
RDAFTFVCG,NDAFTFVCG,nse_symbolchange,symbolchange.csv,2019-10-30
RDAXICDDD,NDAXICDDD,nse_symbolchange,symbolchange.csv,2019-10-30
RDAXICDDG,NDAXICDDG,nse_symbolchange,symbolchange.csv,2019-10-30
RDAXICDD,NDAXICDD,nse_symbolchange,symbolchange.csv,2019-10-30
RDAXICDG,NDAXICDG,nse_symbolchange,symbolchange.csv,2019-10-30
RMFINAIDR1,NMFINAIDR1,nse_symbolchange,symbolchange.csv,2019-10-30
RMFINQADP1,NMFINQADP1,nse_symbolchange,symbolchange.csv,2019-10-30
RMFINQRAG1,NMFINQRAG1,nse_symbolchange,symbolchange.csv,2019-10-30
RDAXBDG,NDAXBDG,nse_symbolchange,symbolchange.csv,2019-10-30
RDAXBDD,NDAXBDD,nse_symbolchange,symbolchange.csv,2019-10-30
RDAXBDDD,NDAXBDDD,nse_symbolchange,symbolchange.csv,2019-10-30
RDAXCDG,NDAXCDG,nse_symbolchange,symbolchange.csv,2019-10-30
RDAXCDD,NDAXCDD,nse_symbolchange,symbolchange.csv,2019-10-30
RDAXBDDG,NDAXBDDG,nse_symbolchange,symbolchange.csv,2019-10-30
RDAXCDDG,NDAXCDDG,nse_symbolchange,symbolchange.csv,2019-10-30
RDAXCDDD,NDAXCDDD,nse_symbolchange,symbolchange.csv,2019-10-30
RDAFTFIVCD,NDAFTFIVCD,nse_symbolchange,symbolchange.csv,2019-10-30
RDAFTIVCDD,NDAFTIVCDD,nse_symbolchange,symbolchange.csv,2019-10-30
RDAFTIVCDG,NDAFTIVCDG,nse_symbolchange,symbolchange.csv,2019-10-30
RDAFTFIVCG,NDAFTFIVCG,nse_symbolchange,symbolchange.csv,2019-10-30
RDAFTIIPGD,NDAFTIIPGD,nse_symbolchange,symbolchange.csv,2019-10-30
RDAFTIIPGG,NDAFTIIPGG,nse_symbolchange,symbolchange.csv,2019-10-30
RDAXIADG,NDAXIADG,nse_symbolchange,symbolchange.csv,2019-10-30
RDAXIDDDD,NDAXIDDDD,nse_symbolchange,symbolchange.csv,2019-10-30
RDAXIDDDG,NDAXIDDDG,nse_symbolchange,symbolchange.csv,2019-10-30
RDAXIDDG,NDAXIDDG,nse_symbolchange,symbolchange.csv,2019-10-30
RDAXIIADDD,NDAXIIADDD,nse_symbolchange,symbolchange.csv,2019-10-30
RDAFDVHDR,NDAFDVHDR,nse_symbolchange,symbolchange.csv,2019-10-30
RDAFDVHGR,NDAFDVHGR,nse_symbolchange,symbolchange.csv,2019-10-30
RDAFTVHDR,NDAFTVHDR,nse_symbolchange,symbolchange.csv,2019-10-30
RDAFTVHGR,NDAFTVHGR,nse_symbolchange,symbolchange.csv,2019-10-30
RDAXIADDD,NDAXIADDD,nse_symbolchange,symbolchange.csv,2019-10-30
RDAXIADDG,NDAXIADDG,nse_symbolchange,symbolchange.csv,2019-10-30
RDAXIADD,NDAXIADD,nse_symbolchange,symbolchange.csv,2019-10-30
RDAXFDDD,NDAXFDDD,nse_symbolchange,symbolchange.csv,2019-10-30
RDAXFDD,NDAXFDD,nse_symbolchange,symbolchange.csv,2019-10-30
RDAXIEDG,NDAXIEDG,nse_symbolchange,symbolchange.csv,2019-10-30
RDAXIDDD,NDAXIDDD,nse_symbolchange,symbolchange.csv,2019-10-30
RDAXIBDD,NDAXIBDD,nse_symbolchange,symbolchange.csv,2019-10-30
RDAXIBDDG,NDAXIBDDG,nse_symbolchange,symbolchange.csv,2019-10-30
RDAXIIADDG,NDAXIIADDG,nse_symbolchange,symbolchange.csv,2019-10-30
RDAXIIADD,NDAXIIADD,nse_symbolchange,symbolchange.csv,2019-10-30
RDAXIIADG,NDAXIIADG,nse_symbolchange,symbolchange.csv,2019-10-30
RDAXFDDG,NDAXFDDG,nse_symbolchange,symbolchange.csv,2019-10-30
RDAXFDG,NDAXFDG,nse_symbolchange,symbolchange.csv,2019-10-30
RDAFVGDD,NDAFVGDD,nse_symbolchange,symbolchange.csv,2019-10-30
RDAFVGDG,NDAFVGDG,nse_symbolchange,symbolchange.csv,2019-10-30
RDAFVGDO,NDAFVGDO,nse_symbolchange,symbolchange.csv,2019-10-30
RDAFVGGO,NDAFVGGO,nse_symbolchange,symbolchange.csv,2019-10-30
RDAXIEDD,NDAXIEDD,nse_symbolchange,symbolchange.csv,2019-10-30
RDAXIEDDD,NDAXIEDDD,nse_symbolchange,symbolchange.csv,2019-10-30
RDAXIEDDG,NDAXIEDDG,nse_symbolchange,symbolchange.csv,2019-10-30
RMFINQIDP1,NMFINQIDP1,nse_symbolchange,symbolchange.csv,2019-10-30
RDAXIBDG,NDAXIBDG,nse_symbolchange,symbolchange.csv,2019-10-30
RDAXIBDDD,NDAXIBDDD,nse_symbolchange,symbolchange.csv,2019-10-30
RMFINARDR1,NMFINARDR1,nse_symbolchange,symbolchange.csv,2019-10-30
RMFINQRDP1,NMFINQRDP1,nse_symbolchange,symbolchange.csv,2019-10-30
NEYVELILIG,NLCINDIA,nse_symbolchange,symbolchange.csv,2016-08-04
HINDUJATMT,HINDUJAVEN,nse_symbolchange,symbolchange.csv,2007-11-29
HINDUJAVEN,NXTDIGITAL,nse_symbolchange,symbolchange.csv,2019-11-11
NAGREKAEXP,NAGREEKA,nse_symbolchange,symbolchange.csv,2005-12-22
NAHARINVST,NAHARPOLY,nse_symbolchange,symbolchange.csv,2011-06-15
NAHAREXPOT,NAHARINVST,nse_symbolchange,symbolchange.csv,2007-11-01
JSTRIPS,NSIL,nse_symbolchange,symbolchange.csv,2005-06-07
NANDANEXIM,NDL,nse_symbolchange,symbolchange.csv,2013-11-21
NANDANI,JAIPURKURT,nse_symbolchange,symbolchange.csv,2021-08-06
0503260317,805NMC29,nse_symbolchange,symbolchange.csv,2026-03-09
725NBFID40,725NBFI40,nse_symbolchange,symbolchange.csv,2026-06-08
NAVNETPUBL,NAVNETEDUL,nse_symbolchange,symbolchange.csv,2013-09-19
NET4INDIA,NET4,nse_symbolchange,symbolchange.csv,2011-02-28
KRAFTIND,NETVISTAIT,nse_symbolchange,symbolchange.csv,2000-08-09
NTL,NEUEON,nse_symbolchange,symbolchange.csv,2025-12-22
SUJANATWR,NTL,nse_symbolchange,symbolchange.csv,2017-02-17
MID-DAY,NEXTMEDIA,nse_symbolchange,symbolchange.csv,2011-06-15
EHFLNCD,NIDO,nse_symbolchange,symbolchange.csv,2023-07-18
NILKAMPLST,NILKAMAL,nse_symbolchange,symbolchange.csv,2007-01-05
NETFSDL26,SDL26BEES,nse_symbolchange,symbolchange.csv,2022-05-10
NETFGILT5Y,GILT5YBEES,nse_symbolchange,symbolchange.csv,2022-05-10
NETFAUTO,AUTOBEES,nse_symbolchange,symbolchange.csv,2022-05-10
NETFPHARMA,PHARMABEES,nse_symbolchange,symbolchange.csv,2022-05-10
NETFSILVER,SILVERBEES,nse_symbolchange,symbolchange.csv,2022-05-10
NCPSESDL24,SDL24BEES,nse_symbolchange,symbolchange.csv,2022-05-10
RNAM,NAM-INDIA,nse_symbolchange,symbolchange.csv,2020-01-23
NETFIT,ITBEES,nse_symbolchange,symbolchange.csv,2022-05-10
MEDIA,MVLIND,nse_symbolchange,symbolchange.csv,2009-02-20
MVLIND,NOESISIND,nse_symbolchange,symbolchange.csv,2014-06-04
PRESSMAN,NUCENTFIN,nse_symbolchange,symbolchange.csv,2001-08-20
ORISSACEM,OCL,nse_symbolchange,symbolchange.csv,2004-09-15
OMMETALS,OMINFRAL,nse_symbolchange,symbolchange.csv,2021-02-10
ORIENTABRA,ORIENTCER,nse_symbolchange,symbolchange.csv,2023-07-31
ORTINLAB,ORTINGLOBE,nse_symbolchange,symbolchange.csv,2024-09-03
OBEROIREAL,OBEROIRLTY,nse_symbolchange,symbolchange.csv,2010-12-10
GOLDTELE,GOLDINFRA,nse_symbolchange,symbolchange.csv,2008-02-29
GOLDINFRA,OLECTRA,nse_symbolchange,symbolchange.csv,2018-07-26
MIRCELECTR,ONIDA,nse_symbolchange,symbolchange.csv,2026-06-19
I-FLEX,OFSS,nse_symbolchange,symbolchange.csv,2008-09-18
ORCHIDCHEM,ORCHIDPHAR,nse_symbolchange,symbolchange.csv,2015-12-21
ORIENTCERA,ORIENTBELL,nse_symbolchange,symbolchange.csv,2012-04-17
OTL,ORIENTALTL,nse_symbolchange,symbolchange.csv,2009-12-17
BINDALAGRO,OSWALGREEN,nse_symbolchange,symbolchange.csv,2023-05-19
PREMAUTOEL,PAEL,nse_symbolchange,symbolchange.csv,2005-11-23
AMJUMBO,PARAMPARA,nse_symbolchange,symbolchange.csv,2026-01-23
DPRMDAD1,PGIMDAD1G,nse_symbolchange,symbolchange.csv,2019-08-22
DPRMDAD3,PGIMDAD3D,nse_symbolchange,symbolchange.csv,2019-08-22
DPRMDAD2,PGIMDAD2D,nse_symbolchange,symbolchange.csv,2019-08-22
DPRMDAAD,PGIMDAADD,nse_symbolchange,symbolchange.csv,2019-08-22
DPRMDAGP,PGIMDAGPG,nse_symbolchange,symbolchange.csv,2019-08-22
DPRMDAQD,PGIMDAQDD,nse_symbolchange,symbolchange.csv,2019-08-22
DPRMDADP,PGIMDADPD,nse_symbolchange,symbolchange.csv,2019-08-22
PRM1SD1,PGIM1SD1G,nse_symbolchange,symbolchange.csv,2019-08-22
PRM1SDP,PGIM1SDPD,nse_symbolchange,symbolchange.csv,2019-08-22
PRM1SGP,PGIM1SGPG,nse_symbolchange,symbolchange.csv,2019-08-22
DPRMAAD1,PGIMAAD1G,nse_symbolchange,symbolchange.csv,2019-08-22
DPRMAAD3,PGIMAAD3D,nse_symbolchange,symbolchange.csv,2019-08-22
DPRMAAAD,PGIMAAADD,nse_symbolchange,symbolchange.csv,2019-08-22
DPRMAAGP,PGIMAAGPG,nse_symbolchange,symbolchange.csv,2019-08-22
DPRMAAQD,PGIMAAQDD,nse_symbolchange,symbolchange.csv,2019-08-22
DPRMABD1,PGIMABD1G,nse_symbolchange,symbolchange.csv,2019-08-22
DPRMABAD,PGIMABADD,nse_symbolchange,symbolchange.csv,2019-08-22
DPRMABGP,PGIMABGPG,nse_symbolchange,symbolchange.csv,2019-08-22
DPRMABQD,PGIMABQDD,nse_symbolchange,symbolchange.csv,2019-08-22
DPRMABDP,PGIMABDPD,nse_symbolchange,symbolchange.csv,2019-08-22
DPRMACD4,PGIMACD4D,nse_symbolchange,symbolchange.csv,2019-08-22
DPRMACD1,PGIMACD1G,nse_symbolchange,symbolchange.csv,2019-08-22
DPRMACD2,PGIMACD2D,nse_symbolchange,symbolchange.csv,2019-08-22
DPRMACAD,PGIMACADD,nse_symbolchange,symbolchange.csv,2019-08-22
DPRMACGP,PGIMACGPG,nse_symbolchange,symbolchange.csv,2019-08-22
DPRMACQD,PGIMACQDD,nse_symbolchange,symbolchange.csv,2019-08-22
DPRMACDP,PGIMACDPD,nse_symbolchange,symbolchange.csv,2019-08-22
DPRMAED4,PGIMAED4D,nse_symbolchange,symbolchange.csv,2019-08-22
DPRMAED1,PGIMAED1G,nse_symbolchange,symbolchange.csv,2019-08-22
DPRMAEAD,PGIMAEADD,nse_symbolchange,symbolchange.csv,2019-08-22
DPRMAEGP,PGIMAEGPG,nse_symbolchange,symbolchange.csv,2019-08-22
DPRMAEDP,PGIMAEDPD,nse_symbolchange,symbolchange.csv,2019-08-22
DPRMFAD4,PGIMFAD4D,nse_symbolchange,symbolchange.csv,2019-08-22
DPRMFAD1,PGIMFAD1G,nse_symbolchange,symbolchange.csv,2019-08-22
DPRMFAAD,PGIMFAADD,nse_symbolchange,symbolchange.csv,2019-08-22
DPRMFAGP,PGIMFAGPG,nse_symbolchange,symbolchange.csv,2019-08-22
DPRMFAQD,PGIMFAQDD,nse_symbolchange,symbolchange.csv,2019-08-22
DPRMAGD1,PGIMAGD1G,nse_symbolchange,symbolchange.csv,2019-08-22
DPRMAGGP,PGIMAGGPG,nse_symbolchange,symbolchange.csv,2019-08-22
DPRMAHD4,PGIMAHD4D,nse_symbolchange,symbolchange.csv,2019-08-22
DPRMAHD1,PGIMAHD1G,nse_symbolchange,symbolchange.csv,2019-08-22
DPRMAHD3,PGIMAHD3D,nse_symbolchange,symbolchange.csv,2019-08-22
DPRMAHAD,PGIMAHADD,nse_symbolchange,symbolchange.csv,2019-08-22
DPRMAHGP,PGIMAHGPG,nse_symbolchange,symbolchange.csv,2019-08-22
DPRMAHQD,PGIMAHQDD,nse_symbolchange,symbolchange.csv,2019-08-22
DPRMAPD1G,PGIMAPD1G,nse_symbolchange,symbolchange.csv,2019-08-22
DPRMAPGPG,PGIMAPGPG,nse_symbolchange,symbolchange.csv,2019-08-22
DPRMAPDPD,PGIMAPDPD,nse_symbolchange,symbolchange.csv,2019-08-22
DPRMAQD1G,PGIMAQD1G,nse_symbolchange,symbolchange.csv,2019-08-22
DPRMAQD2D,PGIMAQD2D,nse_symbolchange,symbolchange.csv,2019-08-22
DPRMAQGPG,PGIMAQGPG,nse_symbolchange,symbolchange.csv,2019-08-22
DPRMARD1G,PGIMRAD1G,nse_symbolchange,symbolchange.csv,2019-08-22
DPRMARGPG,PGIMRAGPG,nse_symbolchange,symbolchange.csv,2019-08-22
DPRMARQDD,PGIMRAQDD,nse_symbolchange,symbolchange.csv,2019-08-22
DPRMARDPD,PGIMRADPD,nse_symbolchange,symbolchange.csv,2019-08-22
DPRMATD1G,PGIMATD1G,nse_symbolchange,symbolchange.csv,2019-08-22
DPRMATGPG,PGIMATGPG,nse_symbolchange,symbolchange.csv,2019-08-22
DPRMATQDD,PGIMATQDD,nse_symbolchange,symbolchange.csv,2019-08-22
DPRMATDPD,PGIMATDPD,nse_symbolchange,symbolchange.csv,2019-08-22
DPRMAUD1G,PGIMAUD1G,nse_symbolchange,symbolchange.csv,2019-08-22
DPRMAUGPG,PGIMAUGPG,nse_symbolchange,symbolchange.csv,2019-08-22
DPRMAUQDD,PGIMAUQDD,nse_symbolchange,symbolchange.csv,2019-08-22
DPRMAUDPD,PGIMAUDPD,nse_symbolchange,symbolchange.csv,2019-08-22
DPRMAYD1G,PGIMAYD1G,nse_symbolchange,symbolchange.csv,2019-08-22
DPRMAYGPG,PGIMAYGPG,nse_symbolchange,symbolchange.csv,2019-08-22
DPRMAZD1G,PGIMAZD1G,nse_symbolchange,symbolchange.csv,2019-08-22
DPRMAZGPG,PGIMAZGPG,nse_symbolchange,symbolchange.csv,2019-08-22
DPRMAZDPD,PGIMAZDPD,nse_symbolchange,symbolchange.csv,2019-08-22
DPRMBAD1G,PGIMBAD1G,nse_symbolchange,symbolchange.csv,2019-08-22
DPRMBAGPG,PGIMBAGPG,nse_symbolchange,symbolchange.csv,2019-08-22
DPRMBAQDD,PGIMBAQDD,nse_symbolchange,symbolchange.csv,2019-08-22
DPRMBADPD,PGIMBADPD,nse_symbolchange,symbolchange.csv,2019-08-22
DPRMBBD1G,PGIMBBD1G,nse_symbolchange,symbolchange.csv,2019-08-22
DPRMBBGPG,PGIMBBGPG,nse_symbolchange,symbolchange.csv,2019-08-22
DPRMBBQDD,PGIMBBQDD,nse_symbolchange,symbolchange.csv,2019-08-22
DPRMBBDPD,PGIMBBDPD,nse_symbolchange,symbolchange.csv,2019-08-22
DPRMBCD1G,PGIMBCD1G,nse_symbolchange,symbolchange.csv,2019-08-22
DPRMBCD2S,PGIMBCD2S,nse_symbolchange,symbolchange.csv,2019-08-22
DPRMBCGPG,PGIMBCGPG,nse_symbolchange,symbolchange.csv,2019-08-22
DPRMBCQDD,PGIMBCQDD,nse_symbolchange,symbolchange.csv,2019-08-22
DPRMBCDPD,PGIMBCDPD,nse_symbolchange,symbolchange.csv,2019-08-22
DPRMBED1G,PGIMBED1G,nse_symbolchange,symbolchange.csv,2019-08-22
DPRMBEGPG,PGIMBEGPG,nse_symbolchange,symbolchange.csv,2019-08-22
DPRMBEQDD,PGIMBEQDD,nse_symbolchange,symbolchange.csv,2019-08-22
DPRMBEDPD,PGIMBEDPD,nse_symbolchange,symbolchange.csv,2019-08-22
DWSLCFS2DD,PGIMC6D2D,nse_symbolchange,symbolchange.csv,2019-08-22
DWSLCFS2DG,PGIMC6D1G,nse_symbolchange,symbolchange.csv,2019-08-22
DWSLCFS2RD,PGIMC6DPD,nse_symbolchange,symbolchange.csv,2019-08-22
DWSLCFS2RG,PGIMC6GPG,nse_symbolchange,symbolchange.csv,2019-08-22
PILIND,PILITA,nse_symbolchange,symbolchange.csv,2015-09-03
PSLHOLD,PSL,nse_symbolchange,symbolchange.csv,2003-05-19
SOFTSOLINT,PVP,nse_symbolchange,symbolchange.csv,2008-06-23
PVR,PVRINOX,nse_symbolchange,symbolchange.csv,2023-05-12
SEINV,PAISALO,nse_symbolchange,symbolchange.csv,2018-01-24
FOURSOFT,PALRED,nse_symbolchange,symbolchange.csv,2014-01-16
MTAL,PAVCI,nse_symbolchange,symbolchange.csv,2004-03-12
GMRINDS,PARRYSUGAR,nse_symbolchange,symbolchange.csv,2010-12-02
HOPFL,PGIL,nse_symbolchange,symbolchange.csv,2012-07-02
MORARJESPG,MORAREALTY,nse_symbolchange,symbolchange.csv,2004-10-15
MORAREALTY,PENINLAND,nse_symbolchange,symbolchange.csv,2006-06-09
ABBOTTLAB,PHARMACIA,nse_symbolchange,symbolchange.csv,2003-03-24
HALONIX,PHOENIXLL,nse_symbolchange,symbolchange.csv,2013-10-30
PHOENIXLMP,HALONIX,nse_symbolchange,symbolchange.csv,2009-03-09
PIRHEALTH,PEL,nse_symbolchange,symbolchange.csv,2012-09-21
NICOLASPIR,PIRHEALTH,nse_symbolchange,symbolchange.csv,2008-06-19
GUJGLASS,PIRGLASS,nse_symbolchange,symbolchange.csv,2008-05-12
PIRLIFE,PIRPHYTO,nse_symbolchange,symbolchange.csv,2013-10-23
PITTILAM,PITTIENG,nse_symbolchange,symbolchange.csv,2018-06-06
MAGMA,POONAWALLA,nse_symbolchange,symbolchange.csv,2021-08-05
PRECOTMILL,PRECOT,nse_symbolchange,symbolchange.csv,2006-11-01
PREMAUTO,PREMIER,nse_symbolchange,symbolchange.csv,2005-06-14
NUCENT,PRESSMN,nse_symbolchange,symbolchange.csv,2013-09-11
PREMINSTR,PRICOL,nse_symbolchange,symbolchange.csv,2005-08-16
PRISMCEM,PRSMJOHNSN,nse_symbolchange,symbolchange.csv,2018-05-04
ADI,FAIRCHEM,nse_symbolchange,symbolchange.csv,2017-01-19
FAIRCHEM,PRIVISCL,nse_symbolchange,symbolchange.csv,2020-10-14
MERCK,PGHL,nse_symbolchange,symbolchange.csv,2019-06-11
EMERCK,MERCK,nse_symbolchange,symbolchange.csv,2007-11-05
P&G,PGHH,nse_symbolchange,symbolchange.csv,2004-07-07
PCPL27,975PCPL27A,nse_symbolchange,symbolchange.csv,2026-07-03
10157PCP24,10157PCP27,nse_symbolchange,symbolchange.csv,2025-04-02
GREENFIRE,PROSEED,nse_symbolchange,symbolchange.csv,2018-07-18
PROZONE,PROZONECSC,nse_symbolchange,symbolchange.csv,2012-09-24
PROZONECSC,PROZONINTU,nse_symbolchange,symbolchange.csv,2014-10-07
PROZONINTU,PROZONER,nse_symbolchange,symbolchange.csv,2023-08-04
SOFFIASOFT,QUINTEGRA,nse_symbolchange,symbolchange.csv,2005-08-22
ORIENTREF,RHIM,nse_symbolchange,symbolchange.csv,2021-07-22
RPGTELECOM,RPGCABLES,nse_symbolchange,symbolchange.csv,2006-04-04
SAELTD,RPGTLTD,nse_symbolchange,symbolchange.csv,2006-12-05
CESCVENT,RPSGVENT,nse_symbolchange,symbolchange.csv,2021-02-01
RAJASSPG,RSWM,nse_symbolchange,symbolchange.csv,2006-09-01
RAINCOM,RAIN,nse_symbolchange,symbolchange.csv,2013-08-23
PRIYADCEM,RAINCOM,nse_symbolchange,symbolchange.csv,2008-03-03
RANEMADRAS,RANEHOLDIN,nse_symbolchange,symbolchange.csv,2005-08-22
IBIPL,RTNINFRA,nse_symbolchange,symbolchange.csv,2014-11-20
RTNINFRA,RTNINDIA,nse_symbolchange,symbolchange.csv,2021-04-07
IBPOW,RTNPOWER,nse_symbolchange,symbolchange.csv,2014-11-20
RRL,RAYMONDREL,nse_symbolchange,symbolchange.csv,2025-06-27
RMEDIA,RBN,nse_symbolchange,symbolchange.csv,2010-08-20
RCVL,RCOM,nse_symbolchange,symbolchange.csv,2006-06-30
REL,RELINFRA,nse_symbolchange,symbolchange.csv,2008-05-16
BSES,REL,nse_symbolchange,symbolchange.csv,2004-03-12
ADLABSFILM,RELMEDIA,nse_symbolchange,symbolchange.csv,2009-10-20
PIPAVAVYD,PIPAVAVDOC,nse_symbolchange,symbolchange.csv,2011-09-29
RDEL,RNAVAL,nse_symbolchange,symbolchange.csv,2017-09-18
PIPAVAVDOC,RDEL,nse_symbolchange,symbolchange.csv,2016-03-18
RJL,RGL,nse_symbolchange,symbolchange.csv,2019-04-08
RENOL,RNPL,nse_symbolchange,symbolchange.csv,2025-08-06
REVATHIEQU,RVTH,nse_symbolchange,symbolchange.csv,2024-11-26
RATNABLDG,ROOFITIND,nse_symbolchange,symbolchange.csv,1999-09-15
SBIGETS,SETFGOLD,nse_symbolchange,symbolchange.csv,2015-11-24
SETFNIFTY,SETFNIF50,nse_symbolchange,symbolchange.csv,2015-11-24
SETFBANK,SETFNIFBK,nse_symbolchange,symbolchange.csv,2015-11-24
SETFNIFJR,SETFNN50,nse_symbolchange,symbolchange.csv,2015-11-24
8KMILES,SECURKLOUD,nse_symbolchange,symbolchange.csv,2021-01-20
SEZAL,SEJAL,nse_symbolchange,symbolchange.csv,2021-08-16
SCHENHERD,SIGROUPIND,nse_symbolchange,symbolchange.csv,2006-11-28
HERDILCHEM,SCHENHERD,nse_symbolchange,symbolchange.csv,2006-04-04
MEGASOFT,SIGMAADV,nse_symbolchange,symbolchange.csv,2026-02-09
SUTLEJINDS,SILINV,nse_symbolchange,symbolchange.csv,2007-06-21
SKFBEARING,SKFINDIA,nse_symbolchange,symbolchange.csv,2004-10-20
HORIZONINF,SKIL,nse_symbolchange,symbolchange.csv,2014-03-24
HORIZONBAT,HORIZONINF,nse_symbolchange,symbolchange.csv,2008-02-22
SWARAJMAZD,SMLISUZU,nse_symbolchange,symbolchange.csv,2011-01-17
SMLISUZU,SMLMAH,nse_symbolchange,symbolchange.csv,2025-11-10
SONAMCLOCK,SONAMLTD,nse_symbolchange,symbolchange.csv,2023-11-15
IBRETAILS,STOREONE,nse_symbolchange,symbolchange.csv,2009-10-26
STOREONE,SORILINFRA,nse_symbolchange,symbolchange.csv,2017-01-10
PIRAMYDRET,IBRETAILS,nse_symbolchange,symbolchange.csv,2008-06-09
SGBJUN29IV,SGBJUL29IV,nse_symbolchange,symbolchange.csv,2021-07-28
MODILUFT,SPICEJET,nse_symbolchange,symbolchange.csv,2019-08-19
SUBHASPROJ,SPMLINFRA,nse_symbolchange,symbolchange.csv,2010-05-14
SREINTFIN,SREINFRA,nse_symbolchange,symbolchange.csv,2010-07-21
SHIV-VANI,SVOGL,nse_symbolchange,symbolchange.csv,2015-10-23
SWANENERGY,SWANCORP,nse_symbolchange,symbolchange.csv,2025-09-04
SAGARCEM,SAGCEM,nse_symbolchange,symbolchange.csv,2007-01-29
PERLENGINF,SAMBHAAV,nse_symbolchange,symbolchange.csv,2005-10-18
IBULHSGFIN,SAMMAANCAP,nse_symbolchange,symbolchange.csv,2024-07-26
IBULPP,SCLPP,nse_symbolchange,symbolchange.csv,2024-07-26
SEPOWER,SAMPANN,nse_symbolchange,symbolchange.csv,2023-08-23
MOTHERSUMI,MOTHERSON,nse_symbolchange,symbolchange.csv,2022-06-09
HOECHST,AVENTIS,nse_symbolchange,symbolchange.csv,2003-05-19
AVENTIS,SANOFI,nse_symbolchange,symbolchange.csv,2012-07-11
GRAMOPHONE,SAREGAMA,nse_symbolchange,symbolchange.csv,2001-08-20
MICROSEC,SASTASUNDR,nse_symbolchange,symbolchange.csv,2016-11-22
SATHVANISP,SATHAISPAT,nse_symbolchange,symbolchange.csv,2006-12-27
SAVITACHEM,SOTL,nse_symbolchange,symbolchange.csv,2009-08-24
FAGPRECISN,FAGBEARING,nse_symbolchange,symbolchange.csv,2001-08-20
FAGBEARING,SCHAEFFLER,nse_symbolchange,symbolchange.csv,2017-08-01
PEERLESHIP,SEAMECLTD,nse_symbolchange,symbolchange.csv,2001-08-20
REVATHI,SEMAC,nse_symbolchange,symbolchange.csv,2023-09-21
PRAKASHCON,SETUINFRA,nse_symbolchange,symbolchange.csv,2019-07-30
SEJALGLASS,SEZALGLASS,nse_symbolchange,symbolchange.csv,2010-07-14
GAL,SHAH,nse_symbolchange,symbolchange.csv,2023-07-03
SHALMPAINT,SHALPAINTS,nse_symbolchange,symbolchange.csv,2008-03-03
SHASUNCHEM,SHASUNPHAR,nse_symbolchange,symbolchange.csv,2011-01-28
SPYL,SHEKHAWATI,nse_symbolchange,symbolchange.csv,2024-08-09
AGEEGOLD,SHIRPUR-G,nse_symbolchange,symbolchange.csv,2013-01-17
ANAMALFIN,SHIVTEX,nse_symbolchange,symbolchange.csv,2004-01-22
SHREYASHIP,SHREYAS,nse_symbolchange,symbolchange.csv,2006-04-03
ASTERSILI,SHRIASTER,nse_symbolchange,symbolchange.csv,2014-02-03
SRTRANSFIN,SHRIRAMFIN,nse_symbolchange,symbolchange.csv,2022-12-20
SIMPLEXCON,SIMPLEXINF,nse_symbolchange,symbolchange.csv,2005-12-21
SITICABLE,SITINET,nse_symbolchange,symbolchange.csv,2016-08-17
WWIL,SITICABLE,nse_symbolchange,symbolchange.csv,2012-10-03
SIYARSILK,SIYSIL,nse_symbolchange,symbolchange.csv,2007-01-29
768SIDBI27,768SID27,nse_symbolchange,symbolchange.csv,2026-09-11
D-LINK,SMARTLINK,nse_symbolchange,symbolchange.csv,2009-07-29
SOLAREX,SOLARINDS,nse_symbolchange,symbolchange.csv,2009-04-13
SPLLTD,SOMANYCERA,nse_symbolchange,symbolchange.csv,2007-03-21
GBNOV23,SBNOV23,nse_symbolchange,symbolchange.csv,2016-09-15
SBNOV23,SGBNOV23,nse_symbolchange,symbolchange.csv,2016-09-15
SPENTXIND,SPENTEX,nse_symbolchange,symbolchange.csv,2006-12-20
SHAKTIGAS,HAVISHA,nse_symbolchange,symbolchange.csv,2018-04-12
LANCOIND,LANCOIN,nse_symbolchange,symbolchange.csv,2007-08-28
LANCOIN,SRIPIPES,nse_symbolchange,symbolchange.csv,2014-12-17
SGLTL,SETL,nse_symbolchange,symbolchange.csv,2026-01-19
SENTINEL,STEL,nse_symbolchange,symbolchange.csv,2011-11-08
STERLINTEA,STERLINBIO,nse_symbolchange,symbolchange.csv,2003-07-09
STRTECH,STLTECH,nse_symbolchange,symbolchange.csv,2020-10-29
STROPTICAL,STRTECH,nse_symbolchange,symbolchange.csv,2007-12-17
INEOSSTYRO,STYRENIX,nse_symbolchange,symbolchange.csv,2023-01-20
HEUBACHIND,SUDARCOLOR,nse_symbolchange,symbolchange.csv,2026-01-20
CLNINDIA,HEUBACHIND,nse_symbolchange,symbolchange.csv,2023-03-10
KECINTL,KECINFRA,nse_symbolchange,symbolchange.csv,2006-02-21
KECINFRA,SUMMIT,nse_symbolchange,symbolchange.csv,2008-04-21
ATFL,SUNDROP,nse_symbolchange,symbolchange.csv,2025-03-28
SUNFLAGIRN,SUNFLAG,nse_symbolchange,symbolchange.csv,2005-09-29
SUPREMYARN,SUPREMETEX,nse_symbolchange,symbolchange.csv,2008-02-15
SURANAVEL,SURANASOL,nse_symbolchange,symbolchange.csv,2014-11-19
SURANATELE,SURANAT&P,nse_symbolchange,symbolchange.csv,2010-02-08
NUMERICPW,SWELECTES,nse_symbolchange,symbolchange.csv,2012-07-09
TATAGLOBAL,TATACONSUM,nse_symbolchange,symbolchange.csv,2020-02-27
TATATEA,TATAGLOBAL,nse_symbolchange,symbolchange.csv,2010-07-21
BHAGWATIHO,TGBHOTELS,nse_symbolchange,symbolchange.csv,2013-05-31
TWL,TITAGARH,nse_symbolchange,symbolchange.csv,2023-06-19
SHREYAS,TRANSWORLD,nse_symbolchange,symbolchange.csv,2024-10-23
SUNDARMHLD,TSFINV,nse_symbolchange,symbolchange.csv,2025-10-16
IBN18,TV18BRDCST,nse_symbolchange,symbolchange.csv,2011-07-19
GBN,IBN18,nse_symbolchange,symbolchange.csv,2008-05-15
SUNCLAYLTD,TVSHLTD,nse_symbolchange,symbolchange.csv,2023-08-10
TVS-SUZUKI,TVSMOTOR,nse_symbolchange,symbolchange.csv,2001-12-03
SRICHAKTYR,TVSSRICHAK,nse_symbolchange,symbolchange.csv,2007-02-13
ROMAN,TARMAT,nse_symbolchange,symbolchange.csv,2012-09-12
CONSCOFFEE,TATACOFFEE,nse_symbolchange,symbolchange.csv,2006-04-04
VSNL,TATACOMM,nse_symbolchange,symbolchange.csv,2008-02-25
INVESTCORP,TATAINVEST,nse_symbolchange,symbolchange.csv,2005-07-07
TELCO,TATAMOTORS,nse_symbolchange,symbolchange.csv,2003-12-26
TATAMOTORS,TMPV,nse_symbolchange,symbolchange.csv,2025-10-24
BHUSANSTL,TATASTLBSL,nse_symbolchange,symbolchange.csv,2018-12-10
TISCO,TATASTEEL,nse_symbolchange,symbolchange.csv,2005-10-17
IPITATASPO,TATASPONGE,nse_symbolchange,symbolchange.csv,2004-02-11
TATASPONGE,TATASTLLP,nse_symbolchange,symbolchange.csv,2019-09-03
HUGHESTELE,TATATELSER,nse_symbolchange,symbolchange.csv,2003-06-25
TATATELSER,TTML,nse_symbolchange,symbolchange.csv,2005-01-14
TIMESGTY,TEAMGTY,nse_symbolchange,symbolchange.csv,2025-08-13
GISOLUTION,TPHQ,nse_symbolchange,symbolchange.csv,2023-10-20
NATHSEED,TECHIN,nse_symbolchange,symbolchange.csv,2014-10-31
SAKETH,TEMBO,nse_symbolchange,symbolchange.csv,2020-04-13
TEXMACOLTD,TEXINFRA,nse_symbolchange,symbolchange.csv,2012-03-20
FORTUNEFIN,THEINVEST,nse_symbolchange,symbolchange.csv,2018-07-25
MADRASALMN,MALCO,nse_symbolchange,symbolchange.csv,2007-04-12
MADRASCEM,RAMCOCEM,nse_symbolchange,symbolchange.csv,2013-09-30
TATATIMKEN,TIMKEN,nse_symbolchange,symbolchange.csv,2007-02-06
TIPSINDLTD,TIPSMUSIC,nse_symbolchange,symbolchange.csv,2024-09-30
FORGE,TIRUPATIFL,nse_symbolchange,symbolchange.csv,2018-01-15
AHMEDELEC,TORRENTAEC,nse_symbolchange,symbolchange.csv,2005-06-17
SURATELEC,TORRENTSEC,nse_symbolchange,symbolchange.csv,2005-06-07
TRIL,TARIL,nse_symbolchange,symbolchange.csv,2024-08-26
LAKME,TRENT,nse_symbolchange,symbolchange.csv,2004-06-07
ABSHEKINDS,TRIDENT,nse_symbolchange,symbolchange.csv,2011-05-03
LEADEDSYS,TRIGYN,nse_symbolchange,symbolchange.csv,2005-07-26
DHANVARSHA,TRU,nse_symbolchange,symbolchange.csv,2022-09-01
TCLCONS,TICL,nse_symbolchange,symbolchange.csv,2025-02-07
UCALFUEL,UCAL,nse_symbolchange,symbolchange.csv,2023-07-26
FLEX,UFLEX,nse_symbolchange,symbolchange.csv,2007-04-17
MRO-TEK,UMIYA-MRO,nse_symbolchange,symbolchange.csv,2025-04-15
MINDAIND,UNOMINDA,nse_symbolchange,symbolchange.csv,2022-08-05
UNIPHOS,UPL,nse_symbolchange,symbolchange.csv,2013-10-23
UTISENSETF,SENSEXBETA,nse_symbolchange,symbolchange.csv,2025-12-24
UTISXN50,SNXT50BETA,nse_symbolchange,symbolchange.csv,2025-12-24
GOLDSHARE,GOLDBETA,nse_symbolchange,symbolchange.csv,2025-12-24
UTINEXT50,NEXT50BETA,nse_symbolchange,symbolchange.csv,2025-12-24
NIF10GETF,GILT10BETA,nse_symbolchange,symbolchange.csv,2025-12-24
NIF5GETF,GILT5BETA,nse_symbolchange,symbolchange.csv,2025-12-24
NIFITETF,ITBETA,nse_symbolchange,symbolchange.csv,2025-12-24
NIFMID150,MIDCAPBETA,nse_symbolchange,symbolchange.csv,2025-12-24
SILVERETF,SILVERBETA,nse_symbolchange,symbolchange.csv,2025-12-24
UTINIFTETF,NIFTYBETA,nse_symbolchange,symbolchange.csv,2025-12-24
UTIBANKETF,BANKBETA,nse_symbolchange,symbolchange.csv,2025-12-24
MBSWITCH,UJAAS,nse_symbolchange,symbolchange.csv,2013-09-23
BARBEQUE,UFBL,nse_symbolchange,symbolchange.csv,2025-10-13
MCDOWELL-N,UNITDSPR,nse_symbolchange,symbolchange.csv,2024-06-07
HOTELRUGBY,UNIVAFOODS,nse_symbolchange,symbolchange.csv,2022-11-23
URAVI,URAVIDEF,nse_symbolchange,symbolchange.csv,2025-01-16
UMITL,UMESL,nse_symbolchange,symbolchange.csv,2010-01-07
USHABEL,USHAMART,nse_symbolchange,symbolchange.csv,2004-10-20
LLOYDSTEEL,UTTAMVALUE,nse_symbolchange,symbolchange.csv,2013-04-29
VISHALRET,V2RETAIL,nse_symbolchange,symbolchange.csv,2012-02-24
VATECH,WABAG,nse_symbolchange,symbolchange.csv,2010-12-15
AARVEEDEN,VGL,nse_symbolchange,symbolchange.csv,2025-10-13
MAXWELL,VIPCLOTHNG,nse_symbolchange,symbolchange.csv,2016-12-21
VISASTEEL,VISACHROME,nse_symbolchange,symbolchange.csv,2026-05-20
VIJAYTEX,VTXIND,nse_symbolchange,symbolchange.csv,2011-04-04
VAIBHAVGEM,VAIBHAVGBL,nse_symbolchange,symbolchange.csv,2012-12-24
VAKRANSOFT,VAKRANGEE,nse_symbolchange,symbolchange.csv,2013-11-27
VDOCONAPPL,VALUEIND,nse_symbolchange,symbolchange.csv,2008-05-22
VSGML,VHL,nse_symbolchange,symbolchange.csv,2006-04-17
MAHAVIRSPG,VTL,nse_symbolchange,symbolchange.csv,2006-10-11
BABABUSERV,VATSMUSC,nse_symbolchange,symbolchange.csv,2001-08-20
SSLT,VEDL,nse_symbolchange,symbolchange.csv,2015-05-07
SESAGOA,SSLT,nse_symbolchange,symbolchange.csv,2013-10-04
VPL,VEDPOWER,nse_symbolchange,symbolchange.csv,2026-06-11
TIDEWATER,VEEDOL,nse_symbolchange,symbolchange.csv,2024-10-09
WESTHATCH,VENKEYS,nse_symbolchange,symbolchange.csv,2003-09-17
HIGHWAYS,VERTIS,nse_symbolchange,symbolchange.csv,2025-07-22
VDOLEASE,VIDEOIND,nse_symbolchange,symbolchange.csv,2004-09-21
VIDHIDYE,VIDHIING,nse_symbolchange,symbolchange.csv,2017-03-01
VIKASGLOB,VIKASECO,nse_symbolchange,symbolchange.csv,2015-12-21
VIKASMCORP,VIKASLIFE,nse_symbolchange,symbolchange.csv,2021-05-06
KEL,VISDEM,nse_symbolchange,symbolchange.csv,2026-08-06
SEQUENT,VIYASH,nse_symbolchange,symbolchange.csv,2026-01-23
WSIND,WSI,nse_symbolchange,symbolchange.csv,2007-08-01
WABCO-TVS,WABCOINDIA,nse_symbolchange,symbolchange.csv,2011-09-06
SUREVIN,WEWIN,nse_symbolchange,symbolchange.csv,2020-07-01
WARTDEISEL,WARTSILA,nse_symbolchange,symbolchange.csv,2000-09-20
WELGUJ,WELCORP,nse_symbolchange,symbolchange.csv,2010-05-17
WELPROJ,WELENT,nse_symbolchange,symbolchange.csv,2015-06-24
MSKPROJ,WELPROJ,nse_symbolchange,symbolchange.csv,2011-01-04
WELSPUNIND,WELSPUNLIV,nse_symbolchange,symbolchange.csv,2023-12-14
WENDTINDIA,WENDT,nse_symbolchange,symbolchange.csv,2006-08-07
JUMPNET,WINPRO,nse_symbolchange,symbolchange.csv,2021-12-22
DGPWINDSOR,WINDSOR,nse_symbolchange,symbolchange.csv,2005-04-05
SURAJDIAMN,WINSOMEDJ,nse_symbolchange,symbolchange.csv,2012-07-24
WFL,WEL,nse_symbolchange,symbolchange.csv,2023-01-04
BAJAJPLAST,WOPOLIN,nse_symbolchange,symbolchange.csv,2005-11-23
WORTH,WORTHPERI,nse_symbolchange,symbolchange.csv,2025-10-10
WYETHLEDE,WYETH,nse_symbolchange,symbolchange.csv,2006-09-01
XLTL,XLTELENE,nse_symbolchange,symbolchange.csv,2009-07-22
XLTELENE,XLENERGY,nse_symbolchange,symbolchange.csv,2010-12-13
CAMBRIDGE,XCHANGING,nse_symbolchange,symbolchange.csv,2012-06-25
SCANDENT,CAMBRIDGE,nse_symbolchange,symbolchange.csv,2006-07-17
IBWSL,SORILHOLD,nse_symbolchange,symbolchange.csv,2017-04-18
YAARII,YAARI,nse_symbolchange,symbolchange.csv,2021-12-15
SORILHOLD,IBULISL,nse_symbolchange,symbolchange.csv,2018-06-08
IBULISL,YAARII,nse_symbolchange,symbolchange.csv,2020-12-08
ZUARIAGRO,ZUARIGLOB,nse_symbolchange,symbolchange.csv,2012-09-25
ZUARIGLOB,ZUARIIND,nse_symbolchange,symbolchange.csv,2022-07-04
ZANDUPHARM,ZANDUREALT,nse_symbolchange,symbolchange.csv,2010-03-10
ZEETELE,ZEEL,nse_symbolchange,symbolchange.csv,2007-02-28
ZEENEWS,ZEEMEDIA,nse_symbolchange,symbolchange.csv,2013-07-30
ZENITHBIR,ZENITHSTL,nse_symbolchange,symbolchange.csv,2020-08-19
FUJITSICIM,ZENSARTECH,nse_symbolchange,symbolchange.csv,2004-03-04
CADILAHC,ZYDUSLIFE,nse_symbolchange,symbolchange.csv,2022-03-07
CITICORSEC,E-SERVEINT,nse_symbolchange,symbolchange.csv,2003-07-09
MASCOT,IGS,nse_symbolchange,symbolchange.csv,2003-08-07
780LTFL30,799LTFL30,nse_symbolchange,symbolchange.csv,2025-02-19
PRETAILDVR,FRLDVR,same_isin_observed,IN9623B01058,2013-04-11
FRLDVR,FELDVR,same_isin_observed,IN9623B01058,2016-05-25
GEOJITBNPP,GEOJITFSL,same_isin_observed,INE007B01023,2017-03-02
AMIORG,ACUTAAS,same_isin_observed,INE00FF01025,2025-06-02
SONAMCLOCK,SONAMLTD,same_isin_observed,INE00LM01011,2024-01-29
AHL,AFSL,same_isin_observed,INE00ZE01026,2025-05-05
PRISMCEM,PRSMJOHNSN,same_isin_observed,INE010A01011,2018-05-04
CADILAHC,ZYDUSLIFE,same_isin_observed,INE010B01027,2022-03-07
HCIL,HSCL,same_isin_observed,INE019C01026,2016-08-16
MICROSEC,SASTASUNDR,same_isin_observed,INE019J01013,2016-11-22
AFL,INSPIRISYS,same_isin_observed,INE020G01017,2018-10-12
PRAKASHCON,SETUINFRA,same_isin_observed,INE023M01027,2019-07-30
WFL,WEL,same_isin_observed,INE02WG01016,2023-01-04
STOREONE,SORILINFRA,same_isin_observed,INE034H01016,2017-01-10
ARVINFRA,ARVSMART,same_isin_observed,INE034S01021,2016-12-05
SAH,AERONEU,same_isin_observed,INE035801013,2025-09-08
GLS,ALIVUS,same_isin_observed,INE03Q201024,2025-01-20
SUVENPHAR,COHANCE,same_isin_observed,INE03QK01018,2025-05-19
ADORWELD,ADOR,same_isin_observed,INE045A01017,2025-04-11
VAKRANSOFT,VAKRANGEE,same_isin_observed,INE051B01021,2013-11-27
CENTURYTEX,ABREL,same_isin_observed,INE055A01016,2024-10-10
SHIL,HINDWAREAP,same_isin_observed,INE05AN01011,2022-06-21
NAVNETPUBL,NAVNETEDUL,same_isin_observed,INE060A01024,2013-09-19
SATINDLTD,AEROENTER,same_isin_observed,INE065D01027,2025-06-25
CROMPGREAV,CGPOWER,same_isin_observed,INE067A01029,2017-03-08
AMTEKINDIA,CASTEXTECH,same_isin_observed,INE068D01021,2015-07-07
IBREALEST,EMBDL,same_isin_observed,INE069I01010,2024-07-08
COMPUAGE,COMPINFO,same_isin_observed,INE070C01029,2016-07-07
BINANIIND,BILVYAPAR,same_isin_observed,INE071A01013,2025-09-15
MFL,EPIGRAL,same_isin_observed,INE071N01016,2023-09-11
GULFCORP,GOCLCORP,same_isin_observed,INE077F01035,2015-11-10
BURGERKING,RBA,same_isin_observed,INE07T201019,2022-02-17
MIL,GBGLOBAL,same_isin_observed,INE087J01028,2020-03-11
STRTECH,STLTECH,same_isin_observed,INE089C01029,2020-10-29
IDFCBANK,IDFCFIRSTB,same_isin_observed,INE092T01019,2019-01-16
LSIL,LLOYDSENGG,same_isin_observed,INE093R01011,2023-11-12
REVATHIEQU,RVTH,same_isin_observed,INE0DAB01012,2025-02-01
ARISINFRA,ARIS,same_isin_observed,INE0H9P01028,2026-02-09
SGLTL,SETL,same_isin_observed,INE0M4D01010,2026-01-19
HOTELEELA,HLVLTD,same_isin_observed,INE102A01024,2020-01-08
SUNCLAYLTD,TVSHLTD,same_isin_observed,INE105A01035,2023-08-10
PDUMJEIND,3PLAND,same_isin_observed,INE105C01023,2018-05-04
FINANTECH,63MOONS,same_isin_observed,INE111B01023,2017-01-19
PDSMFL,PDSL,same_isin_observed,INE111Q01013,2022-02-17
HITECHPLAS,HITECHCORP,same_isin_observed,INE120D01012,2017-05-23
INFRATEL,INDUSTOWER,same_isin_observed,INE121J01017,2020-12-18
PIRLIFE,PIRPHYTO,same_isin_observed,INE122J01015,2013-11-29
IBWSL,SORILHOLD,same_isin_observed,INE126M01010,2017-04-18
SORILHOLD,IBULISL,same_isin_observed,INE126M01010,2018-10-31
IBULISL,YAARII,same_isin_observed,INE126M01010,2020-12-08
YAARII,YAARI,same_isin_observed,INE126M01010,2021-12-15
YAARI,IBULLSLTD,same_isin_observed,INE126M01010,2025-12-09
INFOTECENT,CYIENT,same_isin_observed,INE136B01020,2014-05-22
UCALFUEL,UCAL,same_isin_observed,INE139B01016,2023-07-26
MVLIND,NOESISIND,same_isin_observed,INE141B01020,2014-06-04
BINDALAGRO,OSWALGREEN,same_isin_observed,INE143A01010,2023-05-19
IBULHSGFIN,SAMMAANCAP,same_isin_observed,INE148I01020,2024-07-26
TIFIN,CHOLAHLDNG,same_isin_observed,INE149A01033,2019-04-09
GATI,ACLGATI,same_isin_observed,INE152B01027,2023-11-30
TATAMOTORS,TMPV,same_isin_observed,INE155A01022,2025-10-24
VIKASMCORP,VIKASLIFE,same_isin_observed,INE161L01027,2021-05-06
ADLABS,IMAGICAA,same_isin_observed,INE172N01012,2020-04-22
MAX,MFSL,same_isin_observed,INE180A01020,2016-02-26
MMFSL,CGCL,same_isin_observed,INE180C01018,2013-08-13
SKSMICRO,BHARATFIN,same_isin_observed,INE180K01011,2016-07-01
GAMMNINFRA,AJRINFRA,same_isin_observed,INE181G01025,2021-10-12
STYABS,INEOSSTYRO,same_isin_observed,INE189B01011,2016-04-04
INEOSSTYRO,STYRENIX,same_isin_observed,INE189B01011,2023-01-20
ORCHIDCHEM,ORCHIDPHAR,same_isin_observed,INE191A01019,2015-12-21
PVR,PVRINOX,same_isin_observed,INE191H01014,2023-05-12
TATAGLOBAL,TATACONSUM,same_isin_observed,INE192A01025,2020-02-27
WELSPUNIND,WELSPUNLIV,same_isin_observed,INE192B01031,2023-12-14
WELSYNTEX,AYMSYNTEX,same_isin_observed,INE193B01039,2016-02-03
PROZONECSC,PROZONINTU,same_isin_observed,INE195N01013,2014-10-07
PROZONINTU,PROZONER,same_isin_observed,INE195N01013,2023-08-04
WORTH,WORTHPERI,same_isin_observed,INE196Y01018,2025-10-10
MERCK,PGHL,same_isin_observed,INE199A01012,2019-06-11
ALSTOMT&D,GET&D,same_isin_observed,INE200A01026,2016-09-14
GET&D,GVT&D,same_isin_observed,INE200A01026,2025-01-06
SHRINATRAJ,DALMIAREF,same_isin_observed,INE200F01017,2014-05-22
THINKSOFT,SQSBFSI,same_isin_observed,INE201K01015,2014-09-30
SQSBFSI,EXPLEOSOL,same_isin_observed,INE201K01015,2019-05-02
SUNDARMHLD,TSFINV,same_isin_observed,INE202Z01029,2025-10-16
SESAGOA,SSLT,same_isin_observed,INE205A01025,2013-10-04
SSLT,VEDL,same_isin_observed,INE205A01025,2015-05-07
AEGISCHEM,AEGISLOG,same_isin_observed,INE208C01025,2024-06-07
ATFL,SUNDROP,same_isin_observed,INE209A01019,2025-03-28
CEBBCO,JWL,same_isin_observed,INE209L01016,2022-06-20
LTI,LTIM,same_isin_observed,INE214T01019,2022-12-05
LTIM,LTM,same_isin_observed,INE214T01019,2026-02-27
ZUARIGLOB,ZUARIIND,same_isin_observed,INE217A01012,2022-07-04
GREENFIRE,PROSEED,same_isin_observed,INE217G01027,2018-10-16
PROINDIA,EQUIPPP,same_isin_observed,INE217G01035,2021-11-30
FOURSOFT,PALRED,same_isin_observed,INE218G01017,2014-03-03
KALPATPOWR,KPIL,same_isin_observed,INE220B01022,2023-06-06
FVIL,FCEL,same_isin_observed,INE220J01025,2013-10-17
FCEL,FCONSUMER,same_isin_observed,INE220J01025,2016-10-25
STAMPEDE,GATECH,same_isin_observed,INE224E01028,2023-12-12
SCAPDVR,GATECHDVR,same_isin_observed,INE224E01036,2023-12-11
OMMETALS,OMINFRAL,same_isin_observed,INE239D01028,2021-02-10
LLOYDELENG,LEEL,same_isin_observed,INE245C01019,2017-06-19
FEDDERLOYD,FEDDERELEC,same_isin_observed,INE249C01011,2017-06-13
ESSELPACK,EPL,same_isin_observed,INE255A01020,2020-10-19
GOLDINFRA,OLECTRA,same_isin_observed,INE260D01016,2018-07-26
LAXMIMACH,LMW,same_isin_observed,INE269B01029,2024-10-10
SURANAVEL,SURANASOL,same_isin_observed,INE272L01014,2014-11-19
AARVEEDEN,VGL,same_isin_observed,INE273D01019,2025-12-01
IBSEC,IBVENTURES,same_isin_observed,INE274G01010,2015-04-01
IBVENTURES,DHANI,same_isin_observed,INE274G01010,2020-10-28
PAPERPROD,HUHTAMAKI,same_isin_observed,INE275B01026,2020-11-26
HOTELRUGBY,UNIVAFOODS,same_isin_observed,INE275F01019,2023-09-18
GARWALLROP,GARFIBRES,same_isin_observed,INE276A01018,2018-08-13
KARDA,KBCGLOBAL,same_isin_observed,INE278R01034,2021-12-16
ATLANTA,ATLANTAA,same_isin_observed,INE285H01022,2024-03-18
TIMESGTY,TEAMGTY,same_isin_observed,INE289C01025,2025-11-17
LLOYDSTEEL,UTTAMVALUE,same_isin_observed,INE292A01015,2013-04-29
HBLPOWER,HBLENGINE,same_isin_observed,INE292B01021,2024-12-23
SMLISUZU,SMLMAH,same_isin_observed,INE294B01019,2025-11-10
NAGAAGRI,NACLIND,same_isin_observed,INE295D01020,2017-09-29
RNAM,NAM-INDIA,same_isin_observed,INE298J01013,2020-01-23
MUDRA,ELAND,same_isin_observed,INE311H01018,2015-03-13
RAIREKMOH,MOHOTAMILL,same_isin_observed,INE313D01013,2017-08-01
MOHOTAMILL,MOHOTAIND,same_isin_observed,INE313D01013,2017-12-26
ZENITHBIR,ZENITHSTL,same_isin_observed,INE318D01020,2021-01-11
THEBYKE,BYKE,same_isin_observed,INE319B01014,2015-04-15
SMSLIFE,HALEOSLABS,same_isin_observed,INE320X01016,2025-11-26
MADRASCEM,RAMCOCEM,same_isin_observed,INE331A01037,2013-09-30
SUJANATWR,NTL,same_isin_observed,INE333I01036,2017-02-17
WABCOINDIA,ZFCVINDIA,same_isin_observed,INE342J01019,2022-04-01
HINDUJAVEN,NXTDIGITAL,same_isin_observed,INE353A01023,2019-11-11
NXTDIGITAL,NDLVENTURE,same_isin_observed,INE353A01023,2023-05-09
BARBEQUE,UFBL,same_isin_observed,INE382M01027,2025-10-13
TCLCONS,TICL,same_isin_observed,INE388G01026,2025-02-07
KIL,KAMDHENU,same_isin_observed,INE390H01012,2016-03-18
JTLINFRA,JTLIND,same_isin_observed,INE391J01024,2022-11-21
MRO-TEK,UMIYA-MRO,same_isin_observed,INE398B01018,2025-04-15
IBPOW,RTNPOWER,same_isin_observed,INE399K01017,2014-11-20
ADANIGAS,ATGL,same_isin_observed,INE399L01023,2021-01-13
MINDAIND,UNOMINDA,same_isin_observed,INE405E01023,2022-08-05
HSIL,AGI,same_isin_observed,INE415A01038,2022-05-11
SABTNL,AQYLON,same_isin_observed,INE416A01044,2026-02-23
SEINV,PAISALO,same_isin_observed,INE420C01042,2018-01-24
AHMEDFORGE,METALFORGE,same_isin_observed,INE425A01011,2015-06-01
LYCOS,BCG,same_isin_observed,INE425B01027,2018-10-08
CESCVENT,RPSGVENT,same_isin_observed,INE425Y01011,2021-02-01
HORIZONINF,SKIL,same_isin_observed,INE429F01012,2014-03-24
PERIATEA,PKTEA,same_isin_observed,INE431F01018,2015-10-20
APPAPER,IPAPPM,same_isin_observed,INE435A01028,2014-01-21
IPAPPM,ANDPAPER,same_isin_observed,INE435A01028,2020-01-22
ANDPAPER,ANDHRAPAP,same_isin_observed,INE435A01028,2020-03-05
DALMIABEL,DALMIABHA,same_isin_observed,INE439L01019,2013-01-09
PITTILAM,PITTIENG,same_isin_observed,INE450D01021,2018-06-06
MAXWELL,VIPCLOTHNG,same_isin_observed,INE450G01024,2016-12-21
ADHUNIKIND,INCREDIBLE,same_isin_observed,INE452L01012,2021-05-20
HALONIX,PHOENIXLL,same_isin_observed,INE455B01016,2013-10-30
GANESHHOUC,GANESHHOU,same_isin_observed,INE460C01014,2025-09-15
IIFLWAM,360ONE,same_isin_observed,INE466L01020,2023-01-23
BOC,LINDEINDIA,same_isin_observed,INE473A01011,2013-04-10
HYDROS&S,KINGFA,same_isin_observed,INE473D01015,2016-11-15
DPTL,DPL,same_isin_observed,INE477B01010,2014-11-12
DPL,DVL,same_isin_observed,INE477B01010,2019-01-02
KRITIIND,KRITI,same_isin_observed,INE479D01038,2021-11-01
ACRYSIL,CARYSIL,same_isin_observed,INE482D01024,2022-11-18
GAL,SHAH,same_isin_observed,INE482J01021,2023-07-03
INFIBEAM,CCAVENUE,same_isin_observed,INE483S01020,2026-02-03
TIDEWATER,VEEDOL,same_isin_observed,INE484C01030,2024-10-09
IIFLSEC,IIFLCAPS,same_isin_observed,INE489L01022,2024-12-03
CLNINDIA,HEUBACHIND,same_isin_observed,INE492A01029,2023-03-10
HEUBACHIND,SUDARCOLOR,same_isin_observed,INE492A01029,2026-01-20
SALONACOT,SALONA,same_isin_observed,INE498E01010,2016-06-16
L&TFH,LTF,same_isin_observed,INE498L01015,2024-04-23
DCMSRMCONS,DCMSHRIRAM,same_isin_observed,INE499A01024,2014-03-13
DCB,DCBBANK,same_isin_observed,INE503A01015,2014-01-15
DHARAMSI,DMCC,same_isin_observed,INE505A01010,2022-11-02
MAGMA,POONAWALLA,same_isin_observed,INE511C01022,2021-09-13
FAGBEARING,SCHAEFFLER,same_isin_observed,INE513A01014,2017-08-01
CAREERP,CPCAP,same_isin_observed,INE521J01018,2025-03-20
SIGNETIND,SIGNET,same_isin_observed,INE529F01019,2015-03-13
INDIAINFO,IIFL,same_isin_observed,INE530B01024,2014-03-13
MAHINDFORG,MAHINDCIE,same_isin_observed,INE536H01010,2013-12-17
MAHINDCIE,CIEINDIA,same_isin_observed,INE536H01010,2023-06-19
GUJFLUORO,GFLLIMITED,same_isin_observed,INE538A01037,2019-07-25
PIPAVAVDOC,RDEL,same_isin_observed,INE542F01012,2016-03-18
RDEL,RNAVAL,same_isin_observed,INE542F01012,2017-09-18
KPIGLOBAL,KPIGREEN,same_isin_observed,INE542W01017,2022-04-27
AXIS-IT&T,AXISCADES,same_isin_observed,INE555B01013,2014-10-08
HIL,BIRLANU,same_isin_observed,INE557A01011,2025-04-09
SHARRESLTD,CREST,same_isin_observed,INE559D01011,2014-11-17
URAVI,URAVIDEF,same_isin_observed,INE568Z01015,2025-01-16
ORIENTABRA,ORIENTCER,same_isin_observed,INE569C01020,2023-10-16
ARROWCOAT,ARROWGREEN,same_isin_observed,INE570D01018,2016-05-11
SAHPETRO,GULFPETRO,same_isin_observed,INE586G01017,2015-05-06
KEERTI,GTECJAINX,same_isin_observed,INE586X01012,2023-12-26
NEYVELILIG,NLCINDIA,same_isin_observed,INE589A01014,2016-08-04
NIITTECH,COFORGE,same_isin_observed,INE591G01017,2020-08-20
HOVS,HGM,same_isin_observed,INE596H01014,2025-12-02
PILIND,PILITA,same_isin_observed,INE600A01027,2015-09-03
PHILIPCARB,PCBL,same_isin_observed,INE602A01023,2022-01-13
PDUMJEPULP,AMJLAND,same_isin_observed,INE606A01024,2018-01-19
TWL,TITAGARH,same_isin_observed,INE615H01020,2023-06-19
DHANVARSHA,TRU,same_isin_observed,INE615R01029,2022-09-01
REVATHI,SEMAC,same_isin_observed,INE617A01013,2024-01-15
ANANDAMRUB,BALAXI,same_isin_observed,INE618N01014,2019-03-19
RUCHI,PATANJALI,same_isin_observed,INE619A01035,2023-11-01
A2ZMES,A2ZINFRA,same_isin_observed,INE619I01012,2014-12-31
PANTALOONR,FRL,same_isin_observed,INE623B01027,2013-04-11
FRL,FEL,same_isin_observed,INE623B01027,2016-05-25
WELPROJ,WELENT,same_isin_observed,INE625G01013,2015-06-24
UNIPHOS,UPL,same_isin_observed,INE628A01036,2013-10-23
VIDHIDYE,VIDHIING,same_isin_observed,INE632C01026,2017-03-01
KAVVERITEL,KAVDEFENCE,same_isin_observed,INE641C01019,2025-09-09
SONASTEER,JTEKTINDIA,same_isin_observed,INE643A01035,2018-04-23
PFRL,ABFRL,same_isin_observed,INE647O01011,2016-01-29
8KMILES,SECURKLOUD,same_isin_observed,INE650K01021,2021-02-02
SWANENERGY,SWANCORP,same_isin_observed,INE665A01038,2025-09-04
BOROSIL,BORORENEW,same_isin_observed,INE666D01022,2020-02-20
BHARTISHIP,BHARATIDIL,same_isin_observed,INE673G01013,2016-03-14
TATASPONGE,TATASTLLP,same_isin_observed,INE674A01014,2019-09-03
AGCNET,BBOX,same_isin_observed,INE676A01019,2021-12-03
DEEPIND,DEEPENR,same_isin_observed,INE677H01012,2020-09-30
KEYCORPSER,KEYFINSERV,same_isin_observed,INE681C01015,2019-05-03
ITDCEM,CEMPRO,same_isin_observed,INE686A01026,2025-09-17
EXCELINFO,EXCEL,same_isin_observed,INE688J01015,2015-05-05
JUBILANT,JUBLPHARMA,same_isin_observed,INE700A01033,2021-02-18
CINEPRO,CINELINE,same_isin_observed,INE704H01022,2013-08-23
TIPSINDLTD,TIPSMUSIC,same_isin_observed,INE716B01029,2024-09-30
SRTRANSFIN,SHRIRAMFIN,same_isin_observed,INE721A01013,2022-12-20
RJL,RGL,same_isin_observed,INE722H01016,2019-04-08
NBVENTURES,NAVA,same_isin_observed,INE725A01022,2022-07-29
WEIZFOREX,EBIXFOREX,same_isin_observed,INE726L01019,2020-05-27
EBIXFOREX,DELPHIFX,same_isin_observed,INE726L01019,2021-09-01
ANGELBRKG,ANGELONE,same_isin_observed,INE732I01013,2021-11-11
SEPOWER,SAMPANN,same_isin_observed,INE735M01018,2023-10-30
SPHEREGSL,ADROITINFO,same_isin_observed,INE737B01033,2018-04-19
MODISNME,MODISONLTD,same_isin_observed,INE737D01021,2022-08-16
DYNATECH,DUCON,same_isin_observed,INE741L01018,2016-05-11
AIONJSW,JSWISPL,same_isin_observed,INE743C01021,2020-10-12
ORIENTREF,RHIM,same_isin_observed,INE743M01012,2021-07-22
ORTINLAB,ORTINGLOBE,same_isin_observed,INE749B01020,2024-09-03
SHIV-VANI,SVOGL,same_isin_observed,INE756B01017,2015-10-23
COSMOFILMS,COSMOFIRST,same_isin_observed,INE757A01017,2022-07-25
SHREYAS,TRANSWORLD,same_isin_observed,INE757B01015,2024-10-23
ZOMATO,ETERNAL,same_isin_observed,INE758T01015,2025-04-09
TMRVL,HEADSUP,same_isin_observed,INE759V01019,2022-07-18
TRIL,TARIL,same_isin_observed,INE763I01026,2025-02-01
MOTHERSUMI,MOTHERSON,same_isin_observed,INE775A01035,2022-06-09
GMRINFRA,GMRAIRPORT,same_isin_observed,INE776C01039,2024-12-11
NATHSEED,TECHIN,same_isin_observed,INE778A01021,2015-02-23
EMAMIINFRA,EMAMIREAL,same_isin_observed,INE778K01012,2018-11-15
HITACHIHOM,JCHAC,same_isin_observed,INE782A01015,2016-09-12
JCHAC,BOSCH-HCIL,same_isin_observed,INE782A01015,2025-12-24
BHAGWATIHO,TGBHOTELS,same_isin_observed,INE797H01018,2013-05-31
BIRLAERIC,BIRLACABLE,same_isin_observed,INE800A01015,2016-11-22
LINCPEN,LINC,same_isin_observed,INE802B01019,2021-12-20
VIKASGLOB,VIKASECO,same_isin_observed,INE806A01020,2015-12-21
SEQUENT,VIYASH,same_isin_observed,INE807F01027,2026-01-23
SELAN,ANTELOPUS,same_isin_observed,INE818A01017,2025-09-22
DAAWAT,LTFOODS,same_isin_observed,INE818H01020,2023-11-06
BHUSANSTL,TATASTLBSL,same_isin_observed,INE824B01021,2018-12-10
JINDALSWHL,JSWHL,same_isin_observed,INE824G01012,2013-07-30
MANAKINDST,BKMINDST,same_isin_observed,INE831Q01016,2017-11-23
IBIPL,RTNINFRA,same_isin_observed,INE834M01019,2014-11-20
RTNINFRA,RTNINDIA,same_isin_observed,INE834M01019,2021-04-07
ALLSEC,ALLDIGI,same_isin_observed,INE835G01018,2024-09-27
KPIT,BSOFT,same_isin_observed,INE836A01035,2019-02-26
LOGIXMICRO,IZMO,same_isin_observed,INE848A01014,2015-05-15
MCDOWELL-N,UNITDSPR,same_isin_observed,INE854D01024,2024-06-07
RAINCOM,RAIN,same_isin_observed,INE855B01025,2013-08-23
AVANTI,AVANTIFEED,same_isin_observed,INE871C01012,2015-04-15
NANDANEXIM,NDL,same_isin_observed,INE875G01030,2013-11-21
NIRVIKARA,BALKRISHNA,same_isin_observed,INE875R01011,2016-09-06
AIL,GEPIL,same_isin_observed,INE878A01011,2016-09-14
GEPIL,GVPIL,same_isin_observed,INE878A01011,2025-08-28
AMARAJABAT,ARE&M,same_isin_observed,INE885A01032,2023-10-27
MAJESCO,AURUM,same_isin_observed,INE898S01029,2021-10-22
MBSWITCH,UJAAS,same_isin_observed,INE899L01022,2013-09-23
ASTERSILI,SHRIASTER,same_isin_observed,INE900K01012,2014-02-24
TTKHEALTH,TTKHLTCARE,same_isin_observed,INE910C01018,2015-12-02
FORTUNEFIN,THEINVEST,same_isin_observed,INE924D01017,2018-07-25
GODHA,AURIGROW,same_isin_observed,INE925Y01036,2025-10-17
SMOBILITY,SPICEMOBI,same_isin_observed,INE927C01020,2014-08-19
SPICEMOBI,DIGISPICE,same_isin_observed,INE927C01020,2019-09-17
AANJANEYA,DRDATSONS,same_isin_observed,INE928K01013,2013-09-02
ADANITRANS,ADANIENSOL,same_isin_observed,INE931S01010,2023-08-24
MEGASOFT,SIGMAADV,same_isin_observed,INE933B01012,2026-02-09
BAJAJCORP,BAJAJCON,same_isin_observed,INE933K01021,2019-01-15
LANCOIN,SRIPIPES,same_isin_observed,INE943C01027,2014-12-17
VIPUL,VIPULLTD,same_isin_observed,INE946H01037,2015-04-23
ADI,FAIRCHEM,same_isin_observed,INE959A01019,2017-01-19
FAIRCHEM,PRIVISCL,same_isin_observed,INE959A01019,2020-10-14
SHRIRAMEPC,SEPC,same_isin_observed,INE964H01014,2022-03-09
SITICABLE,SITINET,same_isin_observed,INE965H01011,2016-08-17
DOLAT,DOLATALGO,same_isin_observed,INE966A01022,2021-12-20
ZEENEWS,ZEEMEDIA,same_isin_observed,INE966H01019,2013-07-30
JUMPNET,WINPRO,same_isin_observed,INE974C01022,2021-12-22
NUCENT,PRESSMN,same_isin_observed,INE980A01023,2013-09-11
CREATIVE,CNL,same_isin_observed,INE985W01018,2025-12-10
KSBPUMPS,KSB,same_isin_observed,INE999A01015,2018-10-23
NIFETF,INIFTY,same_isin_observed,INF109K012R6,2014-05-05
INIFTY,NIFTYIWIN,same_isin_observed,INF109K012R6,2016-07-25
NIFTYIWIN,ICICINIFTY,same_isin_observed,INF109K012R6,2018-04-10
ICICINIFTY,NIFTYIETF,same_isin_observed,INF109K012R6,2023-12-20
IPGETF,IGOLD,same_isin_observed,INF109K01FV4,2014-05-05
ICCNX100,ICNX100,same_isin_observed,INF109KA1962,2014-05-05
ICNX100,NIF100IWIN,same_isin_observed,INF109KA1962,2016-07-25
NIF100IWIN,ICICINF100,same_isin_observed,INF109KA1962,2018-04-10
ICICINF100,NIF100IETF,same_isin_observed,INF109KA1962,2023-12-20
LOWVOLIWIN,ICICILOVOL,same_isin_observed,INF109KB10T8,2018-04-10
ICICILOVOL,LOWVOLIETF,same_isin_observed,INF109KB10T8,2023-12-20
BHARATIWIN,ICICIB22,same_isin_observed,INF109KB15Y7,2018-04-19
IGOLD,GOLDIWIN,same_isin_observed,INF109KB1WF4,2016-07-25
GOLDIWIN,ICICIGOLD,same_isin_observed,INF109KB1WF4,2018-04-10
INV20,NV20IWIN,same_isin_observed,INF109KB1WY5,2016-07-26
NV20IWIN,ICICINV20,same_isin_observed,INF109KB1WY5,2018-04-10
ICICINV20,NV20IETF,same_isin_observed,INF109KB1WY5,2023-12-20
IMIDCAP,MIDCAPIWIN,same_isin_observed,INF109KB1XT3,2016-07-25
MIDCAPIWIN,ICICIMCAP,same_isin_observed,INF109KB1XT3,2018-04-10
ICICIMCAP,MIDSELIETF,same_isin_observed,INF109KB1XT3,2023-12-20
PSUBANKICI,PSUBNKIETF,same_isin_observed,INF109KC10S8,2023-12-20
ICICI5GSEC,GSEC5IETF,same_isin_observed,INF109KC14A8,2023-12-20
ICICIBANKN,BANKIETF,same_isin_observed,INF109KC15I8,2023-12-20
ICICIQTY30,QUAL30IETF,same_isin_observed,INF109KC15T5,2023-12-20
ICICIINFRA,INFRAIETF,same_isin_observed,INF109KC16E5,2023-12-20
ICICITECH,ITIETF,same_isin_observed,INF109KC16I6,2023-12-20
ICICIMOM30,MOM30IETF,same_isin_observed,INF109KC17C7,2023-12-20
ICICIFIN,FINIETF,same_isin_observed,INF109KC17L8,2023-12-20
ICICI10GS,GSEC10IETF,same_isin_observed,INF109KC18O0,2023-12-20
ICICICOMMO,COMMOIETF,same_isin_observed,INF109KC19O8,2023-12-20
IPRU5008,ICICIBANKN,same_isin_observed,INF109KC1E27,2019-07-19
ICICIBANKP,PVTBANIETF,same_isin_observed,INF109KC1E35,2023-12-20
ICICIM150,MIDCAPIETF,same_isin_observed,INF109KC1G82,2023-12-20
ICICILIQ,LIQUIDIETF,same_isin_observed,INF109KC1KT9,2023-12-20
ICICIALPLV,ALPL30IETF,same_isin_observed,INF109KC1N59,2023-12-20
ICICINXT50,NEXT50IETF,same_isin_observed,INF109KC1NS5,2023-12-20
ICICIGOLD,GOLDIETF,same_isin_observed,INF109KC1NT3,2023-12-20
ICICIPHARM,HEALTHIETF,same_isin_observed,INF109KC1Q72,2023-12-20
ICICIFMCG,FMCGIETF,same_isin_observed,INF109KC1R48,2023-12-20
ICICICONSU,CONSUMIETF,same_isin_observed,INF109KC1V42,2023-12-20
ICICI500,BSE500IETF,same_isin_observed,INF109KC1V59,2023-12-20
ICICIAUTO,AUTOIETF,same_isin_observed,INF109KC1Y49,2023-12-20
ICICISILVE,SILVERIETF,same_isin_observed,INF109KC1Y56,2023-12-20
KOTAKNIFTY,NIFTY1,same_isin_observed,INF174K014P6,2024-03-20
KOTAKBKETF,BANKNIFTY1,same_isin_observed,INF174K01F59,2024-03-20
KTKNV20ETF,KOTAKNV20,same_isin_observed,INF174K01Z71,2015-12-21
KOTAKNV20,NV20,same_isin_observed,INF174K01Z71,2024-03-20
KOTAKIT,IT,same_isin_observed,INF174KA1GC5,2024-03-20
KOTAKGOLD,GOLD1,same_isin_observed,INF174KA1HJ8,2024-04-16
KOTAKALPHA,ALPHA,same_isin_observed,INF174KA1IA5,2024-03-20
KOTAKMID50,MIDCAP,same_isin_observed,INF174KA1IB3,2024-03-20
KOTAKLOVOL,LOWVOL1,same_isin_observed,INF174KA1IY5,2024-03-20
KOTAKCONS,CONS,same_isin_observed,INF174KA1JE5,2024-03-20
KOTAKMNC,MNC,same_isin_observed,INF174KA1JF2,2024-03-20
KOTAKSILVE,SILVER1,same_isin_observed,INF174KA1KU9,2024-04-16
KOTAKLIQ,LIQUID1,same_isin_observed,INF174KA1LV5,2024-03-20
QUALITY,QUALITY30,same_isin_observed,INF174KA1WT6,2025-07-21
HDFCNIFETF,HDFCNIFTY,same_isin_observed,INF179KC1965,2023-06-16
HDFCSENETF,HDFCSENSEX,same_isin_observed,INF179KC1973,2023-06-16
HDFCMFGETF,HDFCGOLD,same_isin_observed,INF179KC1981,2023-06-16
HBANKETF,HDFCNIFBAN,same_isin_observed,INF179KC1AN8,2023-06-16
SBIGETS,SETFGOLD,same_isin_observed,INF200K01099,2015-11-24
SETFBANK,SETFNIFBK,same_isin_observed,INF200KA1580,2015-11-24
SETFNIFJR,SETFNN50,same_isin_observed,INF200KA1598,2015-11-26
SETFNIFTY,SETFNIF50,same_isin_observed,INF200KA1FS1,2015-11-24
RELCNX100,NETFNIF100,same_isin_observed,INF204K014N5,2019-10-30
NETFNIF100,NIF100BEES,same_isin_observed,INF204K014N5,2022-05-10
RELNV20,NETFNV20,same_isin_observed,INF204KA17D8,2019-10-30
RELCONS,NETFCONSUM,same_isin_observed,INF204KA1LD7,2019-10-30
NETFCONSUM,CONSUMBEES,same_isin_observed,INF204KA1LD7,2022-05-10
RELDIVOPP,NETFDIVOPP,same_isin_observed,INF204KA1MS3,2019-10-30
NETFDIVOPP,DIVOPPBEES,same_isin_observed,INF204KA1MS3,2022-05-10
NETFIT,ITBEES,same_isin_observed,INF204KB15V2,2022-05-10
RRSLGETF,NETFLTGILT,same_isin_observed,INF204KB1882,2019-10-30
NETFLTGILT,LTGILTBEES,same_isin_observed,INF204KB1882,2022-05-10
NETFNV20,NV20BEES,same_isin_observed,INF204KB18I3,2022-05-10
NCPSESDL24,SDL24BEES,same_isin_observed,INF204KB18W4,2022-05-10
RETFMID150,NETFMID150,same_isin_observed,INF204KB1V68,2019-10-30
NETFMID150,MID150BEES,same_isin_observed,INF204KB1V68,2022-05-10
NETFSDL26,SDL26BEES,same_isin_observed,INF204KC1022,2022-05-10
NETFGILT5Y,GILT5YBEES,same_isin_observed,INF204KC1030,2022-05-10
NETFPHARMA,PHARMABEES,same_isin_observed,INF204KC1089,2022-05-10
NETFAUTO,AUTOBEES,same_isin_observed,INF204KC1337,2022-05-10
NETFSILVER,SILVERBEES,same_isin_observed,INF204KC1402,2022-05-10
RELIGAREGO,IVZINGOLD,same_isin_observed,INF205K01361,2016-06-23
RELGRNIFTY,IVZINNIFTY,same_isin_observed,INF205K01DA9,2016-06-23
M100,MOM100,same_isin_observed,INF247L01023,2021-06-16
N100,MON100,same_isin_observed,INF247L01031,2021-06-16
M50,MOM50,same_isin_observed,INF247L01536,2021-06-16
G5,MOGSEC,same_isin_observed,INF247L01AK4,2021-06-16
SPICE,ISENSEX,same_isin_observed,INF346A01034,2014-08-18
ISENSEX,SENSEXIWIN,same_isin_observed,INF346A01034,2016-07-25
SENSEXIWIN,ICICISENSX,same_isin_observed,INF346A01034,2018-04-10
ICICISENSX,SENSEXIETF,same_isin_observed,INF346A01034,2023-12-20
KOTAKPSUBK,PSUBANK,same_isin_observed,INF373I01023,2024-03-20
IDBIGOLD,LICMFGOLD,same_isin_observed,INF397L01554,2023-07-31
GROWEV,GROWWEV,same_isin_observed,INF666M01IH2,2024-08-23
DSPN50ETF,NIFTY50ADD,same_isin_observed,INF740KA1CL0,2024-02-15
NIFTY50ADD,NIFTYADD,same_isin_observed,INF740KA1CL0,2025-12-15
DSPNEWETF,EQUAL50ADD,same_isin_observed,INF740KA1QK2,2024-02-15
DSPQ50ETF,MIDQ50ADD,same_isin_observed,INF740KA1QL0,2024-02-15
DSPSILVETF,SILVERADD,same_isin_observed,INF740KA1RE3,2024-02-15
DSPBANKETF,BANKETFADD,same_isin_observed,INF740KA1RX3,2024-02-15
BANKETFADD,BANKADD,same_isin_observed,INF740KA1RX3,2025-12-15
DSPGOLDETF,GOLDETFADD,same_isin_observed,INF740KA1SW3,2024-02-15
GOLDETFADD,GOLDADD,same_isin_observed,INF740KA1SW3,2025-12-15
DSPITETF,ITETFADD,same_isin_observed,INF740KA1SX1,2024-02-15
ITETFADD,ITADD,same_isin_observed,INF740KA1SX1,2025-12-15
DSPPSBKETF,PSUBANKADD,same_isin_observed,INF740KA1SY9,2024-02-15
DSPSENXETF,SENSEXADD,same_isin_observed,INF740KA1SZ6,2024-02-15
DSPPVBKETF,PVTBANKADD,same_isin_observed,INF740KA1TA7,2024-02-15
LICNMFET,LICNETFGSC,same_isin_observed,INF767K01MV5,2015-12-30
LICNFENGP,LICNETFN50,same_isin_observed,INF767K01OS7,2016-01-15
MAN50ETF,NIFTYETF,same_isin_observed,INF769K01EG9,2023-09-01
MANXT50,NEXT50,same_isin_observed,INF769K01FN2,2023-09-01
MAESGETF,ESG,same_isin_observed,INF769K01GS9,2023-09-01
MAFSETF,BFSI,same_isin_observed,INF769K01HI8,2023-09-01
MAMFGETF,MAKEINDIA,same_isin_observed,INF769K01IB1,2023-09-01
MAM150ETF,MIDCAPETF,same_isin_observed,INF769K01IC9,2023-09-01
MAGOLDETF,GOLDETF,same_isin_observed,INF769K01JP9,2023-09-01
MANV30F,LOWVOL,same_isin_observed,INF769K01JU9,2023-09-01
MAGS813ETF,GSEC10YEAR,same_isin_observed,INF769K01KF8,2023-09-04
MASILVER,SILVRETF,same_isin_observed,INF769K01KG6,2023-09-01
SILVRETF,SILVERAG,same_isin_observed,INF769K01KG6,2025-09-15
UTISXN50,SNXT50BETA,same_isin_observed,INF789F1AUU3,2025-12-24
UTIBANKETF,BANKBETA,same_isin_observed,INF789F1AUV1,2025-12-24
UTINEXT50,NEXT50BETA,same_isin_observed,INF789F1AUW9,2025-12-24
GOLDSHARE,GOLDBETA,same_isin_observed,INF789F1AUX7,2025-12-24
SILVERETF,SILVERBETA,same_isin_observed,INF789F1AYK6,2025-12-24
NIFMID150,MIDCAPBETA,same_isin_observed,INF789F1AYX9,2025-12-24
UTINIFTETF,NIFTYBETA,same_isin_observed,INF789F1AZC0,2025-12-24
NIFITETF,ITBETA,same_isin_observed,INF789F1AZD8,2025-12-24
NIF5GETF,GILT5BETA,same_isin_observed,INF789F1AZE6,2025-12-24
NIF10GETF,GILT10BETA,same_isin_observed,INF789F1AZF3,2025-12-24
UTISENSETF,SENSEXBETA,same_isin_observed,INF789FB1X58,2025-12-24
